2026-05-19 09:43:56.6698 [INFO] TapHoa.Api.Program - Starting TapHoa API 
2026-05-19 09:43:57.3918 [ERROR] TapHoa.Api.Program - Application stopped due to exception System.IO.DirectoryNotFoundException: C:\code\dotnet\TapHoa2\src\Presentation\TapHoa.Api\storage\
   at Microsoft.Extensions.FileProviders.PhysicalFileProvider..ctor(String root, ExclusionFilters filters)
   at Program.<Main>$(String[] args) in C:\code\dotnet\TapHoa2\src\Presentation\TapHoa.Api\Program.cs:line 53
2026-05-19 09:45:35.5492 [INFO] TapHoa.Api.Program - Starting TapHoa API 
2026-05-19 09:45:43.5472 [WARN] LuckyPennySoftware.MediatR.License - You do not have a valid license key for the Lucky Penny software MediatR. This is allowed for development and testing scenarios. If you are running in production you are required to have a licensed version. Please visit https://luckypennysoftware.com to obtain a valid license. 
2026-05-19 09:45:43.5472 [WARN] LuckyPennySoftware.MediatR.License - You do not have a valid license key for the Lucky Penny software MediatR. This is allowed for development and testing scenarios. If you are running in production you are required to have a licensed version. Please visit https://luckypennysoftware.com to obtain a valid license. 
2026-05-19 09:45:49.3975 [ERROR] Microsoft.EntityFrameworkCore.Database.Connection - An error occurred using the connection to database 'taphoa2_db' on server 'tcp://localhost:5432'. 
2026-05-19 09:45:49.3975 [ERROR] Microsoft.EntityFrameworkCore.Database.Connection - An error occurred using the connection to database 'taphoa2_db' on server 'tcp://localhost:5432'. 
2026-05-19 09:45:49.4237 [ERROR] Microsoft.EntityFrameworkCore.Query - An exception occurred while iterating over the results of a query for context type 'TapHoa.Persistence.Data.AppDbContext'.
System.InvalidOperationException: An exception has been raised that is likely due to a transient failure.
 ---> Npgsql.NpgsqlException (0x80004005): Failed to connect to 127.0.0.1:5432
 ---> System.Net.Sockets.SocketException (10061): No connection could be made because the target machine actively refused it.
   at System.Net.Sockets.Socket.AwaitableSocketAsyncEventArgs.ThrowException(SocketError error, CancellationToken cancellationToken)
   at System.Net.Sockets.Socket.AwaitableSocketAsyncEventArgs.System.Threading.Tasks.Sources.IValueTaskSource.GetResult(Int16 token)
   at Npgsql.Internal.NpgsqlConnector.ConnectAsync(NpgsqlTimeout timeout, CancellationToken cancellationToken)
   at Npgsql.Internal.NpgsqlConnector.ConnectAsync(NpgsqlTimeout timeout, CancellationToken cancellationToken)
   at Npgsql.Internal.NpgsqlConnector.RawOpen(NpgsqlTimeout timeout, Boolean async, CancellationToken cancellationToken)
   at Npgsql.Internal.NpgsqlConnector.<Open>g__OpenCore|209_0(NpgsqlConnector conn, String username, SslMode sslMode, GssEncryptionMode gssEncMode, NpgsqlTimeout timeout, Boolean async, CancellationToken cancellationToken)
   at Npgsql.Internal.NpgsqlConnector.Open(NpgsqlTimeout timeout, Boolean async, CancellationToken cancellationToken)
   at Npgsql.PoolingDataSource.OpenNewConnector(NpgsqlConnection conn, NpgsqlTimeout timeout, Boolean async, CancellationToken cancellationToken)
   at Npgsql.PoolingDataSource.<Get>g__RentAsync|33_0(NpgsqlConnection conn, NpgsqlTimeout timeout, Boolean async, CancellationToken cancellationToken)
   at Npgsql.NpgsqlConnection.<Open>g__OpenAsync|42_0(Boolean async, CancellationToken cancellationToken)
   at Microsoft.EntityFrameworkCore.Storage.RelationalConnection.OpenInternalAsync(Boolean errorsExpected, CancellationToken cancellationToken)
   at Microsoft.EntityFrameworkCore.Storage.RelationalConnection.OpenInternalAsync(Boolean errorsExpected, CancellationToken cancellationToken)
   at Microsoft.EntityFrameworkCore.Storage.RelationalConnection.OpenAsync(CancellationToken cancellationToken, Boolean errorsExpected)
   at Microsoft.EntityFrameworkCore.Storage.RelationalCommand.ExecuteReaderAsync(RelationalCommandParameterObject parameterObject, CancellationToken cancellationToken)
   at Microsoft.EntityFrameworkCore.Query.Internal.SplitQueryingEnumerable`1.AsyncEnumerator.InitializeReaderAsync(AsyncEnumerator enumerator, CancellationToken cancellationToken)
   at Npgsql.EntityFrameworkCore.PostgreSQL.Storage.Internal.NpgsqlExecutionStrategy.ExecuteAsync[TState,TResult](TState state, Func`4 operation, Func`4 verifySucceeded, CancellationToken cancellationToken)
   --- End of inner exception stack trace ---
   at Npgsql.EntityFrameworkCore.PostgreSQL.Storage.Internal.NpgsqlExecutionStrategy.ExecuteAsync[TState,TResult](TState state, Func`4 operation, Func`4 verifySucceeded, CancellationToken cancellationToken)
   at Microsoft.EntityFrameworkCore.Query.Internal.SplitQueryingEnumerable`1.AsyncEnumerator.MoveNextAsync() System.InvalidOperationException: An exception has been raised that is likely due to a transient failure.
 ---> Npgsql.NpgsqlException (0x80004005): Failed to connect to 127.0.0.1:5432
 ---> System.Net.Sockets.SocketException (10061): No connection could be made because the target machine actively refused it.
   at System.Net.Sockets.Socket.AwaitableSocketAsyncEventArgs.ThrowException(SocketError error, CancellationToken cancellationToken)
   at System.Net.Sockets.Socket.AwaitableSocketAsyncEventArgs.System.Threading.Tasks.Sources.IValueTaskSource.GetResult(Int16 token)
   at Npgsql.Internal.NpgsqlConnector.ConnectAsync(NpgsqlTimeout timeout, CancellationToken cancellationToken)
   at Npgsql.Internal.NpgsqlConnector.ConnectAsync(NpgsqlTimeout timeout, CancellationToken cancellationToken)
   at Npgsql.Internal.NpgsqlConnector.RawOpen(NpgsqlTimeout timeout, Boolean async, CancellationToken cancellationToken)
   at Npgsql.Internal.NpgsqlConnector.<Open>g__OpenCore|209_0(NpgsqlConnector conn, String username, SslMode sslMode, GssEncryptionMode gssEncMode, NpgsqlTimeout timeout, Boolean async, CancellationToken cancellationToken)
   at Npgsql.Internal.NpgsqlConnector.Open(NpgsqlTimeout timeout, Boolean async, CancellationToken cancellationToken)
   at Npgsql.PoolingDataSource.OpenNewConnector(NpgsqlConnection conn, NpgsqlTimeout timeout, Boolean async, CancellationToken cancellationToken)
   at Npgsql.PoolingDataSource.<Get>g__RentAsync|33_0(NpgsqlConnection conn, NpgsqlTimeout timeout, Boolean async, CancellationToken cancellationToken)
   at Npgsql.NpgsqlConnection.<Open>g__OpenAsync|42_0(Boolean async, CancellationToken cancellationToken)
   at Microsoft.EntityFrameworkCore.Storage.RelationalConnection.OpenInternalAsync(Boolean errorsExpected, CancellationToken cancellationToken)
   at Microsoft.EntityFrameworkCore.Storage.RelationalConnection.OpenInternalAsync(Boolean errorsExpected, CancellationToken cancellationToken)
   at Microsoft.EntityFrameworkCore.Storage.RelationalConnection.OpenAsync(CancellationToken cancellationToken, Boolean errorsExpected)
   at Microsoft.EntityFrameworkCore.Storage.RelationalCommand.ExecuteReaderAsync(RelationalCommandParameterObject parameterObject, CancellationToken cancellationToken)
   at Microsoft.EntityFrameworkCore.Query.Internal.SplitQueryingEnumerable`1.AsyncEnumerator.InitializeReaderAsync(AsyncEnumerator enumerator, CancellationToken cancellationToken)
   at Npgsql.EntityFrameworkCore.PostgreSQL.Storage.Internal.NpgsqlExecutionStrategy.ExecuteAsync[TState,TResult](TState state, Func`4 operation, Func`4 verifySucceeded, CancellationToken cancellationToken)
   --- End of inner exception stack trace ---
   at Npgsql.EntityFrameworkCore.PostgreSQL.Storage.Internal.NpgsqlExecutionStrategy.ExecuteAsync[TState,TResult](TState state, Func`4 operation, Func`4 verifySucceeded, CancellationToken cancellationToken)
   at Microsoft.EntityFrameworkCore.Query.Internal.SplitQueryingEnumerable`1.AsyncEnumerator.MoveNextAsync()
2026-05-19 09:45:49.4237 [ERROR] Microsoft.EntityFrameworkCore.Query - An exception occurred while iterating over the results of a query for context type 'TapHoa.Persistence.Data.AppDbContext'.
System.InvalidOperationException: An exception has been raised that is likely due to a transient failure.
 ---> Npgsql.NpgsqlException (0x80004005): Failed to connect to 127.0.0.1:5432
 ---> System.Net.Sockets.SocketException (10061): No connection could be made because the target machine actively refused it.
   at System.Net.Sockets.Socket.AwaitableSocketAsyncEventArgs.ThrowException(SocketError error, CancellationToken cancellationToken)
   at System.Net.Sockets.Socket.AwaitableSocketAsyncEventArgs.System.Threading.Tasks.Sources.IValueTaskSource.GetResult(Int16 token)
   at Npgsql.Internal.NpgsqlConnector.ConnectAsync(NpgsqlTimeout timeout, CancellationToken cancellationToken)
   at Npgsql.Internal.NpgsqlConnector.ConnectAsync(NpgsqlTimeout timeout, CancellationToken cancellationToken)
   at Npgsql.Internal.NpgsqlConnector.RawOpen(NpgsqlTimeout timeout, Boolean async, CancellationToken cancellationToken)
   at Npgsql.Internal.NpgsqlConnector.<Open>g__OpenCore|209_0(NpgsqlConnector conn, String username, SslMode sslMode, GssEncryptionMode gssEncMode, NpgsqlTimeout timeout, Boolean async, CancellationToken cancellationToken)
   at Npgsql.Internal.NpgsqlConnector.Open(NpgsqlTimeout timeout, Boolean async, CancellationToken cancellationToken)
   at Npgsql.PoolingDataSource.OpenNewConnector(NpgsqlConnection conn, NpgsqlTimeout timeout, Boolean async, CancellationToken cancellationToken)
   at Npgsql.PoolingDataSource.<Get>g__RentAsync|33_0(NpgsqlConnection conn, NpgsqlTimeout timeout, Boolean async, CancellationToken cancellationToken)
   at Npgsql.NpgsqlConnection.<Open>g__OpenAsync|42_0(Boolean async, CancellationToken cancellationToken)
   at Microsoft.EntityFrameworkCore.Storage.RelationalConnection.OpenInternalAsync(Boolean errorsExpected, CancellationToken cancellationToken)
   at Microsoft.EntityFrameworkCore.Storage.RelationalConnection.OpenInternalAsync(Boolean errorsExpected, CancellationToken cancellationToken)
   at Microsoft.EntityFrameworkCore.Storage.RelationalConnection.OpenAsync(CancellationToken cancellationToken, Boolean errorsExpected)
   at Microsoft.EntityFrameworkCore.Storage.RelationalCommand.ExecuteReaderAsync(RelationalCommandParameterObject parameterObject, CancellationToken cancellationToken)
   at Microsoft.EntityFrameworkCore.Query.Internal.SplitQueryingEnumerable`1.AsyncEnumerator.InitializeReaderAsync(AsyncEnumerator enumerator, CancellationToken cancellationToken)
   at Npgsql.EntityFrameworkCore.PostgreSQL.Storage.Internal.NpgsqlExecutionStrategy.ExecuteAsync[TState,TResult](TState state, Func`4 operation, Func`4 verifySucceeded, CancellationToken cancellationToken)
   --- End of inner exception stack trace ---
   at Npgsql.EntityFrameworkCore.PostgreSQL.Storage.Internal.NpgsqlExecutionStrategy.ExecuteAsync[TState,TResult](TState state, Func`4 operation, Func`4 verifySucceeded, CancellationToken cancellationToken)
   at Microsoft.EntityFrameworkCore.Query.Internal.SplitQueryingEnumerable`1.AsyncEnumerator.MoveNextAsync() System.InvalidOperationException: An exception has been raised that is likely due to a transient failure.
 ---> Npgsql.NpgsqlException (0x80004005): Failed to connect to 127.0.0.1:5432
 ---> System.Net.Sockets.SocketException (10061): No connection could be made because the target machine actively refused it.
   at System.Net.Sockets.Socket.AwaitableSocketAsyncEventArgs.ThrowException(SocketError error, CancellationToken cancellationToken)
   at System.Net.Sockets.Socket.AwaitableSocketAsyncEventArgs.System.Threading.Tasks.Sources.IValueTaskSource.GetResult(Int16 token)
   at Npgsql.Internal.NpgsqlConnector.ConnectAsync(NpgsqlTimeout timeout, CancellationToken cancellationToken)
   at Npgsql.Internal.NpgsqlConnector.ConnectAsync(NpgsqlTimeout timeout, CancellationToken cancellationToken)
   at Npgsql.Internal.NpgsqlConnector.RawOpen(NpgsqlTimeout timeout, Boolean async, CancellationToken cancellationToken)
   at Npgsql.Internal.NpgsqlConnector.<Open>g__OpenCore|209_0(NpgsqlConnector conn, String username, SslMode sslMode, GssEncryptionMode gssEncMode, NpgsqlTimeout timeout, Boolean async, CancellationToken cancellationToken)
   at Npgsql.Internal.NpgsqlConnector.Open(NpgsqlTimeout timeout, Boolean async, CancellationToken cancellationToken)
   at Npgsql.PoolingDataSource.OpenNewConnector(NpgsqlConnection conn, NpgsqlTimeout timeout, Boolean async, CancellationToken cancellationToken)
   at Npgsql.PoolingDataSource.<Get>g__RentAsync|33_0(NpgsqlConnection conn, NpgsqlTimeout timeout, Boolean async, CancellationToken cancellationToken)
   at Npgsql.NpgsqlConnection.<Open>g__OpenAsync|42_0(Boolean async, CancellationToken cancellationToken)
   at Microsoft.EntityFrameworkCore.Storage.RelationalConnection.OpenInternalAsync(Boolean errorsExpected, CancellationToken cancellationToken)
   at Microsoft.EntityFrameworkCore.Storage.RelationalConnection.OpenInternalAsync(Boolean errorsExpected, CancellationToken cancellationToken)
   at Microsoft.EntityFrameworkCore.Storage.RelationalConnection.OpenAsync(CancellationToken cancellationToken, Boolean errorsExpected)
   at Microsoft.EntityFrameworkCore.Storage.RelationalCommand.ExecuteReaderAsync(RelationalCommandParameterObject parameterObject, CancellationToken cancellationToken)
   at Microsoft.EntityFrameworkCore.Query.Internal.SplitQueryingEnumerable`1.AsyncEnumerator.InitializeReaderAsync(AsyncEnumerator enumerator, CancellationToken cancellationToken)
   at Npgsql.EntityFrameworkCore.PostgreSQL.Storage.Internal.NpgsqlExecutionStrategy.ExecuteAsync[TState,TResult](TState state, Func`4 operation, Func`4 verifySucceeded, CancellationToken cancellationToken)
   --- End of inner exception stack trace ---
   at Npgsql.EntityFrameworkCore.PostgreSQL.Storage.Internal.NpgsqlExecutionStrategy.ExecuteAsync[TState,TResult](TState state, Func`4 operation, Func`4 verifySucceeded, CancellationToken cancellationToken)
   at Microsoft.EntityFrameworkCore.Query.Internal.SplitQueryingEnumerable`1.AsyncEnumerator.MoveNextAsync()
2026-05-19 09:46:04.4235 [ERROR] Microsoft.EntityFrameworkCore.Database.Connection - An error occurred using the connection to database 'taphoa2_db' on server 'tcp://localhost:5432'. 
2026-05-19 09:46:04.4235 [ERROR] Microsoft.EntityFrameworkCore.Query - An exception occurred while iterating over the results of a query for context type 'TapHoa.Persistence.Data.AppDbContext'.
System.InvalidOperationException: An exception has been raised that is likely due to a transient failure.
 ---> Npgsql.NpgsqlException (0x80004005): Failed to connect to 127.0.0.1:5432
 ---> System.Net.Sockets.SocketException (10061): No connection could be made because the target machine actively refused it.
   at System.Net.Sockets.Socket.AwaitableSocketAsyncEventArgs.ThrowException(SocketError error, CancellationToken cancellationToken)
   at System.Net.Sockets.Socket.AwaitableSocketAsyncEventArgs.System.Threading.Tasks.Sources.IValueTaskSource.GetResult(Int16 token)
   at Npgsql.Internal.NpgsqlConnector.ConnectAsync(NpgsqlTimeout timeout, CancellationToken cancellationToken)
   at Npgsql.Internal.NpgsqlConnector.ConnectAsync(NpgsqlTimeout timeout, CancellationToken cancellationToken)
   at Npgsql.Internal.NpgsqlConnector.RawOpen(NpgsqlTimeout timeout, Boolean async, CancellationToken cancellationToken)
   at Npgsql.Internal.NpgsqlConnector.<Open>g__OpenCore|209_0(NpgsqlConnector conn, String username, SslMode sslMode, GssEncryptionMode gssEncMode, NpgsqlTimeout timeout, Boolean async, CancellationToken cancellationToken)
   at Npgsql.Internal.NpgsqlConnector.Open(NpgsqlTimeout timeout, Boolean async, CancellationToken cancellationToken)
   at Npgsql.PoolingDataSource.OpenNewConnector(NpgsqlConnection conn, NpgsqlTimeout timeout, Boolean async, CancellationToken cancellationToken)
   at Npgsql.PoolingDataSource.<Get>g__RentAsync|33_0(NpgsqlConnection conn, NpgsqlTimeout timeout, Boolean async, CancellationToken cancellationToken)
   at Npgsql.NpgsqlConnection.<Open>g__OpenAsync|42_0(Boolean async, CancellationToken cancellationToken)
   at Microsoft.EntityFrameworkCore.Storage.RelationalConnection.OpenInternalAsync(Boolean errorsExpected, CancellationToken cancellationToken)
   at Microsoft.EntityFrameworkCore.Storage.RelationalConnection.OpenInternalAsync(Boolean errorsExpected, CancellationToken cancellationToken)
   at Microsoft.EntityFrameworkCore.Storage.RelationalConnection.OpenAsync(CancellationToken cancellationToken, Boolean errorsExpected)
   at Microsoft.EntityFrameworkCore.Storage.RelationalCommand.ExecuteReaderAsync(RelationalCommandParameterObject parameterObject, CancellationToken cancellationToken)
   at Microsoft.EntityFrameworkCore.Query.Internal.SplitQueryingEnumerable`1.AsyncEnumerator.InitializeReaderAsync(AsyncEnumerator enumerator, CancellationToken cancellationToken)
   at Npgsql.EntityFrameworkCore.PostgreSQL.Storage.Internal.NpgsqlExecutionStrategy.ExecuteAsync[TState,TResult](TState state, Func`4 operation, Func`4 verifySucceeded, CancellationToken cancellationToken)
   --- End of inner exception stack trace ---
   at Npgsql.EntityFrameworkCore.PostgreSQL.Storage.Internal.NpgsqlExecutionStrategy.ExecuteAsync[TState,TResult](TState state, Func`4 operation, Func`4 verifySucceeded, CancellationToken cancellationToken)
   at Microsoft.EntityFrameworkCore.Query.Internal.SplitQueryingEnumerable`1.AsyncEnumerator.MoveNextAsync() System.InvalidOperationException: An exception has been raised that is likely due to a transient failure.
 ---> Npgsql.NpgsqlException (0x80004005): Failed to connect to 127.0.0.1:5432
 ---> System.Net.Sockets.SocketException (10061): No connection could be made because the target machine actively refused it.
   at System.Net.Sockets.Socket.AwaitableSocketAsyncEventArgs.ThrowException(SocketError error, CancellationToken cancellationToken)
   at System.Net.Sockets.Socket.AwaitableSocketAsyncEventArgs.System.Threading.Tasks.Sources.IValueTaskSource.GetResult(Int16 token)
   at Npgsql.Internal.NpgsqlConnector.ConnectAsync(NpgsqlTimeout timeout, CancellationToken cancellationToken)
   at Npgsql.Internal.NpgsqlConnector.ConnectAsync(NpgsqlTimeout timeout, CancellationToken cancellationToken)
   at Npgsql.Internal.NpgsqlConnector.RawOpen(NpgsqlTimeout timeout, Boolean async, CancellationToken cancellationToken)
   at Npgsql.Internal.NpgsqlConnector.<Open>g__OpenCore|209_0(NpgsqlConnector conn, String username, SslMode sslMode, GssEncryptionMode gssEncMode, NpgsqlTimeout timeout, Boolean async, CancellationToken cancellationToken)
   at Npgsql.Internal.NpgsqlConnector.Open(NpgsqlTimeout timeout, Boolean async, CancellationToken cancellationToken)
   at Npgsql.PoolingDataSource.OpenNewConnector(NpgsqlConnection conn, NpgsqlTimeout timeout, Boolean async, CancellationToken cancellationToken)
   at Npgsql.PoolingDataSource.<Get>g__RentAsync|33_0(NpgsqlConnection conn, NpgsqlTimeout timeout, Boolean async, CancellationToken cancellationToken)
   at Npgsql.NpgsqlConnection.<Open>g__OpenAsync|42_0(Boolean async, CancellationToken cancellationToken)
   at Microsoft.EntityFrameworkCore.Storage.RelationalConnection.OpenInternalAsync(Boolean errorsExpected, CancellationToken cancellationToken)
   at Microsoft.EntityFrameworkCore.Storage.RelationalConnection.OpenInternalAsync(Boolean errorsExpected, CancellationToken cancellationToken)
   at Microsoft.EntityFrameworkCore.Storage.RelationalConnection.OpenAsync(CancellationToken cancellationToken, Boolean errorsExpected)
   at Microsoft.EntityFrameworkCore.Storage.RelationalCommand.ExecuteReaderAsync(RelationalCommandParameterObject parameterObject, CancellationToken cancellationToken)
   at Microsoft.EntityFrameworkCore.Query.Internal.SplitQueryingEnumerable`1.AsyncEnumerator.InitializeReaderAsync(AsyncEnumerator enumerator, CancellationToken cancellationToken)
   at Npgsql.EntityFrameworkCore.PostgreSQL.Storage.Internal.NpgsqlExecutionStrategy.ExecuteAsync[TState,TResult](TState state, Func`4 operation, Func`4 verifySucceeded, CancellationToken cancellationToken)
   --- End of inner exception stack trace ---
   at Npgsql.EntityFrameworkCore.PostgreSQL.Storage.Internal.NpgsqlExecutionStrategy.ExecuteAsync[TState,TResult](TState state, Func`4 operation, Func`4 verifySucceeded, CancellationToken cancellationToken)
   at Microsoft.EntityFrameworkCore.Query.Internal.SplitQueryingEnumerable`1.AsyncEnumerator.MoveNextAsync()
2026-05-19 09:46:04.4515 [ERROR] Microsoft.EntityFrameworkCore.Database.Connection - An error occurred using the connection to database 'taphoa2_db' on server 'tcp://localhost:5432'. 
2026-05-19 09:46:04.4515 [ERROR] Microsoft.EntityFrameworkCore.Query - An exception occurred while iterating over the results of a query for context type 'TapHoa.Persistence.Data.AppDbContext'.
System.InvalidOperationException: An exception has been raised that is likely due to a transient failure.
 ---> Npgsql.NpgsqlException (0x80004005): Failed to connect to 127.0.0.1:5432
 ---> System.Net.Sockets.SocketException (10061): No connection could be made because the target machine actively refused it.
   at System.Net.Sockets.Socket.AwaitableSocketAsyncEventArgs.ThrowException(SocketError error, CancellationToken cancellationToken)
   at System.Net.Sockets.Socket.AwaitableSocketAsyncEventArgs.System.Threading.Tasks.Sources.IValueTaskSource.GetResult(Int16 token)
   at Npgsql.Internal.NpgsqlConnector.ConnectAsync(NpgsqlTimeout timeout, CancellationToken cancellationToken)
   at Npgsql.Internal.NpgsqlConnector.ConnectAsync(NpgsqlTimeout timeout, CancellationToken cancellationToken)
   at Npgsql.Internal.NpgsqlConnector.RawOpen(NpgsqlTimeout timeout, Boolean async, CancellationToken cancellationToken)
   at Npgsql.Internal.NpgsqlConnector.<Open>g__OpenCore|209_0(NpgsqlConnector conn, String username, SslMode sslMode, GssEncryptionMode gssEncMode, NpgsqlTimeout timeout, Boolean async, CancellationToken cancellationToken)
   at Npgsql.Internal.NpgsqlConnector.Open(NpgsqlTimeout timeout, Boolean async, CancellationToken cancellationToken)
   at Npgsql.PoolingDataSource.OpenNewConnector(NpgsqlConnection conn, NpgsqlTimeout timeout, Boolean async, CancellationToken cancellationToken)
   at Npgsql.PoolingDataSource.<Get>g__RentAsync|33_0(NpgsqlConnection conn, NpgsqlTimeout timeout, Boolean async, CancellationToken cancellationToken)
   at Npgsql.NpgsqlConnection.<Open>g__OpenAsync|42_0(Boolean async, CancellationToken cancellationToken)
   at Microsoft.EntityFrameworkCore.Storage.RelationalConnection.OpenInternalAsync(Boolean errorsExpected, CancellationToken cancellationToken)
   at Microsoft.EntityFrameworkCore.Storage.RelationalConnection.OpenInternalAsync(Boolean errorsExpected, CancellationToken cancellationToken)
   at Microsoft.EntityFrameworkCore.Storage.RelationalConnection.OpenAsync(CancellationToken cancellationToken, Boolean errorsExpected)
   at Microsoft.EntityFrameworkCore.Storage.RelationalCommand.ExecuteReaderAsync(RelationalCommandParameterObject parameterObject, CancellationToken cancellationToken)
   at Microsoft.EntityFrameworkCore.Query.Internal.SplitQueryingEnumerable`1.AsyncEnumerator.InitializeReaderAsync(AsyncEnumerator enumerator, CancellationToken cancellationToken)
   at Npgsql.EntityFrameworkCore.PostgreSQL.Storage.Internal.NpgsqlExecutionStrategy.ExecuteAsync[TState,TResult](TState state, Func`4 operation, Func`4 verifySucceeded, CancellationToken cancellationToken)
   --- End of inner exception stack trace ---
   at Npgsql.EntityFrameworkCore.PostgreSQL.Storage.Internal.NpgsqlExecutionStrategy.ExecuteAsync[TState,TResult](TState state, Func`4 operation, Func`4 verifySucceeded, CancellationToken cancellationToken)
   at Microsoft.EntityFrameworkCore.Query.Internal.SplitQueryingEnumerable`1.AsyncEnumerator.MoveNextAsync() System.InvalidOperationException: An exception has been raised that is likely due to a transient failure.
 ---> Npgsql.NpgsqlException (0x80004005): Failed to connect to 127.0.0.1:5432
 ---> System.Net.Sockets.SocketException (10061): No connection could be made because the target machine actively refused it.
   at System.Net.Sockets.Socket.AwaitableSocketAsyncEventArgs.ThrowException(SocketError error, CancellationToken cancellationToken)
   at System.Net.Sockets.Socket.AwaitableSocketAsyncEventArgs.System.Threading.Tasks.Sources.IValueTaskSource.GetResult(Int16 token)
   at Npgsql.Internal.NpgsqlConnector.ConnectAsync(NpgsqlTimeout timeout, CancellationToken cancellationToken)
   at Npgsql.Internal.NpgsqlConnector.ConnectAsync(NpgsqlTimeout timeout, CancellationToken cancellationToken)
   at Npgsql.Internal.NpgsqlConnector.RawOpen(NpgsqlTimeout timeout, Boolean async, CancellationToken cancellationToken)
   at Npgsql.Internal.NpgsqlConnector.<Open>g__OpenCore|209_0(NpgsqlConnector conn, String username, SslMode sslMode, GssEncryptionMode gssEncMode, NpgsqlTimeout timeout, Boolean async, CancellationToken cancellationToken)
   at Npgsql.Internal.NpgsqlConnector.Open(NpgsqlTimeout timeout, Boolean async, CancellationToken cancellationToken)
   at Npgsql.PoolingDataSource.OpenNewConnector(NpgsqlConnection conn, NpgsqlTimeout timeout, Boolean async, CancellationToken cancellationToken)
   at Npgsql.PoolingDataSource.<Get>g__RentAsync|33_0(NpgsqlConnection conn, NpgsqlTimeout timeout, Boolean async, CancellationToken cancellationToken)
   at Npgsql.NpgsqlConnection.<Open>g__OpenAsync|42_0(Boolean async, CancellationToken cancellationToken)
   at Microsoft.EntityFrameworkCore.Storage.RelationalConnection.OpenInternalAsync(Boolean errorsExpected, CancellationToken cancellationToken)
   at Microsoft.EntityFrameworkCore.Storage.RelationalConnection.OpenInternalAsync(Boolean errorsExpected, CancellationToken cancellationToken)
   at Microsoft.EntityFrameworkCore.Storage.RelationalConnection.OpenAsync(CancellationToken cancellationToken, Boolean errorsExpected)
   at Microsoft.EntityFrameworkCore.Storage.RelationalCommand.ExecuteReaderAsync(RelationalCommandParameterObject parameterObject, CancellationToken cancellationToken)
   at Microsoft.EntityFrameworkCore.Query.Internal.SplitQueryingEnumerable`1.AsyncEnumerator.InitializeReaderAsync(AsyncEnumerator enumerator, CancellationToken cancellationToken)
   at Npgsql.EntityFrameworkCore.PostgreSQL.Storage.Internal.NpgsqlExecutionStrategy.ExecuteAsync[TState,TResult](TState state, Func`4 operation, Func`4 verifySucceeded, CancellationToken cancellationToken)
   --- End of inner exception stack trace ---
   at Npgsql.EntityFrameworkCore.PostgreSQL.Storage.Internal.NpgsqlExecutionStrategy.ExecuteAsync[TState,TResult](TState state, Func`4 operation, Func`4 verifySucceeded, CancellationToken cancellationToken)
   at Microsoft.EntityFrameworkCore.Query.Internal.SplitQueryingEnumerable`1.AsyncEnumerator.MoveNextAsync()
2026-05-19 09:46:07.0694 [ERROR] Microsoft.EntityFrameworkCore.Database.Connection - An error occurred using the connection to database 'taphoa2_db' on server 'tcp://localhost:5432'. 
2026-05-19 09:46:07.0707 [ERROR] Microsoft.EntityFrameworkCore.Query - An exception occurred while iterating over the results of a query for context type 'TapHoa.Persistence.Data.AppDbContext'.
System.InvalidOperationException: An exception has been raised that is likely due to a transient failure.
 ---> Npgsql.NpgsqlException (0x80004005): Failed to connect to 127.0.0.1:5432
 ---> System.Net.Sockets.SocketException (10061): No connection could be made because the target machine actively refused it.
   at System.Net.Sockets.Socket.AwaitableSocketAsyncEventArgs.ThrowException(SocketError error, CancellationToken cancellationToken)
   at System.Net.Sockets.Socket.AwaitableSocketAsyncEventArgs.System.Threading.Tasks.Sources.IValueTaskSource.GetResult(Int16 token)
   at Npgsql.Internal.NpgsqlConnector.ConnectAsync(NpgsqlTimeout timeout, CancellationToken cancellationToken)
   at Npgsql.Internal.NpgsqlConnector.ConnectAsync(NpgsqlTimeout timeout, CancellationToken cancellationToken)
   at Npgsql.Internal.NpgsqlConnector.RawOpen(NpgsqlTimeout timeout, Boolean async, CancellationToken cancellationToken)
   at Npgsql.Internal.NpgsqlConnector.<Open>g__OpenCore|209_0(NpgsqlConnector conn, String username, SslMode sslMode, GssEncryptionMode gssEncMode, NpgsqlTimeout timeout, Boolean async, CancellationToken cancellationToken)
   at Npgsql.Internal.NpgsqlConnector.Open(NpgsqlTimeout timeout, Boolean async, CancellationToken cancellationToken)
   at Npgsql.PoolingDataSource.OpenNewConnector(NpgsqlConnection conn, NpgsqlTimeout timeout, Boolean async, CancellationToken cancellationToken)
   at Npgsql.PoolingDataSource.<Get>g__RentAsync|33_0(NpgsqlConnection conn, NpgsqlTimeout timeout, Boolean async, CancellationToken cancellationToken)
   at Npgsql.NpgsqlConnection.<Open>g__OpenAsync|42_0(Boolean async, CancellationToken cancellationToken)
   at Microsoft.EntityFrameworkCore.Storage.RelationalConnection.OpenInternalAsync(Boolean errorsExpected, CancellationToken cancellationToken)
   at Microsoft.EntityFrameworkCore.Storage.RelationalConnection.OpenInternalAsync(Boolean errorsExpected, CancellationToken cancellationToken)
   at Microsoft.EntityFrameworkCore.Storage.RelationalConnection.OpenAsync(CancellationToken cancellationToken, Boolean errorsExpected)
   at Microsoft.EntityFrameworkCore.Storage.RelationalCommand.ExecuteReaderAsync(RelationalCommandParameterObject parameterObject, CancellationToken cancellationToken)
   at Microsoft.EntityFrameworkCore.Query.Internal.SplitQueryingEnumerable`1.AsyncEnumerator.InitializeReaderAsync(AsyncEnumerator enumerator, CancellationToken cancellationToken)
   at Npgsql.EntityFrameworkCore.PostgreSQL.Storage.Internal.NpgsqlExecutionStrategy.ExecuteAsync[TState,TResult](TState state, Func`4 operation, Func`4 verifySucceeded, CancellationToken cancellationToken)
   --- End of inner exception stack trace ---
   at Npgsql.EntityFrameworkCore.PostgreSQL.Storage.Internal.NpgsqlExecutionStrategy.ExecuteAsync[TState,TResult](TState state, Func`4 operation, Func`4 verifySucceeded, CancellationToken cancellationToken)
   at Microsoft.EntityFrameworkCore.Query.Internal.SplitQueryingEnumerable`1.AsyncEnumerator.MoveNextAsync() System.InvalidOperationException: An exception has been raised that is likely due to a transient failure.
 ---> Npgsql.NpgsqlException (0x80004005): Failed to connect to 127.0.0.1:5432
 ---> System.Net.Sockets.SocketException (10061): No connection could be made because the target machine actively refused it.
   at System.Net.Sockets.Socket.AwaitableSocketAsyncEventArgs.ThrowException(SocketError error, CancellationToken cancellationToken)
   at System.Net.Sockets.Socket.AwaitableSocketAsyncEventArgs.System.Threading.Tasks.Sources.IValueTaskSource.GetResult(Int16 token)
   at Npgsql.Internal.NpgsqlConnector.ConnectAsync(NpgsqlTimeout timeout, CancellationToken cancellationToken)
   at Npgsql.Internal.NpgsqlConnector.ConnectAsync(NpgsqlTimeout timeout, CancellationToken cancellationToken)
   at Npgsql.Internal.NpgsqlConnector.RawOpen(NpgsqlTimeout timeout, Boolean async, CancellationToken cancellationToken)
   at Npgsql.Internal.NpgsqlConnector.<Open>g__OpenCore|209_0(NpgsqlConnector conn, String username, SslMode sslMode, GssEncryptionMode gssEncMode, NpgsqlTimeout timeout, Boolean async, CancellationToken cancellationToken)
   at Npgsql.Internal.NpgsqlConnector.Open(NpgsqlTimeout timeout, Boolean async, CancellationToken cancellationToken)
   at Npgsql.PoolingDataSource.OpenNewConnector(NpgsqlConnection conn, NpgsqlTimeout timeout, Boolean async, CancellationToken cancellationToken)
   at Npgsql.PoolingDataSource.<Get>g__RentAsync|33_0(NpgsqlConnection conn, NpgsqlTimeout timeout, Boolean async, CancellationToken cancellationToken)
   at Npgsql.NpgsqlConnection.<Open>g__OpenAsync|42_0(Boolean async, CancellationToken cancellationToken)
   at Microsoft.EntityFrameworkCore.Storage.RelationalConnection.OpenInternalAsync(Boolean errorsExpected, CancellationToken cancellationToken)
   at Microsoft.EntityFrameworkCore.Storage.RelationalConnection.OpenInternalAsync(Boolean errorsExpected, CancellationToken cancellationToken)
   at Microsoft.EntityFrameworkCore.Storage.RelationalConnection.OpenAsync(CancellationToken cancellationToken, Boolean errorsExpected)
   at Microsoft.EntityFrameworkCore.Storage.RelationalCommand.ExecuteReaderAsync(RelationalCommandParameterObject parameterObject, CancellationToken cancellationToken)
   at Microsoft.EntityFrameworkCore.Query.Internal.SplitQueryingEnumerable`1.AsyncEnumerator.InitializeReaderAsync(AsyncEnumerator enumerator, CancellationToken cancellationToken)
   at Npgsql.EntityFrameworkCore.PostgreSQL.Storage.Internal.NpgsqlExecutionStrategy.ExecuteAsync[TState,TResult](TState state, Func`4 operation, Func`4 verifySucceeded, CancellationToken cancellationToken)
   --- End of inner exception stack trace ---
   at Npgsql.EntityFrameworkCore.PostgreSQL.Storage.Internal.NpgsqlExecutionStrategy.ExecuteAsync[TState,TResult](TState state, Func`4 operation, Func`4 verifySucceeded, CancellationToken cancellationToken)
   at Microsoft.EntityFrameworkCore.Query.Internal.SplitQueryingEnumerable`1.AsyncEnumerator.MoveNextAsync()
2026-05-19 09:46:13.9874 [ERROR] Microsoft.EntityFrameworkCore.Database.Connection - An error occurred using the connection to database 'taphoa2_db' on server 'tcp://localhost:5432'. 
2026-05-19 09:46:13.9874 [ERROR] Microsoft.EntityFrameworkCore.Query - An exception occurred while iterating over the results of a query for context type 'TapHoa.Persistence.Data.AppDbContext'.
System.InvalidOperationException: An exception has been raised that is likely due to a transient failure.
 ---> Npgsql.NpgsqlException (0x80004005): Failed to connect to 127.0.0.1:5432
 ---> System.Net.Sockets.SocketException (10061): No connection could be made because the target machine actively refused it.
   at System.Net.Sockets.Socket.AwaitableSocketAsyncEventArgs.ThrowException(SocketError error, CancellationToken cancellationToken)
   at System.Net.Sockets.Socket.AwaitableSocketAsyncEventArgs.System.Threading.Tasks.Sources.IValueTaskSource.GetResult(Int16 token)
   at Npgsql.Internal.NpgsqlConnector.ConnectAsync(NpgsqlTimeout timeout, CancellationToken cancellationToken)
   at Npgsql.Internal.NpgsqlConnector.ConnectAsync(NpgsqlTimeout timeout, CancellationToken cancellationToken)
   at Npgsql.Internal.NpgsqlConnector.RawOpen(NpgsqlTimeout timeout, Boolean async, CancellationToken cancellationToken)
   at Npgsql.Internal.NpgsqlConnector.<Open>g__OpenCore|209_0(NpgsqlConnector conn, String username, SslMode sslMode, GssEncryptionMode gssEncMode, NpgsqlTimeout timeout, Boolean async, CancellationToken cancellationToken)
   at Npgsql.Internal.NpgsqlConnector.Open(NpgsqlTimeout timeout, Boolean async, CancellationToken cancellationToken)
   at Npgsql.PoolingDataSource.OpenNewConnector(NpgsqlConnection conn, NpgsqlTimeout timeout, Boolean async, CancellationToken cancellationToken)
   at Npgsql.PoolingDataSource.<Get>g__RentAsync|33_0(NpgsqlConnection conn, NpgsqlTimeout timeout, Boolean async, CancellationToken cancellationToken)
   at Npgsql.NpgsqlConnection.<Open>g__OpenAsync|42_0(Boolean async, CancellationToken cancellationToken)
   at Microsoft.EntityFrameworkCore.Storage.RelationalConnection.OpenInternalAsync(Boolean errorsExpected, CancellationToken cancellationToken)
   at Microsoft.EntityFrameworkCore.Storage.RelationalConnection.OpenInternalAsync(Boolean errorsExpected, CancellationToken cancellationToken)
   at Microsoft.EntityFrameworkCore.Storage.RelationalConnection.OpenAsync(CancellationToken cancellationToken, Boolean errorsExpected)
   at Microsoft.EntityFrameworkCore.Storage.RelationalCommand.ExecuteReaderAsync(RelationalCommandParameterObject parameterObject, CancellationToken cancellationToken)
   at Microsoft.EntityFrameworkCore.Query.Internal.SplitQueryingEnumerable`1.AsyncEnumerator.InitializeReaderAsync(AsyncEnumerator enumerator, CancellationToken cancellationToken)
   at Npgsql.EntityFrameworkCore.PostgreSQL.Storage.Internal.NpgsqlExecutionStrategy.ExecuteAsync[TState,TResult](TState state, Func`4 operation, Func`4 verifySucceeded, CancellationToken cancellationToken)
   --- End of inner exception stack trace ---
   at Npgsql.EntityFrameworkCore.PostgreSQL.Storage.Internal.NpgsqlExecutionStrategy.ExecuteAsync[TState,TResult](TState state, Func`4 operation, Func`4 verifySucceeded, CancellationToken cancellationToken)
   at Microsoft.EntityFrameworkCore.Query.Internal.SplitQueryingEnumerable`1.AsyncEnumerator.MoveNextAsync() System.InvalidOperationException: An exception has been raised that is likely due to a transient failure.
 ---> Npgsql.NpgsqlException (0x80004005): Failed to connect to 127.0.0.1:5432
 ---> System.Net.Sockets.SocketException (10061): No connection could be made because the target machine actively refused it.
   at System.Net.Sockets.Socket.AwaitableSocketAsyncEventArgs.ThrowException(SocketError error, CancellationToken cancellationToken)
   at System.Net.Sockets.Socket.AwaitableSocketAsyncEventArgs.System.Threading.Tasks.Sources.IValueTaskSource.GetResult(Int16 token)
   at Npgsql.Internal.NpgsqlConnector.ConnectAsync(NpgsqlTimeout timeout, CancellationToken cancellationToken)
   at Npgsql.Internal.NpgsqlConnector.ConnectAsync(NpgsqlTimeout timeout, CancellationToken cancellationToken)
   at Npgsql.Internal.NpgsqlConnector.RawOpen(NpgsqlTimeout timeout, Boolean async, CancellationToken cancellationToken)
   at Npgsql.Internal.NpgsqlConnector.<Open>g__OpenCore|209_0(NpgsqlConnector conn, String username, SslMode sslMode, GssEncryptionMode gssEncMode, NpgsqlTimeout timeout, Boolean async, CancellationToken cancellationToken)
   at Npgsql.Internal.NpgsqlConnector.Open(NpgsqlTimeout timeout, Boolean async, CancellationToken cancellationToken)
   at Npgsql.PoolingDataSource.OpenNewConnector(NpgsqlConnection conn, NpgsqlTimeout timeout, Boolean async, CancellationToken cancellationToken)
   at Npgsql.PoolingDataSource.<Get>g__RentAsync|33_0(NpgsqlConnection conn, NpgsqlTimeout timeout, Boolean async, CancellationToken cancellationToken)
   at Npgsql.NpgsqlConnection.<Open>g__OpenAsync|42_0(Boolean async, CancellationToken cancellationToken)
   at Microsoft.EntityFrameworkCore.Storage.RelationalConnection.OpenInternalAsync(Boolean errorsExpected, CancellationToken cancellationToken)
   at Microsoft.EntityFrameworkCore.Storage.RelationalConnection.OpenInternalAsync(Boolean errorsExpected, CancellationToken cancellationToken)
   at Microsoft.EntityFrameworkCore.Storage.RelationalConnection.OpenAsync(CancellationToken cancellationToken, Boolean errorsExpected)
   at Microsoft.EntityFrameworkCore.Storage.RelationalCommand.ExecuteReaderAsync(RelationalCommandParameterObject parameterObject, CancellationToken cancellationToken)
   at Microsoft.EntityFrameworkCore.Query.Internal.SplitQueryingEnumerable`1.AsyncEnumerator.InitializeReaderAsync(AsyncEnumerator enumerator, CancellationToken cancellationToken)
   at Npgsql.EntityFrameworkCore.PostgreSQL.Storage.Internal.NpgsqlExecutionStrategy.ExecuteAsync[TState,TResult](TState state, Func`4 operation, Func`4 verifySucceeded, CancellationToken cancellationToken)
   --- End of inner exception stack trace ---
   at Npgsql.EntityFrameworkCore.PostgreSQL.Storage.Internal.NpgsqlExecutionStrategy.ExecuteAsync[TState,TResult](TState state, Func`4 operation, Func`4 verifySucceeded, CancellationToken cancellationToken)
   at Microsoft.EntityFrameworkCore.Query.Internal.SplitQueryingEnumerable`1.AsyncEnumerator.MoveNextAsync()
2026-05-19 09:46:22.2745 [ERROR] Microsoft.EntityFrameworkCore.Database.Connection - An error occurred using the connection to database 'taphoa2_db' on server 'tcp://localhost:5432'. 
2026-05-19 09:46:22.2745 [ERROR] Microsoft.EntityFrameworkCore.Query - An exception occurred while iterating over the results of a query for context type 'TapHoa.Persistence.Data.AppDbContext'.
System.InvalidOperationException: An exception has been raised that is likely due to a transient failure.
 ---> Npgsql.NpgsqlException (0x80004005): Failed to connect to 127.0.0.1:5432
 ---> System.Net.Sockets.SocketException (10061): No connection could be made because the target machine actively refused it.
   at System.Net.Sockets.Socket.AwaitableSocketAsyncEventArgs.ThrowException(SocketError error, CancellationToken cancellationToken)
   at System.Net.Sockets.Socket.AwaitableSocketAsyncEventArgs.System.Threading.Tasks.Sources.IValueTaskSource.GetResult(Int16 token)
   at Npgsql.Internal.NpgsqlConnector.ConnectAsync(NpgsqlTimeout timeout, CancellationToken cancellationToken)
   at Npgsql.Internal.NpgsqlConnector.ConnectAsync(NpgsqlTimeout timeout, CancellationToken cancellationToken)
   at Npgsql.Internal.NpgsqlConnector.RawOpen(NpgsqlTimeout timeout, Boolean async, CancellationToken cancellationToken)
   at Npgsql.Internal.NpgsqlConnector.<Open>g__OpenCore|209_0(NpgsqlConnector conn, String username, SslMode sslMode, GssEncryptionMode gssEncMode, NpgsqlTimeout timeout, Boolean async, CancellationToken cancellationToken)
   at Npgsql.Internal.NpgsqlConnector.Open(NpgsqlTimeout timeout, Boolean async, CancellationToken cancellationToken)
   at Npgsql.PoolingDataSource.OpenNewConnector(NpgsqlConnection conn, NpgsqlTimeout timeout, Boolean async, CancellationToken cancellationToken)
   at Npgsql.PoolingDataSource.<Get>g__RentAsync|33_0(NpgsqlConnection conn, NpgsqlTimeout timeout, Boolean async, CancellationToken cancellationToken)
   at Npgsql.NpgsqlConnection.<Open>g__OpenAsync|42_0(Boolean async, CancellationToken cancellationToken)
   at Microsoft.EntityFrameworkCore.Storage.RelationalConnection.OpenInternalAsync(Boolean errorsExpected, CancellationToken cancellationToken)
   at Microsoft.EntityFrameworkCore.Storage.RelationalConnection.OpenInternalAsync(Boolean errorsExpected, CancellationToken cancellationToken)
   at Microsoft.EntityFrameworkCore.Storage.RelationalConnection.OpenAsync(CancellationToken cancellationToken, Boolean errorsExpected)
   at Microsoft.EntityFrameworkCore.Storage.RelationalCommand.ExecuteReaderAsync(RelationalCommandParameterObject parameterObject, CancellationToken cancellationToken)
   at Microsoft.EntityFrameworkCore.Query.Internal.SplitQueryingEnumerable`1.AsyncEnumerator.InitializeReaderAsync(AsyncEnumerator enumerator, CancellationToken cancellationToken)
   at Npgsql.EntityFrameworkCore.PostgreSQL.Storage.Internal.NpgsqlExecutionStrategy.ExecuteAsync[TState,TResult](TState state, Func`4 operation, Func`4 verifySucceeded, CancellationToken cancellationToken)
   --- End of inner exception stack trace ---
   at Npgsql.EntityFrameworkCore.PostgreSQL.Storage.Internal.NpgsqlExecutionStrategy.ExecuteAsync[TState,TResult](TState state, Func`4 operation, Func`4 verifySucceeded, CancellationToken cancellationToken)
   at Microsoft.EntityFrameworkCore.Query.Internal.SplitQueryingEnumerable`1.AsyncEnumerator.MoveNextAsync() System.InvalidOperationException: An exception has been raised that is likely due to a transient failure.
 ---> Npgsql.NpgsqlException (0x80004005): Failed to connect to 127.0.0.1:5432
 ---> System.Net.Sockets.SocketException (10061): No connection could be made because the target machine actively refused it.
   at System.Net.Sockets.Socket.AwaitableSocketAsyncEventArgs.ThrowException(SocketError error, CancellationToken cancellationToken)
   at System.Net.Sockets.Socket.AwaitableSocketAsyncEventArgs.System.Threading.Tasks.Sources.IValueTaskSource.GetResult(Int16 token)
   at Npgsql.Internal.NpgsqlConnector.ConnectAsync(NpgsqlTimeout timeout, CancellationToken cancellationToken)
   at Npgsql.Internal.NpgsqlConnector.ConnectAsync(NpgsqlTimeout timeout, CancellationToken cancellationToken)
   at Npgsql.Internal.NpgsqlConnector.RawOpen(NpgsqlTimeout timeout, Boolean async, CancellationToken cancellationToken)
   at Npgsql.Internal.NpgsqlConnector.<Open>g__OpenCore|209_0(NpgsqlConnector conn, String username, SslMode sslMode, GssEncryptionMode gssEncMode, NpgsqlTimeout timeout, Boolean async, CancellationToken cancellationToken)
   at Npgsql.Internal.NpgsqlConnector.Open(NpgsqlTimeout timeout, Boolean async, CancellationToken cancellationToken)
   at Npgsql.PoolingDataSource.OpenNewConnector(NpgsqlConnection conn, NpgsqlTimeout timeout, Boolean async, CancellationToken cancellationToken)
   at Npgsql.PoolingDataSource.<Get>g__RentAsync|33_0(NpgsqlConnection conn, NpgsqlTimeout timeout, Boolean async, CancellationToken cancellationToken)
   at Npgsql.NpgsqlConnection.<Open>g__OpenAsync|42_0(Boolean async, CancellationToken cancellationToken)
   at Microsoft.EntityFrameworkCore.Storage.RelationalConnection.OpenInternalAsync(Boolean errorsExpected, CancellationToken cancellationToken)
   at Microsoft.EntityFrameworkCore.Storage.RelationalConnection.OpenInternalAsync(Boolean errorsExpected, CancellationToken cancellationToken)
   at Microsoft.EntityFrameworkCore.Storage.RelationalConnection.OpenAsync(CancellationToken cancellationToken, Boolean errorsExpected)
   at Microsoft.EntityFrameworkCore.Storage.RelationalCommand.ExecuteReaderAsync(RelationalCommandParameterObject parameterObject, CancellationToken cancellationToken)
   at Microsoft.EntityFrameworkCore.Query.Internal.SplitQueryingEnumerable`1.AsyncEnumerator.InitializeReaderAsync(AsyncEnumerator enumerator, CancellationToken cancellationToken)
   at Npgsql.EntityFrameworkCore.PostgreSQL.Storage.Internal.NpgsqlExecutionStrategy.ExecuteAsync[TState,TResult](TState state, Func`4 operation, Func`4 verifySucceeded, CancellationToken cancellationToken)
   --- End of inner exception stack trace ---
   at Npgsql.EntityFrameworkCore.PostgreSQL.Storage.Internal.NpgsqlExecutionStrategy.ExecuteAsync[TState,TResult](TState state, Func`4 operation, Func`4 verifySucceeded, CancellationToken cancellationToken)
   at Microsoft.EntityFrameworkCore.Query.Internal.SplitQueryingEnumerable`1.AsyncEnumerator.MoveNextAsync()
2026-05-19 09:46:47.7747 [ERROR] Microsoft.EntityFrameworkCore.Database.Connection - An error occurred using the connection to database 'taphoa2_db' on server 'tcp://localhost:5432'. 
2026-05-19 09:46:47.7747 [ERROR] Microsoft.EntityFrameworkCore.Query - An exception occurred while iterating over the results of a query for context type 'TapHoa.Persistence.Data.AppDbContext'.
System.InvalidOperationException: An exception has been raised that is likely due to a transient failure.
 ---> Npgsql.NpgsqlException (0x80004005): Failed to connect to 127.0.0.1:5432
 ---> System.Net.Sockets.SocketException (10061): No connection could be made because the target machine actively refused it.
   at System.Net.Sockets.Socket.AwaitableSocketAsyncEventArgs.ThrowException(SocketError error, CancellationToken cancellationToken)
   at System.Net.Sockets.Socket.AwaitableSocketAsyncEventArgs.System.Threading.Tasks.Sources.IValueTaskSource.GetResult(Int16 token)
   at Npgsql.Internal.NpgsqlConnector.ConnectAsync(NpgsqlTimeout timeout, CancellationToken cancellationToken)
   at Npgsql.Internal.NpgsqlConnector.ConnectAsync(NpgsqlTimeout timeout, CancellationToken cancellationToken)
   at Npgsql.Internal.NpgsqlConnector.RawOpen(NpgsqlTimeout timeout, Boolean async, CancellationToken cancellationToken)
   at Npgsql.Internal.NpgsqlConnector.<Open>g__OpenCore|209_0(NpgsqlConnector conn, String username, SslMode sslMode, GssEncryptionMode gssEncMode, NpgsqlTimeout timeout, Boolean async, CancellationToken cancellationToken)
   at Npgsql.Internal.NpgsqlConnector.Open(NpgsqlTimeout timeout, Boolean async, CancellationToken cancellationToken)
   at Npgsql.PoolingDataSource.OpenNewConnector(NpgsqlConnection conn, NpgsqlTimeout timeout, Boolean async, CancellationToken cancellationToken)
   at Npgsql.PoolingDataSource.<Get>g__RentAsync|33_0(NpgsqlConnection conn, NpgsqlTimeout timeout, Boolean async, CancellationToken cancellationToken)
   at Npgsql.NpgsqlConnection.<Open>g__OpenAsync|42_0(Boolean async, CancellationToken cancellationToken)
   at Microsoft.EntityFrameworkCore.Storage.RelationalConnection.OpenInternalAsync(Boolean errorsExpected, CancellationToken cancellationToken)
   at Microsoft.EntityFrameworkCore.Storage.RelationalConnection.OpenInternalAsync(Boolean errorsExpected, CancellationToken cancellationToken)
   at Microsoft.EntityFrameworkCore.Storage.RelationalConnection.OpenAsync(CancellationToken cancellationToken, Boolean errorsExpected)
   at Microsoft.EntityFrameworkCore.Storage.RelationalCommand.ExecuteReaderAsync(RelationalCommandParameterObject parameterObject, CancellationToken cancellationToken)
   at Microsoft.EntityFrameworkCore.Query.Internal.SplitQueryingEnumerable`1.AsyncEnumerator.InitializeReaderAsync(AsyncEnumerator enumerator, CancellationToken cancellationToken)
   at Npgsql.EntityFrameworkCore.PostgreSQL.Storage.Internal.NpgsqlExecutionStrategy.ExecuteAsync[TState,TResult](TState state, Func`4 operation, Func`4 verifySucceeded, CancellationToken cancellationToken)
   --- End of inner exception stack trace ---
   at Npgsql.EntityFrameworkCore.PostgreSQL.Storage.Internal.NpgsqlExecutionStrategy.ExecuteAsync[TState,TResult](TState state, Func`4 operation, Func`4 verifySucceeded, CancellationToken cancellationToken)
   at Microsoft.EntityFrameworkCore.Query.Internal.SplitQueryingEnumerable`1.AsyncEnumerator.MoveNextAsync() System.InvalidOperationException: An exception has been raised that is likely due to a transient failure.
 ---> Npgsql.NpgsqlException (0x80004005): Failed to connect to 127.0.0.1:5432
 ---> System.Net.Sockets.SocketException (10061): No connection could be made because the target machine actively refused it.
   at System.Net.Sockets.Socket.AwaitableSocketAsyncEventArgs.ThrowException(SocketError error, CancellationToken cancellationToken)
   at System.Net.Sockets.Socket.AwaitableSocketAsyncEventArgs.System.Threading.Tasks.Sources.IValueTaskSource.GetResult(Int16 token)
   at Npgsql.Internal.NpgsqlConnector.ConnectAsync(NpgsqlTimeout timeout, CancellationToken cancellationToken)
   at Npgsql.Internal.NpgsqlConnector.ConnectAsync(NpgsqlTimeout timeout, CancellationToken cancellationToken)
   at Npgsql.Internal.NpgsqlConnector.RawOpen(NpgsqlTimeout timeout, Boolean async, CancellationToken cancellationToken)
   at Npgsql.Internal.NpgsqlConnector.<Open>g__OpenCore|209_0(NpgsqlConnector conn, String username, SslMode sslMode, GssEncryptionMode gssEncMode, NpgsqlTimeout timeout, Boolean async, CancellationToken cancellationToken)
   at Npgsql.Internal.NpgsqlConnector.Open(NpgsqlTimeout timeout, Boolean async, CancellationToken cancellationToken)
   at Npgsql.PoolingDataSource.OpenNewConnector(NpgsqlConnection conn, NpgsqlTimeout timeout, Boolean async, CancellationToken cancellationToken)
   at Npgsql.PoolingDataSource.<Get>g__RentAsync|33_0(NpgsqlConnection conn, NpgsqlTimeout timeout, Boolean async, CancellationToken cancellationToken)
   at Npgsql.NpgsqlConnection.<Open>g__OpenAsync|42_0(Boolean async, CancellationToken cancellationToken)
   at Microsoft.EntityFrameworkCore.Storage.RelationalConnection.OpenInternalAsync(Boolean errorsExpected, CancellationToken cancellationToken)
   at Microsoft.EntityFrameworkCore.Storage.RelationalConnection.OpenInternalAsync(Boolean errorsExpected, CancellationToken cancellationToken)
   at Microsoft.EntityFrameworkCore.Storage.RelationalConnection.OpenAsync(CancellationToken cancellationToken, Boolean errorsExpected)
   at Microsoft.EntityFrameworkCore.Storage.RelationalCommand.ExecuteReaderAsync(RelationalCommandParameterObject parameterObject, CancellationToken cancellationToken)
   at Microsoft.EntityFrameworkCore.Query.Internal.SplitQueryingEnumerable`1.AsyncEnumerator.InitializeReaderAsync(AsyncEnumerator enumerator, CancellationToken cancellationToken)
   at Npgsql.EntityFrameworkCore.PostgreSQL.Storage.Internal.NpgsqlExecutionStrategy.ExecuteAsync[TState,TResult](TState state, Func`4 operation, Func`4 verifySucceeded, CancellationToken cancellationToken)
   --- End of inner exception stack trace ---
   at Npgsql.EntityFrameworkCore.PostgreSQL.Storage.Internal.NpgsqlExecutionStrategy.ExecuteAsync[TState,TResult](TState state, Func`4 operation, Func`4 verifySucceeded, CancellationToken cancellationToken)
   at Microsoft.EntityFrameworkCore.Query.Internal.SplitQueryingEnumerable`1.AsyncEnumerator.MoveNextAsync()
2026-05-19 09:46:55.0865 [ERROR] Microsoft.EntityFrameworkCore.Database.Connection - An error occurred using the connection to database 'taphoa2_db' on server 'tcp://localhost:5432'. 
2026-05-19 09:46:55.0865 [ERROR] Microsoft.EntityFrameworkCore.Query - An exception occurred while iterating over the results of a query for context type 'TapHoa.Persistence.Data.AppDbContext'.
System.InvalidOperationException: An exception has been raised that is likely due to a transient failure.
 ---> Npgsql.NpgsqlException (0x80004005): Failed to connect to 127.0.0.1:5432
 ---> System.Net.Sockets.SocketException (10061): No connection could be made because the target machine actively refused it.
   at System.Net.Sockets.Socket.AwaitableSocketAsyncEventArgs.ThrowException(SocketError error, CancellationToken cancellationToken)
   at System.Net.Sockets.Socket.AwaitableSocketAsyncEventArgs.System.Threading.Tasks.Sources.IValueTaskSource.GetResult(Int16 token)
   at Npgsql.Internal.NpgsqlConnector.ConnectAsync(NpgsqlTimeout timeout, CancellationToken cancellationToken)
   at Npgsql.Internal.NpgsqlConnector.ConnectAsync(NpgsqlTimeout timeout, CancellationToken cancellationToken)
   at Npgsql.Internal.NpgsqlConnector.RawOpen(NpgsqlTimeout timeout, Boolean async, CancellationToken cancellationToken)
   at Npgsql.Internal.NpgsqlConnector.<Open>g__OpenCore|209_0(NpgsqlConnector conn, String username, SslMode sslMode, GssEncryptionMode gssEncMode, NpgsqlTimeout timeout, Boolean async, CancellationToken cancellationToken)
   at Npgsql.Internal.NpgsqlConnector.Open(NpgsqlTimeout timeout, Boolean async, CancellationToken cancellationToken)
   at Npgsql.PoolingDataSource.OpenNewConnector(NpgsqlConnection conn, NpgsqlTimeout timeout, Boolean async, CancellationToken cancellationToken)
   at Npgsql.PoolingDataSource.<Get>g__RentAsync|33_0(NpgsqlConnection conn, NpgsqlTimeout timeout, Boolean async, CancellationToken cancellationToken)
   at Npgsql.NpgsqlConnection.<Open>g__OpenAsync|42_0(Boolean async, CancellationToken cancellationToken)
   at Microsoft.EntityFrameworkCore.Storage.RelationalConnection.OpenInternalAsync(Boolean errorsExpected, CancellationToken cancellationToken)
   at Microsoft.EntityFrameworkCore.Storage.RelationalConnection.OpenInternalAsync(Boolean errorsExpected, CancellationToken cancellationToken)
   at Microsoft.EntityFrameworkCore.Storage.RelationalConnection.OpenAsync(CancellationToken cancellationToken, Boolean errorsExpected)
   at Microsoft.EntityFrameworkCore.Storage.RelationalCommand.ExecuteReaderAsync(RelationalCommandParameterObject parameterObject, CancellationToken cancellationToken)
   at Microsoft.EntityFrameworkCore.Query.Internal.SplitQueryingEnumerable`1.AsyncEnumerator.InitializeReaderAsync(AsyncEnumerator enumerator, CancellationToken cancellationToken)
   at Npgsql.EntityFrameworkCore.PostgreSQL.Storage.Internal.NpgsqlExecutionStrategy.ExecuteAsync[TState,TResult](TState state, Func`4 operation, Func`4 verifySucceeded, CancellationToken cancellationToken)
   --- End of inner exception stack trace ---
   at Npgsql.EntityFrameworkCore.PostgreSQL.Storage.Internal.NpgsqlExecutionStrategy.ExecuteAsync[TState,TResult](TState state, Func`4 operation, Func`4 verifySucceeded, CancellationToken cancellationToken)
   at Microsoft.EntityFrameworkCore.Query.Internal.SplitQueryingEnumerable`1.AsyncEnumerator.MoveNextAsync() System.InvalidOperationException: An exception has been raised that is likely due to a transient failure.
 ---> Npgsql.NpgsqlException (0x80004005): Failed to connect to 127.0.0.1:5432
 ---> System.Net.Sockets.SocketException (10061): No connection could be made because the target machine actively refused it.
   at System.Net.Sockets.Socket.AwaitableSocketAsyncEventArgs.ThrowException(SocketError error, CancellationToken cancellationToken)
   at System.Net.Sockets.Socket.AwaitableSocketAsyncEventArgs.System.Threading.Tasks.Sources.IValueTaskSource.GetResult(Int16 token)
   at Npgsql.Internal.NpgsqlConnector.ConnectAsync(NpgsqlTimeout timeout, CancellationToken cancellationToken)
   at Npgsql.Internal.NpgsqlConnector.ConnectAsync(NpgsqlTimeout timeout, CancellationToken cancellationToken)
   at Npgsql.Internal.NpgsqlConnector.RawOpen(NpgsqlTimeout timeout, Boolean async, CancellationToken cancellationToken)
   at Npgsql.Internal.NpgsqlConnector.<Open>g__OpenCore|209_0(NpgsqlConnector conn, String username, SslMode sslMode, GssEncryptionMode gssEncMode, NpgsqlTimeout timeout, Boolean async, CancellationToken cancellationToken)
   at Npgsql.Internal.NpgsqlConnector.Open(NpgsqlTimeout timeout, Boolean async, CancellationToken cancellationToken)
   at Npgsql.PoolingDataSource.OpenNewConnector(NpgsqlConnection conn, NpgsqlTimeout timeout, Boolean async, CancellationToken cancellationToken)
   at Npgsql.PoolingDataSource.<Get>g__RentAsync|33_0(NpgsqlConnection conn, NpgsqlTimeout timeout, Boolean async, CancellationToken cancellationToken)
   at Npgsql.NpgsqlConnection.<Open>g__OpenAsync|42_0(Boolean async, CancellationToken cancellationToken)
   at Microsoft.EntityFrameworkCore.Storage.RelationalConnection.OpenInternalAsync(Boolean errorsExpected, CancellationToken cancellationToken)
   at Microsoft.EntityFrameworkCore.Storage.RelationalConnection.OpenInternalAsync(Boolean errorsExpected, CancellationToken cancellationToken)
   at Microsoft.EntityFrameworkCore.Storage.RelationalConnection.OpenAsync(CancellationToken cancellationToken, Boolean errorsExpected)
   at Microsoft.EntityFrameworkCore.Storage.RelationalCommand.ExecuteReaderAsync(RelationalCommandParameterObject parameterObject, CancellationToken cancellationToken)
   at Microsoft.EntityFrameworkCore.Query.Internal.SplitQueryingEnumerable`1.AsyncEnumerator.InitializeReaderAsync(AsyncEnumerator enumerator, CancellationToken cancellationToken)
   at Npgsql.EntityFrameworkCore.PostgreSQL.Storage.Internal.NpgsqlExecutionStrategy.ExecuteAsync[TState,TResult](TState state, Func`4 operation, Func`4 verifySucceeded, CancellationToken cancellationToken)
   --- End of inner exception stack trace ---
   at Npgsql.EntityFrameworkCore.PostgreSQL.Storage.Internal.NpgsqlExecutionStrategy.ExecuteAsync[TState,TResult](TState state, Func`4 operation, Func`4 verifySucceeded, CancellationToken cancellationToken)
   at Microsoft.EntityFrameworkCore.Query.Internal.SplitQueryingEnumerable`1.AsyncEnumerator.MoveNextAsync()
2026-05-19 10:30:06.3686 [INFO] TapHoa.Api.Program - Starting TapHoa API 
2026-05-19 10:42:31.9500 [WARN] LuckyPennySoftware.MediatR.License - You do not have a valid license key for the Lucky Penny software MediatR. This is allowed for development and testing scenarios. If you are running in production you are required to have a licensed version. Please visit https://luckypennysoftware.com to obtain a valid license. 
2026-05-19 10:42:40.0591 [ERROR] Microsoft.EntityFrameworkCore.Database.Command - Failed executing DbCommand (10ms) [Parameters=[@request_UserId='?' (DbType = Guid), @p2='?' (DbType = Int32), @p='?' (DbType = Int32)], CommandType='Text', CommandTimeout='30']
SELECT o0."Id", o0."CancelReason", o0."CancelledAt", o0."ConfirmedAt", o0."CreatedAt", o0."DeliveredAt", o0."Note", o0."ShippingAddressId", o0."ShippingAt", o0."Status", o0."TotalAmount", o0."UpdatedAt", o0."UserId", a."Id", a."CreatedAt", a."District", a."IsDefault", a."PhoneNumber", a."Province", a."ReceiverName", a."StreetAddress", a."UpdatedAt", a."UserId", a."Ward"
FROM (
    SELECT o."Id", o."CancelReason", o."CancelledAt", o."ConfirmedAt", o."CreatedAt", o."DeliveredAt", o."Note", o."ShippingAddressId", o."ShippingAt", o."Status", o."TotalAmount", o."UpdatedAt", o."UserId"
    FROM "Orders" AS o
    WHERE o."UserId" = @request_UserId
    ORDER BY o."CreatedAt" DESC
    LIMIT @p2 OFFSET @p
) AS o0
INNER JOIN "Addresses" AS a ON o0."ShippingAddressId" = a."Id"
ORDER BY o0."CreatedAt" DESC, o0."Id", a."Id" 
2026-05-19 10:42:40.0856 [ERROR] Microsoft.EntityFrameworkCore.Query - An exception occurred while iterating over the results of a query for context type 'TapHoa.Persistence.Data.AppDbContext'.
Npgsql.PostgresException (0x80004005): 42703: column o.CancelReason does not exist

POSITION: 402
   at Npgsql.Internal.NpgsqlConnector.ReadMessageLong(Boolean async, DataRowLoadingMode dataRowLoadingMode, Boolean readingNotifications, Boolean isReadingPrependedMessage)
   at System.Runtime.CompilerServices.PoolingAsyncValueTaskMethodBuilder`1.StateMachineBox`1.System.Threading.Tasks.Sources.IValueTaskSource<TResult>.GetResult(Int16 token)
   at Npgsql.NpgsqlDataReader.NextResult(Boolean async, Boolean isConsuming, CancellationToken cancellationToken)
   at Npgsql.NpgsqlDataReader.NextResult(Boolean async, Boolean isConsuming, CancellationToken cancellationToken)
   at Npgsql.NpgsqlCommand.ExecuteReader(Boolean async, CommandBehavior behavior, CancellationToken cancellationToken)
   at Npgsql.NpgsqlCommand.ExecuteReader(Boolean async, CommandBehavior behavior, CancellationToken cancellationToken)
   at Npgsql.NpgsqlCommand.ExecuteDbDataReaderAsync(CommandBehavior behavior, CancellationToken cancellationToken)
   at Microsoft.EntityFrameworkCore.Storage.RelationalCommand.ExecuteReaderAsync(RelationalCommandParameterObject parameterObject, CancellationToken cancellationToken)
   at Microsoft.EntityFrameworkCore.Storage.RelationalCommand.ExecuteReaderAsync(RelationalCommandParameterObject parameterObject, CancellationToken cancellationToken)
   at Microsoft.EntityFrameworkCore.Query.Internal.SplitQueryingEnumerable`1.AsyncEnumerator.InitializeReaderAsync(AsyncEnumerator enumerator, CancellationToken cancellationToken)
   at Npgsql.EntityFrameworkCore.PostgreSQL.Storage.Internal.NpgsqlExecutionStrategy.ExecuteAsync[TState,TResult](TState state, Func`4 operation, Func`4 verifySucceeded, CancellationToken cancellationToken)
   at Microsoft.EntityFrameworkCore.Query.Internal.SplitQueryingEnumerable`1.AsyncEnumerator.MoveNextAsync()
  Exception data:
    Severity: ERROR
    SqlState: 42703
    MessageText: column o.CancelReason does not exist
    Position: 402
    File: parse_relation.c
    Line: 3722
    Routine: errorMissingColumn Npgsql.PostgresException (0x80004005): 42703: column o.CancelReason does not exist

POSITION: 402
   at Npgsql.Internal.NpgsqlConnector.ReadMessageLong(Boolean async, DataRowLoadingMode dataRowLoadingMode, Boolean readingNotifications, Boolean isReadingPrependedMessage)
   at System.Runtime.CompilerServices.PoolingAsyncValueTaskMethodBuilder`1.StateMachineBox`1.System.Threading.Tasks.Sources.IValueTaskSource<TResult>.GetResult(Int16 token)
   at Npgsql.NpgsqlDataReader.NextResult(Boolean async, Boolean isConsuming, CancellationToken cancellationToken)
   at Npgsql.NpgsqlDataReader.NextResult(Boolean async, Boolean isConsuming, CancellationToken cancellationToken)
   at Npgsql.NpgsqlCommand.ExecuteReader(Boolean async, CommandBehavior behavior, CancellationToken cancellationToken)
   at Npgsql.NpgsqlCommand.ExecuteReader(Boolean async, CommandBehavior behavior, CancellationToken cancellationToken)
   at Npgsql.NpgsqlCommand.ExecuteDbDataReaderAsync(CommandBehavior behavior, CancellationToken cancellationToken)
   at Microsoft.EntityFrameworkCore.Storage.RelationalCommand.ExecuteReaderAsync(RelationalCommandParameterObject parameterObject, CancellationToken cancellationToken)
   at Microsoft.EntityFrameworkCore.Storage.RelationalCommand.ExecuteReaderAsync(RelationalCommandParameterObject parameterObject, CancellationToken cancellationToken)
   at Microsoft.EntityFrameworkCore.Query.Internal.SplitQueryingEnumerable`1.AsyncEnumerator.InitializeReaderAsync(AsyncEnumerator enumerator, CancellationToken cancellationToken)
   at Npgsql.EntityFrameworkCore.PostgreSQL.Storage.Internal.NpgsqlExecutionStrategy.ExecuteAsync[TState,TResult](TState state, Func`4 operation, Func`4 verifySucceeded, CancellationToken cancellationToken)
   at Microsoft.EntityFrameworkCore.Query.Internal.SplitQueryingEnumerable`1.AsyncEnumerator.MoveNextAsync()
  Exception data:
    Severity: ERROR
    SqlState: 42703
    MessageText: column o.CancelReason does not exist
    Position: 402
    File: parse_relation.c
    Line: 3722
    Routine: errorMissingColumn
2026-05-19 10:42:41.1313 [ERROR] Microsoft.EntityFrameworkCore.Database.Command - Failed executing DbCommand (1ms) [Parameters=[@request_UserId='?' (DbType = Guid), @p2='?' (DbType = Int32), @p='?' (DbType = Int32)], CommandType='Text', CommandTimeout='30']
SELECT o0."Id", o0."CancelReason", o0."CancelledAt", o0."ConfirmedAt", o0."CreatedAt", o0."DeliveredAt", o0."Note", o0."ShippingAddressId", o0."ShippingAt", o0."Status", o0."TotalAmount", o0."UpdatedAt", o0."UserId", a."Id", a."CreatedAt", a."District", a."IsDefault", a."PhoneNumber", a."Province", a."ReceiverName", a."StreetAddress", a."UpdatedAt", a."UserId", a."Ward"
FROM (
    SELECT o."Id", o."CancelReason", o."CancelledAt", o."ConfirmedAt", o."CreatedAt", o."DeliveredAt", o."Note", o."ShippingAddressId", o."ShippingAt", o."Status", o."TotalAmount", o."UpdatedAt", o."UserId"
    FROM "Orders" AS o
    WHERE o."UserId" = @request_UserId
    ORDER BY o."CreatedAt" DESC
    LIMIT @p2 OFFSET @p
) AS o0
INNER JOIN "Addresses" AS a ON o0."ShippingAddressId" = a."Id"
ORDER BY o0."CreatedAt" DESC, o0."Id", a."Id" 
2026-05-19 10:42:41.1352 [ERROR] Microsoft.EntityFrameworkCore.Query - An exception occurred while iterating over the results of a query for context type 'TapHoa.Persistence.Data.AppDbContext'.
Npgsql.PostgresException (0x80004005): 42703: column o.CancelReason does not exist

POSITION: 402
   at Npgsql.Internal.NpgsqlConnector.ReadMessageLong(Boolean async, DataRowLoadingMode dataRowLoadingMode, Boolean readingNotifications, Boolean isReadingPrependedMessage)
   at System.Runtime.CompilerServices.PoolingAsyncValueTaskMethodBuilder`1.StateMachineBox`1.System.Threading.Tasks.Sources.IValueTaskSource<TResult>.GetResult(Int16 token)
   at Npgsql.NpgsqlDataReader.NextResult(Boolean async, Boolean isConsuming, CancellationToken cancellationToken)
   at Npgsql.NpgsqlDataReader.NextResult(Boolean async, Boolean isConsuming, CancellationToken cancellationToken)
   at Npgsql.NpgsqlCommand.ExecuteReader(Boolean async, CommandBehavior behavior, CancellationToken cancellationToken)
   at Npgsql.NpgsqlCommand.ExecuteReader(Boolean async, CommandBehavior behavior, CancellationToken cancellationToken)
   at Npgsql.NpgsqlCommand.ExecuteDbDataReaderAsync(CommandBehavior behavior, CancellationToken cancellationToken)
   at Microsoft.EntityFrameworkCore.Storage.RelationalCommand.ExecuteReaderAsync(RelationalCommandParameterObject parameterObject, CancellationToken cancellationToken)
   at Microsoft.EntityFrameworkCore.Storage.RelationalCommand.ExecuteReaderAsync(RelationalCommandParameterObject parameterObject, CancellationToken cancellationToken)
   at Microsoft.EntityFrameworkCore.Query.Internal.SplitQueryingEnumerable`1.AsyncEnumerator.InitializeReaderAsync(AsyncEnumerator enumerator, CancellationToken cancellationToken)
   at Npgsql.EntityFrameworkCore.PostgreSQL.Storage.Internal.NpgsqlExecutionStrategy.ExecuteAsync[TState,TResult](TState state, Func`4 operation, Func`4 verifySucceeded, CancellationToken cancellationToken)
   at Microsoft.EntityFrameworkCore.Query.Internal.SplitQueryingEnumerable`1.AsyncEnumerator.MoveNextAsync()
  Exception data:
    Severity: ERROR
    SqlState: 42703
    MessageText: column o.CancelReason does not exist
    Position: 402
    File: parse_relation.c
    Line: 3722
    Routine: errorMissingColumn Npgsql.PostgresException (0x80004005): 42703: column o.CancelReason does not exist

POSITION: 402
   at Npgsql.Internal.NpgsqlConnector.ReadMessageLong(Boolean async, DataRowLoadingMode dataRowLoadingMode, Boolean readingNotifications, Boolean isReadingPrependedMessage)
   at System.Runtime.CompilerServices.PoolingAsyncValueTaskMethodBuilder`1.StateMachineBox`1.System.Threading.Tasks.Sources.IValueTaskSource<TResult>.GetResult(Int16 token)
   at Npgsql.NpgsqlDataReader.NextResult(Boolean async, Boolean isConsuming, CancellationToken cancellationToken)
   at Npgsql.NpgsqlDataReader.NextResult(Boolean async, Boolean isConsuming, CancellationToken cancellationToken)
   at Npgsql.NpgsqlCommand.ExecuteReader(Boolean async, CommandBehavior behavior, CancellationToken cancellationToken)
   at Npgsql.NpgsqlCommand.ExecuteReader(Boolean async, CommandBehavior behavior, CancellationToken cancellationToken)
   at Npgsql.NpgsqlCommand.ExecuteDbDataReaderAsync(CommandBehavior behavior, CancellationToken cancellationToken)
   at Microsoft.EntityFrameworkCore.Storage.RelationalCommand.ExecuteReaderAsync(RelationalCommandParameterObject parameterObject, CancellationToken cancellationToken)
   at Microsoft.EntityFrameworkCore.Storage.RelationalCommand.ExecuteReaderAsync(RelationalCommandParameterObject parameterObject, CancellationToken cancellationToken)
   at Microsoft.EntityFrameworkCore.Query.Internal.SplitQueryingEnumerable`1.AsyncEnumerator.InitializeReaderAsync(AsyncEnumerator enumerator, CancellationToken cancellationToken)
   at Npgsql.EntityFrameworkCore.PostgreSQL.Storage.Internal.NpgsqlExecutionStrategy.ExecuteAsync[TState,TResult](TState state, Func`4 operation, Func`4 verifySucceeded, CancellationToken cancellationToken)
   at Microsoft.EntityFrameworkCore.Query.Internal.SplitQueryingEnumerable`1.AsyncEnumerator.MoveNextAsync()
  Exception data:
    Severity: ERROR
    SqlState: 42703
    MessageText: column o.CancelReason does not exist
    Position: 402
    File: parse_relation.c
    Line: 3722
    Routine: errorMissingColumn
2026-05-19 10:42:45.1008 [ERROR] Microsoft.EntityFrameworkCore.Database.Command - Failed executing DbCommand (1ms) [Parameters=[@request_UserId='?' (DbType = Guid), @p2='?' (DbType = Int32), @p='?' (DbType = Int32)], CommandType='Text', CommandTimeout='30']
SELECT o0."Id", o0."CancelReason", o0."CancelledAt", o0."ConfirmedAt", o0."CreatedAt", o0."DeliveredAt", o0."Note", o0."ShippingAddressId", o0."ShippingAt", o0."Status", o0."TotalAmount", o0."UpdatedAt", o0."UserId", a."Id", a."CreatedAt", a."District", a."IsDefault", a."PhoneNumber", a."Province", a."ReceiverName", a."StreetAddress", a."UpdatedAt", a."UserId", a."Ward"
FROM (
    SELECT o."Id", o."CancelReason", o."CancelledAt", o."ConfirmedAt", o."CreatedAt", o."DeliveredAt", o."Note", o."ShippingAddressId", o."ShippingAt", o."Status", o."TotalAmount", o."UpdatedAt", o."UserId"
    FROM "Orders" AS o
    WHERE o."UserId" = @request_UserId
    ORDER BY o."CreatedAt" DESC
    LIMIT @p2 OFFSET @p
) AS o0
INNER JOIN "Addresses" AS a ON o0."ShippingAddressId" = a."Id"
ORDER BY o0."CreatedAt" DESC, o0."Id", a."Id" 
2026-05-19 10:42:45.1027 [ERROR] Microsoft.EntityFrameworkCore.Query - An exception occurred while iterating over the results of a query for context type 'TapHoa.Persistence.Data.AppDbContext'.
Npgsql.PostgresException (0x80004005): 42703: column o.CancelReason does not exist

POSITION: 402
   at Npgsql.Internal.NpgsqlConnector.ReadMessageLong(Boolean async, DataRowLoadingMode dataRowLoadingMode, Boolean readingNotifications, Boolean isReadingPrependedMessage)
   at System.Runtime.CompilerServices.PoolingAsyncValueTaskMethodBuilder`1.StateMachineBox`1.System.Threading.Tasks.Sources.IValueTaskSource<TResult>.GetResult(Int16 token)
   at Npgsql.NpgsqlDataReader.NextResult(Boolean async, Boolean isConsuming, CancellationToken cancellationToken)
   at Npgsql.NpgsqlDataReader.NextResult(Boolean async, Boolean isConsuming, CancellationToken cancellationToken)
   at Npgsql.NpgsqlCommand.ExecuteReader(Boolean async, CommandBehavior behavior, CancellationToken cancellationToken)
   at Npgsql.NpgsqlCommand.ExecuteReader(Boolean async, CommandBehavior behavior, CancellationToken cancellationToken)
   at Npgsql.NpgsqlCommand.ExecuteDbDataReaderAsync(CommandBehavior behavior, CancellationToken cancellationToken)
   at Microsoft.EntityFrameworkCore.Storage.RelationalCommand.ExecuteReaderAsync(RelationalCommandParameterObject parameterObject, CancellationToken cancellationToken)
   at Microsoft.EntityFrameworkCore.Storage.RelationalCommand.ExecuteReaderAsync(RelationalCommandParameterObject parameterObject, CancellationToken cancellationToken)
   at Microsoft.EntityFrameworkCore.Query.Internal.SplitQueryingEnumerable`1.AsyncEnumerator.InitializeReaderAsync(AsyncEnumerator enumerator, CancellationToken cancellationToken)
   at Npgsql.EntityFrameworkCore.PostgreSQL.Storage.Internal.NpgsqlExecutionStrategy.ExecuteAsync[TState,TResult](TState state, Func`4 operation, Func`4 verifySucceeded, CancellationToken cancellationToken)
   at Microsoft.EntityFrameworkCore.Query.Internal.SplitQueryingEnumerable`1.AsyncEnumerator.MoveNextAsync()
  Exception data:
    Severity: ERROR
    SqlState: 42703
    MessageText: column o.CancelReason does not exist
    Position: 402
    File: parse_relation.c
    Line: 3722
    Routine: errorMissingColumn Npgsql.PostgresException (0x80004005): 42703: column o.CancelReason does not exist

POSITION: 402
   at Npgsql.Internal.NpgsqlConnector.ReadMessageLong(Boolean async, DataRowLoadingMode dataRowLoadingMode, Boolean readingNotifications, Boolean isReadingPrependedMessage)
   at System.Runtime.CompilerServices.PoolingAsyncValueTaskMethodBuilder`1.StateMachineBox`1.System.Threading.Tasks.Sources.IValueTaskSource<TResult>.GetResult(Int16 token)
   at Npgsql.NpgsqlDataReader.NextResult(Boolean async, Boolean isConsuming, CancellationToken cancellationToken)
   at Npgsql.NpgsqlDataReader.NextResult(Boolean async, Boolean isConsuming, CancellationToken cancellationToken)
   at Npgsql.NpgsqlCommand.ExecuteReader(Boolean async, CommandBehavior behavior, CancellationToken cancellationToken)
   at Npgsql.NpgsqlCommand.ExecuteReader(Boolean async, CommandBehavior behavior, CancellationToken cancellationToken)
   at Npgsql.NpgsqlCommand.ExecuteDbDataReaderAsync(CommandBehavior behavior, CancellationToken cancellationToken)
   at Microsoft.EntityFrameworkCore.Storage.RelationalCommand.ExecuteReaderAsync(RelationalCommandParameterObject parameterObject, CancellationToken cancellationToken)
   at Microsoft.EntityFrameworkCore.Storage.RelationalCommand.ExecuteReaderAsync(RelationalCommandParameterObject parameterObject, CancellationToken cancellationToken)
   at Microsoft.EntityFrameworkCore.Query.Internal.SplitQueryingEnumerable`1.AsyncEnumerator.InitializeReaderAsync(AsyncEnumerator enumerator, CancellationToken cancellationToken)
   at Npgsql.EntityFrameworkCore.PostgreSQL.Storage.Internal.NpgsqlExecutionStrategy.ExecuteAsync[TState,TResult](TState state, Func`4 operation, Func`4 verifySucceeded, CancellationToken cancellationToken)
   at Microsoft.EntityFrameworkCore.Query.Internal.SplitQueryingEnumerable`1.AsyncEnumerator.MoveNextAsync()
  Exception data:
    Severity: ERROR
    SqlState: 42703
    MessageText: column o.CancelReason does not exist
    Position: 402
    File: parse_relation.c
    Line: 3722
    Routine: errorMissingColumn
2026-05-19 10:42:46.1303 [ERROR] Microsoft.EntityFrameworkCore.Database.Command - Failed executing DbCommand (1ms) [Parameters=[@request_UserId='?' (DbType = Guid), @p2='?' (DbType = Int32), @p='?' (DbType = Int32)], CommandType='Text', CommandTimeout='30']
SELECT o0."Id", o0."CancelReason", o0."CancelledAt", o0."ConfirmedAt", o0."CreatedAt", o0."DeliveredAt", o0."Note", o0."ShippingAddressId", o0."ShippingAt", o0."Status", o0."TotalAmount", o0."UpdatedAt", o0."UserId", a."Id", a."CreatedAt", a."District", a."IsDefault", a."PhoneNumber", a."Province", a."ReceiverName", a."StreetAddress", a."UpdatedAt", a."UserId", a."Ward"
FROM (
    SELECT o."Id", o."CancelReason", o."CancelledAt", o."ConfirmedAt", o."CreatedAt", o."DeliveredAt", o."Note", o."ShippingAddressId", o."ShippingAt", o."Status", o."TotalAmount", o."UpdatedAt", o."UserId"
    FROM "Orders" AS o
    WHERE o."UserId" = @request_UserId
    ORDER BY o."CreatedAt" DESC
    LIMIT @p2 OFFSET @p
) AS o0
INNER JOIN "Addresses" AS a ON o0."ShippingAddressId" = a."Id"
ORDER BY o0."CreatedAt" DESC, o0."Id", a."Id" 
2026-05-19 10:42:46.1303 [ERROR] Microsoft.EntityFrameworkCore.Query - An exception occurred while iterating over the results of a query for context type 'TapHoa.Persistence.Data.AppDbContext'.
Npgsql.PostgresException (0x80004005): 42703: column o.CancelReason does not exist

POSITION: 402
   at Npgsql.Internal.NpgsqlConnector.ReadMessageLong(Boolean async, DataRowLoadingMode dataRowLoadingMode, Boolean readingNotifications, Boolean isReadingPrependedMessage)
   at System.Runtime.CompilerServices.PoolingAsyncValueTaskMethodBuilder`1.StateMachineBox`1.System.Threading.Tasks.Sources.IValueTaskSource<TResult>.GetResult(Int16 token)
   at Npgsql.NpgsqlDataReader.NextResult(Boolean async, Boolean isConsuming, CancellationToken cancellationToken)
   at Npgsql.NpgsqlDataReader.NextResult(Boolean async, Boolean isConsuming, CancellationToken cancellationToken)
   at Npgsql.NpgsqlCommand.ExecuteReader(Boolean async, CommandBehavior behavior, CancellationToken cancellationToken)
   at Npgsql.NpgsqlCommand.ExecuteReader(Boolean async, CommandBehavior behavior, CancellationToken cancellationToken)
   at Npgsql.NpgsqlCommand.ExecuteDbDataReaderAsync(CommandBehavior behavior, CancellationToken cancellationToken)
   at Microsoft.EntityFrameworkCore.Storage.RelationalCommand.ExecuteReaderAsync(RelationalCommandParameterObject parameterObject, CancellationToken cancellationToken)
   at Microsoft.EntityFrameworkCore.Storage.RelationalCommand.ExecuteReaderAsync(RelationalCommandParameterObject parameterObject, CancellationToken cancellationToken)
   at Microsoft.EntityFrameworkCore.Query.Internal.SplitQueryingEnumerable`1.AsyncEnumerator.InitializeReaderAsync(AsyncEnumerator enumerator, CancellationToken cancellationToken)
   at Npgsql.EntityFrameworkCore.PostgreSQL.Storage.Internal.NpgsqlExecutionStrategy.ExecuteAsync[TState,TResult](TState state, Func`4 operation, Func`4 verifySucceeded, CancellationToken cancellationToken)
   at Microsoft.EntityFrameworkCore.Query.Internal.SplitQueryingEnumerable`1.AsyncEnumerator.MoveNextAsync()
  Exception data:
    Severity: ERROR
    SqlState: 42703
    MessageText: column o.CancelReason does not exist
    Position: 402
    File: parse_relation.c
    Line: 3722
    Routine: errorMissingColumn Npgsql.PostgresException (0x80004005): 42703: column o.CancelReason does not exist

POSITION: 402
   at Npgsql.Internal.NpgsqlConnector.ReadMessageLong(Boolean async, DataRowLoadingMode dataRowLoadingMode, Boolean readingNotifications, Boolean isReadingPrependedMessage)
   at System.Runtime.CompilerServices.PoolingAsyncValueTaskMethodBuilder`1.StateMachineBox`1.System.Threading.Tasks.Sources.IValueTaskSource<TResult>.GetResult(Int16 token)
   at Npgsql.NpgsqlDataReader.NextResult(Boolean async, Boolean isConsuming, CancellationToken cancellationToken)
   at Npgsql.NpgsqlDataReader.NextResult(Boolean async, Boolean isConsuming, CancellationToken cancellationToken)
   at Npgsql.NpgsqlCommand.ExecuteReader(Boolean async, CommandBehavior behavior, CancellationToken cancellationToken)
   at Npgsql.NpgsqlCommand.ExecuteReader(Boolean async, CommandBehavior behavior, CancellationToken cancellationToken)
   at Npgsql.NpgsqlCommand.ExecuteDbDataReaderAsync(CommandBehavior behavior, CancellationToken cancellationToken)
   at Microsoft.EntityFrameworkCore.Storage.RelationalCommand.ExecuteReaderAsync(RelationalCommandParameterObject parameterObject, CancellationToken cancellationToken)
   at Microsoft.EntityFrameworkCore.Storage.RelationalCommand.ExecuteReaderAsync(RelationalCommandParameterObject parameterObject, CancellationToken cancellationToken)
   at Microsoft.EntityFrameworkCore.Query.Internal.SplitQueryingEnumerable`1.AsyncEnumerator.InitializeReaderAsync(AsyncEnumerator enumerator, CancellationToken cancellationToken)
   at Npgsql.EntityFrameworkCore.PostgreSQL.Storage.Internal.NpgsqlExecutionStrategy.ExecuteAsync[TState,TResult](TState state, Func`4 operation, Func`4 verifySucceeded, CancellationToken cancellationToken)
   at Microsoft.EntityFrameworkCore.Query.Internal.SplitQueryingEnumerable`1.AsyncEnumerator.MoveNextAsync()
  Exception data:
    Severity: ERROR
    SqlState: 42703
    MessageText: column o.CancelReason does not exist
    Position: 402
    File: parse_relation.c
    Line: 3722
    Routine: errorMissingColumn
2026-05-19 10:51:04.6972 [INFO] TapHoa.Api.Program - Starting TapHoa API 
2026-05-19 10:51:06.3807 [WARN] LuckyPennySoftware.MediatR.License - You do not have a valid license key for the Lucky Penny software MediatR. This is allowed for development and testing scenarios. If you are running in production you are required to have a licensed version. Please visit https://luckypennysoftware.com to obtain a valid license. 
2026-05-19 10:51:30.5234 [ERROR] Microsoft.EntityFrameworkCore.Database.Command - Failed executing DbCommand (11ms) [Parameters=[@p0='?' (DbType = Guid), @p1='?' (DbType = Guid), @p2='?', @p3='?' (DbType = DateTime), @p4='?' (DbType = DateTime), @p5='?' (DbType = DateTime), @p6='?' (DbType = DateTime), @p7='?', @p8='?' (DbType = Guid), @p9='?' (DbType = DateTime), @p10='?', @p11='?' (DbType = Decimal), @p12='?' (DbType = DateTime), @p13='?' (DbType = Guid), @p24='?' (DbType = Guid), @p14='?' (DbType = Guid), @p15='?' (DbType = DateTime), @p16='?', @p17='?' (DbType = Decimal), @p18='?' (DbType = Boolean), @p19='?', @p20='?' (DbType = Decimal), @p21='?' (DbType = Int32), @p22='?', @p23='?' (DbType = DateTime), @p25='?' (DbType = Guid), @p26='?' (DbType = DateTime), @p27='?' (DbType = Guid), @p28='?' (DbType = Guid), @p29='?' (DbType = Int32), @p30='?' (DbType = Decimal), @p31='?' (DbType = DateTime)], CommandType='Text', CommandTimeout='30']
DELETE FROM "CartItems"
WHERE "Id" = @p0;
INSERT INTO "Orders" ("Id", "CancelReason", "CancelledAt", "ConfirmedAt", "CreatedAt", "DeliveredAt", "Note", "ShippingAddressId", "ShippingAt", "Status", "TotalAmount", "UpdatedAt", "UserId")
VALUES (@p1, @p2, @p3, @p4, @p5, @p6, @p7, @p8, @p9, @p10, @p11, @p12, @p13);
UPDATE "Products" SET "CategoryId" = @p14, "CreatedAt" = @p15, "Description" = @p16, "DiscountPrice" = @p17, "IsActive" = @p18, "Name" = @p19, "Price" = @p20, "Stock" = @p21, "ThumbnailUrl" = @p22, "UpdatedAt" = @p23
WHERE "Id" = @p24;
INSERT INTO "OrderItems" ("Id", "CreatedAt", "OrderId", "ProductId", "Quantity", "UnitPrice", "UpdatedAt")
VALUES (@p25, @p26, @p27, @p28, @p29, @p30, @p31); 
2026-05-19 10:51:30.5548 [ERROR] Microsoft.EntityFrameworkCore.Update - An exception occurred in the database while saving changes for context type 'TapHoa.Persistence.Data.AppDbContext'.
Microsoft.EntityFrameworkCore.DbUpdateException: An error occurred while saving the entity changes. See the inner exception for details.
 ---> Npgsql.PostgresException (0x80004005): 42703: column "CancelReason" of relation "Orders" does not exist

POSITION: 29
   at Npgsql.Internal.NpgsqlConnector.ReadMessageLong(Boolean async, DataRowLoadingMode dataRowLoadingMode, Boolean readingNotifications, Boolean isReadingPrependedMessage)
   at System.Runtime.CompilerServices.PoolingAsyncValueTaskMethodBuilder`1.StateMachineBox`1.System.Threading.Tasks.Sources.IValueTaskSource<TResult>.GetResult(Int16 token)
   at Npgsql.NpgsqlDataReader.NextResult(Boolean async, Boolean isConsuming, CancellationToken cancellationToken)
   at Npgsql.NpgsqlDataReader.NextResult(Boolean async, Boolean isConsuming, CancellationToken cancellationToken)
   at Npgsql.NpgsqlCommand.ExecuteReader(Boolean async, CommandBehavior behavior, CancellationToken cancellationToken)
   at Npgsql.NpgsqlCommand.ExecuteReader(Boolean async, CommandBehavior behavior, CancellationToken cancellationToken)
   at Npgsql.NpgsqlCommand.ExecuteDbDataReaderAsync(CommandBehavior behavior, CancellationToken cancellationToken)
   at Microsoft.EntityFrameworkCore.Storage.RelationalCommand.ExecuteReaderAsync(RelationalCommandParameterObject parameterObject, CancellationToken cancellationToken)
   at Microsoft.EntityFrameworkCore.Storage.RelationalCommand.ExecuteReaderAsync(RelationalCommandParameterObject parameterObject, CancellationToken cancellationToken)
   at Microsoft.EntityFrameworkCore.Update.ReaderModificationCommandBatch.ExecuteAsync(IRelationalConnection connection, CancellationToken cancellationToken)
  Exception data:
    Severity: ERROR
    SqlState: 42703
    MessageText: column "CancelReason" of relation "Orders" does not exist
    Position: 29
    File: parse_target.c
    Line: 1066
    Routine: checkInsertTargets
   --- End of inner exception stack trace ---
   at Microsoft.EntityFrameworkCore.Update.ReaderModificationCommandBatch.ExecuteAsync(IRelationalConnection connection, CancellationToken cancellationToken)
   at Microsoft.EntityFrameworkCore.Update.Internal.BatchExecutor.ExecuteAsync(IEnumerable`1 commandBatches, IRelationalConnection connection, CancellationToken cancellationToken)
   at Microsoft.EntityFrameworkCore.Update.Internal.BatchExecutor.ExecuteAsync(IEnumerable`1 commandBatches, IRelationalConnection connection, CancellationToken cancellationToken)
   at Microsoft.EntityFrameworkCore.Update.Internal.BatchExecutor.ExecuteAsync(IEnumerable`1 commandBatches, IRelationalConnection connection, CancellationToken cancellationToken)
   at Microsoft.EntityFrameworkCore.Storage.RelationalDatabase.SaveChangesAsync(IList`1 entries, CancellationToken cancellationToken)
   at Microsoft.EntityFrameworkCore.ChangeTracking.Internal.StateManager.SaveChangesAsync(IList`1 entriesToSave, CancellationToken cancellationToken)
   at Microsoft.EntityFrameworkCore.ChangeTracking.Internal.StateManager.SaveChangesAsync(StateManager stateManager, Boolean acceptAllChangesOnSuccess, CancellationToken cancellationToken)
   at Npgsql.EntityFrameworkCore.PostgreSQL.Storage.Internal.NpgsqlExecutionStrategy.ExecuteAsync[TState,TResult](TState state, Func`4 operation, Func`4 verifySucceeded, CancellationToken cancellationToken)
   at Microsoft.EntityFrameworkCore.DbContext.SaveChangesAsync(Boolean acceptAllChangesOnSuccess, CancellationToken cancellationToken) Microsoft.EntityFrameworkCore.DbUpdateException: An error occurred while saving the entity changes. See the inner exception for details.
 ---> Npgsql.PostgresException (0x80004005): 42703: column "CancelReason" of relation "Orders" does not exist

POSITION: 29
   at Npgsql.Internal.NpgsqlConnector.ReadMessageLong(Boolean async, DataRowLoadingMode dataRowLoadingMode, Boolean readingNotifications, Boolean isReadingPrependedMessage)
   at System.Runtime.CompilerServices.PoolingAsyncValueTaskMethodBuilder`1.StateMachineBox`1.System.Threading.Tasks.Sources.IValueTaskSource<TResult>.GetResult(Int16 token)
   at Npgsql.NpgsqlDataReader.NextResult(Boolean async, Boolean isConsuming, CancellationToken cancellationToken)
   at Npgsql.NpgsqlDataReader.NextResult(Boolean async, Boolean isConsuming, CancellationToken cancellationToken)
   at Npgsql.NpgsqlCommand.ExecuteReader(Boolean async, CommandBehavior behavior, CancellationToken cancellationToken)
   at Npgsql.NpgsqlCommand.ExecuteReader(Boolean async, CommandBehavior behavior, CancellationToken cancellationToken)
   at Npgsql.NpgsqlCommand.ExecuteDbDataReaderAsync(CommandBehavior behavior, CancellationToken cancellationToken)
   at Microsoft.EntityFrameworkCore.Storage.RelationalCommand.ExecuteReaderAsync(RelationalCommandParameterObject parameterObject, CancellationToken cancellationToken)
   at Microsoft.EntityFrameworkCore.Storage.RelationalCommand.ExecuteReaderAsync(RelationalCommandParameterObject parameterObject, CancellationToken cancellationToken)
   at Microsoft.EntityFrameworkCore.Update.ReaderModificationCommandBatch.ExecuteAsync(IRelationalConnection connection, CancellationToken cancellationToken)
  Exception data:
    Severity: ERROR
    SqlState: 42703
    MessageText: column "CancelReason" of relation "Orders" does not exist
    Position: 29
    File: parse_target.c
    Line: 1066
    Routine: checkInsertTargets
   --- End of inner exception stack trace ---
   at Microsoft.EntityFrameworkCore.Update.ReaderModificationCommandBatch.ExecuteAsync(IRelationalConnection connection, CancellationToken cancellationToken)
   at Microsoft.EntityFrameworkCore.Update.Internal.BatchExecutor.ExecuteAsync(IEnumerable`1 commandBatches, IRelationalConnection connection, CancellationToken cancellationToken)
   at Microsoft.EntityFrameworkCore.Update.Internal.BatchExecutor.ExecuteAsync(IEnumerable`1 commandBatches, IRelationalConnection connection, CancellationToken cancellationToken)
   at Microsoft.EntityFrameworkCore.Update.Internal.BatchExecutor.ExecuteAsync(IEnumerable`1 commandBatches, IRelationalConnection connection, CancellationToken cancellationToken)
   at Microsoft.EntityFrameworkCore.Storage.RelationalDatabase.SaveChangesAsync(IList`1 entries, CancellationToken cancellationToken)
   at Microsoft.EntityFrameworkCore.ChangeTracking.Internal.StateManager.SaveChangesAsync(IList`1 entriesToSave, CancellationToken cancellationToken)
   at Microsoft.EntityFrameworkCore.ChangeTracking.Internal.StateManager.SaveChangesAsync(StateManager stateManager, Boolean acceptAllChangesOnSuccess, CancellationToken cancellationToken)
   at Npgsql.EntityFrameworkCore.PostgreSQL.Storage.Internal.NpgsqlExecutionStrategy.ExecuteAsync[TState,TResult](TState state, Func`4 operation, Func`4 verifySucceeded, CancellationToken cancellationToken)
   at Microsoft.EntityFrameworkCore.DbContext.SaveChangesAsync(Boolean acceptAllChangesOnSuccess, CancellationToken cancellationToken)
2026-05-19 10:51:34.3556 [ERROR] Microsoft.EntityFrameworkCore.Database.Command - Failed executing DbCommand (4ms) [Parameters=[@p0='?' (DbType = Guid), @p1='?' (DbType = Guid), @p2='?', @p3='?' (DbType = DateTime), @p4='?' (DbType = DateTime), @p5='?' (DbType = DateTime), @p6='?' (DbType = DateTime), @p7='?', @p8='?' (DbType = Guid), @p9='?' (DbType = DateTime), @p10='?', @p11='?' (DbType = Decimal), @p12='?' (DbType = DateTime), @p13='?' (DbType = Guid), @p24='?' (DbType = Guid), @p14='?' (DbType = Guid), @p15='?' (DbType = DateTime), @p16='?', @p17='?' (DbType = Decimal), @p18='?' (DbType = Boolean), @p19='?', @p20='?' (DbType = Decimal), @p21='?' (DbType = Int32), @p22='?', @p23='?' (DbType = DateTime), @p25='?' (DbType = Guid), @p26='?' (DbType = DateTime), @p27='?' (DbType = Guid), @p28='?' (DbType = Guid), @p29='?' (DbType = Int32), @p30='?' (DbType = Decimal), @p31='?' (DbType = DateTime)], CommandType='Text', CommandTimeout='30']
DELETE FROM "CartItems"
WHERE "Id" = @p0;
INSERT INTO "Orders" ("Id", "CancelReason", "CancelledAt", "ConfirmedAt", "CreatedAt", "DeliveredAt", "Note", "ShippingAddressId", "ShippingAt", "Status", "TotalAmount", "UpdatedAt", "UserId")
VALUES (@p1, @p2, @p3, @p4, @p5, @p6, @p7, @p8, @p9, @p10, @p11, @p12, @p13);
UPDATE "Products" SET "CategoryId" = @p14, "CreatedAt" = @p15, "Description" = @p16, "DiscountPrice" = @p17, "IsActive" = @p18, "Name" = @p19, "Price" = @p20, "Stock" = @p21, "ThumbnailUrl" = @p22, "UpdatedAt" = @p23
WHERE "Id" = @p24;
INSERT INTO "OrderItems" ("Id", "CreatedAt", "OrderId", "ProductId", "Quantity", "UnitPrice", "UpdatedAt")
VALUES (@p25, @p26, @p27, @p28, @p29, @p30, @p31); 
2026-05-19 10:51:34.3556 [ERROR] Microsoft.EntityFrameworkCore.Update - An exception occurred in the database while saving changes for context type 'TapHoa.Persistence.Data.AppDbContext'.
Microsoft.EntityFrameworkCore.DbUpdateException: An error occurred while saving the entity changes. See the inner exception for details.
 ---> Npgsql.PostgresException (0x80004005): 42703: column "CancelReason" of relation "Orders" does not exist

POSITION: 29
   at Npgsql.Internal.NpgsqlConnector.ReadMessageLong(Boolean async, DataRowLoadingMode dataRowLoadingMode, Boolean readingNotifications, Boolean isReadingPrependedMessage)
   at System.Runtime.CompilerServices.PoolingAsyncValueTaskMethodBuilder`1.StateMachineBox`1.System.Threading.Tasks.Sources.IValueTaskSource<TResult>.GetResult(Int16 token)
   at Npgsql.NpgsqlDataReader.NextResult(Boolean async, Boolean isConsuming, CancellationToken cancellationToken)
   at Npgsql.NpgsqlDataReader.NextResult(Boolean async, Boolean isConsuming, CancellationToken cancellationToken)
   at Npgsql.NpgsqlCommand.ExecuteReader(Boolean async, CommandBehavior behavior, CancellationToken cancellationToken)
   at Npgsql.NpgsqlCommand.ExecuteReader(Boolean async, CommandBehavior behavior, CancellationToken cancellationToken)
   at Npgsql.NpgsqlCommand.ExecuteDbDataReaderAsync(CommandBehavior behavior, CancellationToken cancellationToken)
   at Microsoft.EntityFrameworkCore.Storage.RelationalCommand.ExecuteReaderAsync(RelationalCommandParameterObject parameterObject, CancellationToken cancellationToken)
   at Microsoft.EntityFrameworkCore.Storage.RelationalCommand.ExecuteReaderAsync(RelationalCommandParameterObject parameterObject, CancellationToken cancellationToken)
   at Microsoft.EntityFrameworkCore.Update.ReaderModificationCommandBatch.ExecuteAsync(IRelationalConnection connection, CancellationToken cancellationToken)
  Exception data:
    Severity: ERROR
    SqlState: 42703
    MessageText: column "CancelReason" of relation "Orders" does not exist
    Position: 29
    File: parse_target.c
    Line: 1066
    Routine: checkInsertTargets
   --- End of inner exception stack trace ---
   at Microsoft.EntityFrameworkCore.Update.ReaderModificationCommandBatch.ExecuteAsync(IRelationalConnection connection, CancellationToken cancellationToken)
   at Microsoft.EntityFrameworkCore.Update.Internal.BatchExecutor.ExecuteAsync(IEnumerable`1 commandBatches, IRelationalConnection connection, CancellationToken cancellationToken)
   at Microsoft.EntityFrameworkCore.Update.Internal.BatchExecutor.ExecuteAsync(IEnumerable`1 commandBatches, IRelationalConnection connection, CancellationToken cancellationToken)
   at Microsoft.EntityFrameworkCore.Update.Internal.BatchExecutor.ExecuteAsync(IEnumerable`1 commandBatches, IRelationalConnection connection, CancellationToken cancellationToken)
   at Microsoft.EntityFrameworkCore.Storage.RelationalDatabase.SaveChangesAsync(IList`1 entries, CancellationToken cancellationToken)
   at Microsoft.EntityFrameworkCore.ChangeTracking.Internal.StateManager.SaveChangesAsync(IList`1 entriesToSave, CancellationToken cancellationToken)
   at Microsoft.EntityFrameworkCore.ChangeTracking.Internal.StateManager.SaveChangesAsync(StateManager stateManager, Boolean acceptAllChangesOnSuccess, CancellationToken cancellationToken)
   at Npgsql.EntityFrameworkCore.PostgreSQL.Storage.Internal.NpgsqlExecutionStrategy.ExecuteAsync[TState,TResult](TState state, Func`4 operation, Func`4 verifySucceeded, CancellationToken cancellationToken)
   at Microsoft.EntityFrameworkCore.DbContext.SaveChangesAsync(Boolean acceptAllChangesOnSuccess, CancellationToken cancellationToken) Microsoft.EntityFrameworkCore.DbUpdateException: An error occurred while saving the entity changes. See the inner exception for details.
 ---> Npgsql.PostgresException (0x80004005): 42703: column "CancelReason" of relation "Orders" does not exist

POSITION: 29
   at Npgsql.Internal.NpgsqlConnector.ReadMessageLong(Boolean async, DataRowLoadingMode dataRowLoadingMode, Boolean readingNotifications, Boolean isReadingPrependedMessage)
   at System.Runtime.CompilerServices.PoolingAsyncValueTaskMethodBuilder`1.StateMachineBox`1.System.Threading.Tasks.Sources.IValueTaskSource<TResult>.GetResult(Int16 token)
   at Npgsql.NpgsqlDataReader.NextResult(Boolean async, Boolean isConsuming, CancellationToken cancellationToken)
   at Npgsql.NpgsqlDataReader.NextResult(Boolean async, Boolean isConsuming, CancellationToken cancellationToken)
   at Npgsql.NpgsqlCommand.ExecuteReader(Boolean async, CommandBehavior behavior, CancellationToken cancellationToken)
   at Npgsql.NpgsqlCommand.ExecuteReader(Boolean async, CommandBehavior behavior, CancellationToken cancellationToken)
   at Npgsql.NpgsqlCommand.ExecuteDbDataReaderAsync(CommandBehavior behavior, CancellationToken cancellationToken)
   at Microsoft.EntityFrameworkCore.Storage.RelationalCommand.ExecuteReaderAsync(RelationalCommandParameterObject parameterObject, CancellationToken cancellationToken)
   at Microsoft.EntityFrameworkCore.Storage.RelationalCommand.ExecuteReaderAsync(RelationalCommandParameterObject parameterObject, CancellationToken cancellationToken)
   at Microsoft.EntityFrameworkCore.Update.ReaderModificationCommandBatch.ExecuteAsync(IRelationalConnection connection, CancellationToken cancellationToken)
  Exception data:
    Severity: ERROR
    SqlState: 42703
    MessageText: column "CancelReason" of relation "Orders" does not exist
    Position: 29
    File: parse_target.c
    Line: 1066
    Routine: checkInsertTargets
   --- End of inner exception stack trace ---
   at Microsoft.EntityFrameworkCore.Update.ReaderModificationCommandBatch.ExecuteAsync(IRelationalConnection connection, CancellationToken cancellationToken)
   at Microsoft.EntityFrameworkCore.Update.Internal.BatchExecutor.ExecuteAsync(IEnumerable`1 commandBatches, IRelationalConnection connection, CancellationToken cancellationToken)
   at Microsoft.EntityFrameworkCore.Update.Internal.BatchExecutor.ExecuteAsync(IEnumerable`1 commandBatches, IRelationalConnection connection, CancellationToken cancellationToken)
   at Microsoft.EntityFrameworkCore.Update.Internal.BatchExecutor.ExecuteAsync(IEnumerable`1 commandBatches, IRelationalConnection connection, CancellationToken cancellationToken)
   at Microsoft.EntityFrameworkCore.Storage.RelationalDatabase.SaveChangesAsync(IList`1 entries, CancellationToken cancellationToken)
   at Microsoft.EntityFrameworkCore.ChangeTracking.Internal.StateManager.SaveChangesAsync(IList`1 entriesToSave, CancellationToken cancellationToken)
   at Microsoft.EntityFrameworkCore.ChangeTracking.Internal.StateManager.SaveChangesAsync(StateManager stateManager, Boolean acceptAllChangesOnSuccess, CancellationToken cancellationToken)
   at Npgsql.EntityFrameworkCore.PostgreSQL.Storage.Internal.NpgsqlExecutionStrategy.ExecuteAsync[TState,TResult](TState state, Func`4 operation, Func`4 verifySucceeded, CancellationToken cancellationToken)
   at Microsoft.EntityFrameworkCore.DbContext.SaveChangesAsync(Boolean acceptAllChangesOnSuccess, CancellationToken cancellationToken)
2026-05-19 10:55:50.5644 [INFO] TapHoa.Api.Program - Starting TapHoa API 
2026-05-19 10:56:19.7198 [WARN] LuckyPennySoftware.MediatR.License - You do not have a valid license key for the Lucky Penny software MediatR. This is allowed for development and testing scenarios. If you are running in production you are required to have a licensed version. Please visit https://luckypennysoftware.com to obtain a valid license. 
2026-05-19 10:56:19.7198 [WARN] LuckyPennySoftware.MediatR.License - You do not have a valid license key for the Lucky Penny software MediatR. This is allowed for development and testing scenarios. If you are running in production you are required to have a licensed version. Please visit https://luckypennysoftware.com to obtain a valid license. 
2026-05-19 10:56:26.1624 [ERROR] Microsoft.EntityFrameworkCore.Database.Command - Failed executing DbCommand (14ms) [Parameters=[@p0='?' (DbType = Guid), @p1='?' (DbType = Guid), @p2='?', @p3='?' (DbType = DateTime), @p4='?' (DbType = DateTime), @p5='?' (DbType = DateTime), @p6='?' (DbType = DateTime), @p7='?', @p8='?' (DbType = Guid), @p9='?' (DbType = DateTime), @p10='?', @p11='?' (DbType = Decimal), @p12='?' (DbType = DateTime), @p13='?' (DbType = Guid), @p24='?' (DbType = Guid), @p14='?' (DbType = Guid), @p15='?' (DbType = DateTime), @p16='?', @p17='?' (DbType = Decimal), @p18='?' (DbType = Boolean), @p19='?', @p20='?' (DbType = Decimal), @p21='?' (DbType = Int32), @p22='?', @p23='?' (DbType = DateTime), @p25='?' (DbType = Guid), @p26='?' (DbType = DateTime), @p27='?' (DbType = Guid), @p28='?' (DbType = Guid), @p29='?' (DbType = Int32), @p30='?' (DbType = Decimal), @p31='?' (DbType = DateTime)], CommandType='Text', CommandTimeout='30']
DELETE FROM "CartItems"
WHERE "Id" = @p0;
INSERT INTO "Orders" ("Id", "CancelReason", "CancelledAt", "ConfirmedAt", "CreatedAt", "DeliveredAt", "Note", "ShippingAddressId", "ShippingAt", "Status", "TotalAmount", "UpdatedAt", "UserId")
VALUES (@p1, @p2, @p3, @p4, @p5, @p6, @p7, @p8, @p9, @p10, @p11, @p12, @p13);
UPDATE "Products" SET "CategoryId" = @p14, "CreatedAt" = @p15, "Description" = @p16, "DiscountPrice" = @p17, "IsActive" = @p18, "Name" = @p19, "Price" = @p20, "Stock" = @p21, "ThumbnailUrl" = @p22, "UpdatedAt" = @p23
WHERE "Id" = @p24;
INSERT INTO "OrderItems" ("Id", "CreatedAt", "OrderId", "ProductId", "Quantity", "UnitPrice", "UpdatedAt")
VALUES (@p25, @p26, @p27, @p28, @p29, @p30, @p31); 
2026-05-19 10:56:26.1977 [ERROR] Microsoft.EntityFrameworkCore.Update - An exception occurred in the database while saving changes for context type 'TapHoa.Persistence.Data.AppDbContext'.
Microsoft.EntityFrameworkCore.DbUpdateException: An error occurred while saving the entity changes. See the inner exception for details.
 ---> Npgsql.PostgresException (0x80004005): 42703: column "CancelReason" of relation "Orders" does not exist

POSITION: 29
   at Npgsql.Internal.NpgsqlConnector.ReadMessageLong(Boolean async, DataRowLoadingMode dataRowLoadingMode, Boolean readingNotifications, Boolean isReadingPrependedMessage)
   at System.Runtime.CompilerServices.PoolingAsyncValueTaskMethodBuilder`1.StateMachineBox`1.System.Threading.Tasks.Sources.IValueTaskSource<TResult>.GetResult(Int16 token)
   at Npgsql.NpgsqlDataReader.NextResult(Boolean async, Boolean isConsuming, CancellationToken cancellationToken)
   at Npgsql.NpgsqlDataReader.NextResult(Boolean async, Boolean isConsuming, CancellationToken cancellationToken)
   at Npgsql.NpgsqlCommand.ExecuteReader(Boolean async, CommandBehavior behavior, CancellationToken cancellationToken)
   at Npgsql.NpgsqlCommand.ExecuteReader(Boolean async, CommandBehavior behavior, CancellationToken cancellationToken)
   at Npgsql.NpgsqlCommand.ExecuteDbDataReaderAsync(CommandBehavior behavior, CancellationToken cancellationToken)
   at Microsoft.EntityFrameworkCore.Storage.RelationalCommand.ExecuteReaderAsync(RelationalCommandParameterObject parameterObject, CancellationToken cancellationToken)
   at Microsoft.EntityFrameworkCore.Storage.RelationalCommand.ExecuteReaderAsync(RelationalCommandParameterObject parameterObject, CancellationToken cancellationToken)
   at Microsoft.EntityFrameworkCore.Update.ReaderModificationCommandBatch.ExecuteAsync(IRelationalConnection connection, CancellationToken cancellationToken)
  Exception data:
    Severity: ERROR
    SqlState: 42703
    MessageText: column "CancelReason" of relation "Orders" does not exist
    Position: 29
    File: parse_target.c
    Line: 1066
    Routine: checkInsertTargets
   --- End of inner exception stack trace ---
   at Microsoft.EntityFrameworkCore.Update.ReaderModificationCommandBatch.ExecuteAsync(IRelationalConnection connection, CancellationToken cancellationToken)
   at Microsoft.EntityFrameworkCore.Update.Internal.BatchExecutor.ExecuteAsync(IEnumerable`1 commandBatches, IRelationalConnection connection, CancellationToken cancellationToken)
   at Microsoft.EntityFrameworkCore.Update.Internal.BatchExecutor.ExecuteAsync(IEnumerable`1 commandBatches, IRelationalConnection connection, CancellationToken cancellationToken)
   at Microsoft.EntityFrameworkCore.Update.Internal.BatchExecutor.ExecuteAsync(IEnumerable`1 commandBatches, IRelationalConnection connection, CancellationToken cancellationToken)
   at Microsoft.EntityFrameworkCore.Storage.RelationalDatabase.SaveChangesAsync(IList`1 entries, CancellationToken cancellationToken)
   at Microsoft.EntityFrameworkCore.ChangeTracking.Internal.StateManager.SaveChangesAsync(IList`1 entriesToSave, CancellationToken cancellationToken)
   at Microsoft.EntityFrameworkCore.ChangeTracking.Internal.StateManager.SaveChangesAsync(StateManager stateManager, Boolean acceptAllChangesOnSuccess, CancellationToken cancellationToken)
   at Npgsql.EntityFrameworkCore.PostgreSQL.Storage.Internal.NpgsqlExecutionStrategy.ExecuteAsync[TState,TResult](TState state, Func`4 operation, Func`4 verifySucceeded, CancellationToken cancellationToken)
   at Microsoft.EntityFrameworkCore.DbContext.SaveChangesAsync(Boolean acceptAllChangesOnSuccess, CancellationToken cancellationToken) Microsoft.EntityFrameworkCore.DbUpdateException: An error occurred while saving the entity changes. See the inner exception for details.
 ---> Npgsql.PostgresException (0x80004005): 42703: column "CancelReason" of relation "Orders" does not exist

POSITION: 29
   at Npgsql.Internal.NpgsqlConnector.ReadMessageLong(Boolean async, DataRowLoadingMode dataRowLoadingMode, Boolean readingNotifications, Boolean isReadingPrependedMessage)
   at System.Runtime.CompilerServices.PoolingAsyncValueTaskMethodBuilder`1.StateMachineBox`1.System.Threading.Tasks.Sources.IValueTaskSource<TResult>.GetResult(Int16 token)
   at Npgsql.NpgsqlDataReader.NextResult(Boolean async, Boolean isConsuming, CancellationToken cancellationToken)
   at Npgsql.NpgsqlDataReader.NextResult(Boolean async, Boolean isConsuming, CancellationToken cancellationToken)
   at Npgsql.NpgsqlCommand.ExecuteReader(Boolean async, CommandBehavior behavior, CancellationToken cancellationToken)
   at Npgsql.NpgsqlCommand.ExecuteReader(Boolean async, CommandBehavior behavior, CancellationToken cancellationToken)
   at Npgsql.NpgsqlCommand.ExecuteDbDataReaderAsync(CommandBehavior behavior, CancellationToken cancellationToken)
   at Microsoft.EntityFrameworkCore.Storage.RelationalCommand.ExecuteReaderAsync(RelationalCommandParameterObject parameterObject, CancellationToken cancellationToken)
   at Microsoft.EntityFrameworkCore.Storage.RelationalCommand.ExecuteReaderAsync(RelationalCommandParameterObject parameterObject, CancellationToken cancellationToken)
   at Microsoft.EntityFrameworkCore.Update.ReaderModificationCommandBatch.ExecuteAsync(IRelationalConnection connection, CancellationToken cancellationToken)
  Exception data:
    Severity: ERROR
    SqlState: 42703
    MessageText: column "CancelReason" of relation "Orders" does not exist
    Position: 29
    File: parse_target.c
    Line: 1066
    Routine: checkInsertTargets
   --- End of inner exception stack trace ---
   at Microsoft.EntityFrameworkCore.Update.ReaderModificationCommandBatch.ExecuteAsync(IRelationalConnection connection, CancellationToken cancellationToken)
   at Microsoft.EntityFrameworkCore.Update.Internal.BatchExecutor.ExecuteAsync(IEnumerable`1 commandBatches, IRelationalConnection connection, CancellationToken cancellationToken)
   at Microsoft.EntityFrameworkCore.Update.Internal.BatchExecutor.ExecuteAsync(IEnumerable`1 commandBatches, IRelationalConnection connection, CancellationToken cancellationToken)
   at Microsoft.EntityFrameworkCore.Update.Internal.BatchExecutor.ExecuteAsync(IEnumerable`1 commandBatches, IRelationalConnection connection, CancellationToken cancellationToken)
   at Microsoft.EntityFrameworkCore.Storage.RelationalDatabase.SaveChangesAsync(IList`1 entries, CancellationToken cancellationToken)
   at Microsoft.EntityFrameworkCore.ChangeTracking.Internal.StateManager.SaveChangesAsync(IList`1 entriesToSave, CancellationToken cancellationToken)
   at Microsoft.EntityFrameworkCore.ChangeTracking.Internal.StateManager.SaveChangesAsync(StateManager stateManager, Boolean acceptAllChangesOnSuccess, CancellationToken cancellationToken)
   at Npgsql.EntityFrameworkCore.PostgreSQL.Storage.Internal.NpgsqlExecutionStrategy.ExecuteAsync[TState,TResult](TState state, Func`4 operation, Func`4 verifySucceeded, CancellationToken cancellationToken)
   at Microsoft.EntityFrameworkCore.DbContext.SaveChangesAsync(Boolean acceptAllChangesOnSuccess, CancellationToken cancellationToken)
2026-05-19 10:56:32.3639 [ERROR] Microsoft.EntityFrameworkCore.Database.Command - Failed executing DbCommand (2ms) [Parameters=[@p0='?' (DbType = Guid), @p1='?' (DbType = Guid), @p2='?', @p3='?' (DbType = DateTime), @p4='?' (DbType = DateTime), @p5='?' (DbType = DateTime), @p6='?' (DbType = DateTime), @p7='?', @p8='?' (DbType = Guid), @p9='?' (DbType = DateTime), @p10='?', @p11='?' (DbType = Decimal), @p12='?' (DbType = DateTime), @p13='?' (DbType = Guid), @p24='?' (DbType = Guid), @p14='?' (DbType = Guid), @p15='?' (DbType = DateTime), @p16='?', @p17='?' (DbType = Decimal), @p18='?' (DbType = Boolean), @p19='?', @p20='?' (DbType = Decimal), @p21='?' (DbType = Int32), @p22='?', @p23='?' (DbType = DateTime), @p25='?' (DbType = Guid), @p26='?' (DbType = DateTime), @p27='?' (DbType = Guid), @p28='?' (DbType = Guid), @p29='?' (DbType = Int32), @p30='?' (DbType = Decimal), @p31='?' (DbType = DateTime)], CommandType='Text', CommandTimeout='30']
DELETE FROM "CartItems"
WHERE "Id" = @p0;
INSERT INTO "Orders" ("Id", "CancelReason", "CancelledAt", "ConfirmedAt", "CreatedAt", "DeliveredAt", "Note", "ShippingAddressId", "ShippingAt", "Status", "TotalAmount", "UpdatedAt", "UserId")
VALUES (@p1, @p2, @p3, @p4, @p5, @p6, @p7, @p8, @p9, @p10, @p11, @p12, @p13);
UPDATE "Products" SET "CategoryId" = @p14, "CreatedAt" = @p15, "Description" = @p16, "DiscountPrice" = @p17, "IsActive" = @p18, "Name" = @p19, "Price" = @p20, "Stock" = @p21, "ThumbnailUrl" = @p22, "UpdatedAt" = @p23
WHERE "Id" = @p24;
INSERT INTO "OrderItems" ("Id", "CreatedAt", "OrderId", "ProductId", "Quantity", "UnitPrice", "UpdatedAt")
VALUES (@p25, @p26, @p27, @p28, @p29, @p30, @p31); 
2026-05-19 10:56:32.3639 [ERROR] Microsoft.EntityFrameworkCore.Update - An exception occurred in the database while saving changes for context type 'TapHoa.Persistence.Data.AppDbContext'.
Microsoft.EntityFrameworkCore.DbUpdateException: An error occurred while saving the entity changes. See the inner exception for details.
 ---> Npgsql.PostgresException (0x80004005): 42703: column "CancelReason" of relation "Orders" does not exist

POSITION: 29
   at Npgsql.Internal.NpgsqlConnector.ReadMessageLong(Boolean async, DataRowLoadingMode dataRowLoadingMode, Boolean readingNotifications, Boolean isReadingPrependedMessage)
   at System.Runtime.CompilerServices.PoolingAsyncValueTaskMethodBuilder`1.StateMachineBox`1.System.Threading.Tasks.Sources.IValueTaskSource<TResult>.GetResult(Int16 token)
   at Npgsql.NpgsqlDataReader.NextResult(Boolean async, Boolean isConsuming, CancellationToken cancellationToken)
   at Npgsql.NpgsqlDataReader.NextResult(Boolean async, Boolean isConsuming, CancellationToken cancellationToken)
   at Npgsql.NpgsqlCommand.ExecuteReader(Boolean async, CommandBehavior behavior, CancellationToken cancellationToken)
   at Npgsql.NpgsqlCommand.ExecuteReader(Boolean async, CommandBehavior behavior, CancellationToken cancellationToken)
   at Npgsql.NpgsqlCommand.ExecuteDbDataReaderAsync(CommandBehavior behavior, CancellationToken cancellationToken)
   at Microsoft.EntityFrameworkCore.Storage.RelationalCommand.ExecuteReaderAsync(RelationalCommandParameterObject parameterObject, CancellationToken cancellationToken)
   at Microsoft.EntityFrameworkCore.Storage.RelationalCommand.ExecuteReaderAsync(RelationalCommandParameterObject parameterObject, CancellationToken cancellationToken)
   at Microsoft.EntityFrameworkCore.Update.ReaderModificationCommandBatch.ExecuteAsync(IRelationalConnection connection, CancellationToken cancellationToken)
  Exception data:
    Severity: ERROR
    SqlState: 42703
    MessageText: column "CancelReason" of relation "Orders" does not exist
    Position: 29
    File: parse_target.c
    Line: 1066
    Routine: checkInsertTargets
   --- End of inner exception stack trace ---
   at Microsoft.EntityFrameworkCore.Update.ReaderModificationCommandBatch.ExecuteAsync(IRelationalConnection connection, CancellationToken cancellationToken)
   at Microsoft.EntityFrameworkCore.Update.Internal.BatchExecutor.ExecuteAsync(IEnumerable`1 commandBatches, IRelationalConnection connection, CancellationToken cancellationToken)
   at Microsoft.EntityFrameworkCore.Update.Internal.BatchExecutor.ExecuteAsync(IEnumerable`1 commandBatches, IRelationalConnection connection, CancellationToken cancellationToken)
   at Microsoft.EntityFrameworkCore.Update.Internal.BatchExecutor.ExecuteAsync(IEnumerable`1 commandBatches, IRelationalConnection connection, CancellationToken cancellationToken)
   at Microsoft.EntityFrameworkCore.Storage.RelationalDatabase.SaveChangesAsync(IList`1 entries, CancellationToken cancellationToken)
   at Microsoft.EntityFrameworkCore.ChangeTracking.Internal.StateManager.SaveChangesAsync(IList`1 entriesToSave, CancellationToken cancellationToken)
   at Microsoft.EntityFrameworkCore.ChangeTracking.Internal.StateManager.SaveChangesAsync(StateManager stateManager, Boolean acceptAllChangesOnSuccess, CancellationToken cancellationToken)
   at Npgsql.EntityFrameworkCore.PostgreSQL.Storage.Internal.NpgsqlExecutionStrategy.ExecuteAsync[TState,TResult](TState state, Func`4 operation, Func`4 verifySucceeded, CancellationToken cancellationToken)
   at Microsoft.EntityFrameworkCore.DbContext.SaveChangesAsync(Boolean acceptAllChangesOnSuccess, CancellationToken cancellationToken) Microsoft.EntityFrameworkCore.DbUpdateException: An error occurred while saving the entity changes. See the inner exception for details.
 ---> Npgsql.PostgresException (0x80004005): 42703: column "CancelReason" of relation "Orders" does not exist

POSITION: 29
   at Npgsql.Internal.NpgsqlConnector.ReadMessageLong(Boolean async, DataRowLoadingMode dataRowLoadingMode, Boolean readingNotifications, Boolean isReadingPrependedMessage)
   at System.Runtime.CompilerServices.PoolingAsyncValueTaskMethodBuilder`1.StateMachineBox`1.System.Threading.Tasks.Sources.IValueTaskSource<TResult>.GetResult(Int16 token)
   at Npgsql.NpgsqlDataReader.NextResult(Boolean async, Boolean isConsuming, CancellationToken cancellationToken)
   at Npgsql.NpgsqlDataReader.NextResult(Boolean async, Boolean isConsuming, CancellationToken cancellationToken)
   at Npgsql.NpgsqlCommand.ExecuteReader(Boolean async, CommandBehavior behavior, CancellationToken cancellationToken)
   at Npgsql.NpgsqlCommand.ExecuteReader(Boolean async, CommandBehavior behavior, CancellationToken cancellationToken)
   at Npgsql.NpgsqlCommand.ExecuteDbDataReaderAsync(CommandBehavior behavior, CancellationToken cancellationToken)
   at Microsoft.EntityFrameworkCore.Storage.RelationalCommand.ExecuteReaderAsync(RelationalCommandParameterObject parameterObject, CancellationToken cancellationToken)
   at Microsoft.EntityFrameworkCore.Storage.RelationalCommand.ExecuteReaderAsync(RelationalCommandParameterObject parameterObject, CancellationToken cancellationToken)
   at Microsoft.EntityFrameworkCore.Update.ReaderModificationCommandBatch.ExecuteAsync(IRelationalConnection connection, CancellationToken cancellationToken)
  Exception data:
    Severity: ERROR
    SqlState: 42703
    MessageText: column "CancelReason" of relation "Orders" does not exist
    Position: 29
    File: parse_target.c
    Line: 1066
    Routine: checkInsertTargets
   --- End of inner exception stack trace ---
   at Microsoft.EntityFrameworkCore.Update.ReaderModificationCommandBatch.ExecuteAsync(IRelationalConnection connection, CancellationToken cancellationToken)
   at Microsoft.EntityFrameworkCore.Update.Internal.BatchExecutor.ExecuteAsync(IEnumerable`1 commandBatches, IRelationalConnection connection, CancellationToken cancellationToken)
   at Microsoft.EntityFrameworkCore.Update.Internal.BatchExecutor.ExecuteAsync(IEnumerable`1 commandBatches, IRelationalConnection connection, CancellationToken cancellationToken)
   at Microsoft.EntityFrameworkCore.Update.Internal.BatchExecutor.ExecuteAsync(IEnumerable`1 commandBatches, IRelationalConnection connection, CancellationToken cancellationToken)
   at Microsoft.EntityFrameworkCore.Storage.RelationalDatabase.SaveChangesAsync(IList`1 entries, CancellationToken cancellationToken)
   at Microsoft.EntityFrameworkCore.ChangeTracking.Internal.StateManager.SaveChangesAsync(IList`1 entriesToSave, CancellationToken cancellationToken)
   at Microsoft.EntityFrameworkCore.ChangeTracking.Internal.StateManager.SaveChangesAsync(StateManager stateManager, Boolean acceptAllChangesOnSuccess, CancellationToken cancellationToken)
   at Npgsql.EntityFrameworkCore.PostgreSQL.Storage.Internal.NpgsqlExecutionStrategy.ExecuteAsync[TState,TResult](TState state, Func`4 operation, Func`4 verifySucceeded, CancellationToken cancellationToken)
   at Microsoft.EntityFrameworkCore.DbContext.SaveChangesAsync(Boolean acceptAllChangesOnSuccess, CancellationToken cancellationToken)
2026-05-19 10:57:03.8796 [INFO] TapHoa.Api.Program - Starting TapHoa API 
2026-05-19 10:57:04.8771 [WARN] LuckyPennySoftware.MediatR.License - You do not have a valid license key for the Lucky Penny software MediatR. This is allowed for development and testing scenarios. If you are running in production you are required to have a licensed version. Please visit https://luckypennysoftware.com to obtain a valid license. 
2026-05-19 10:57:04.8771 [WARN] LuckyPennySoftware.MediatR.License - You do not have a valid license key for the Lucky Penny software MediatR. This is allowed for development and testing scenarios. If you are running in production you are required to have a licensed version. Please visit https://luckypennysoftware.com to obtain a valid license. 
2026-05-19 10:59:31.8631 [ERROR] Microsoft.EntityFrameworkCore.Database.Command - Failed executing DbCommand (7ms) [Parameters=[@p0='?' (DbType = Guid), @p1='?' (DbType = Guid), @p2='?', @p3='?' (DbType = DateTime), @p4='?' (DbType = DateTime), @p5='?' (DbType = DateTime), @p6='?' (DbType = DateTime), @p7='?', @p8='?' (DbType = Guid), @p9='?' (DbType = DateTime), @p10='?', @p11='?' (DbType = Decimal), @p12='?' (DbType = DateTime), @p13='?' (DbType = Guid), @p24='?' (DbType = Guid), @p14='?' (DbType = Guid), @p15='?' (DbType = DateTime), @p16='?', @p17='?' (DbType = Decimal), @p18='?' (DbType = Boolean), @p19='?', @p20='?' (DbType = Decimal), @p21='?' (DbType = Int32), @p22='?', @p23='?' (DbType = DateTime), @p25='?' (DbType = Guid), @p26='?' (DbType = DateTime), @p27='?' (DbType = Guid), @p28='?' (DbType = Guid), @p29='?' (DbType = Int32), @p30='?' (DbType = Decimal), @p31='?' (DbType = DateTime)], CommandType='Text', CommandTimeout='30']
DELETE FROM "CartItems"
WHERE "Id" = @p0;
INSERT INTO "Orders" ("Id", "CancelReason", "CancelledAt", "ConfirmedAt", "CreatedAt", "DeliveredAt", "Note", "ShippingAddressId", "ShippingAt", "Status", "TotalAmount", "UpdatedAt", "UserId")
VALUES (@p1, @p2, @p3, @p4, @p5, @p6, @p7, @p8, @p9, @p10, @p11, @p12, @p13);
UPDATE "Products" SET "CategoryId" = @p14, "CreatedAt" = @p15, "Description" = @p16, "DiscountPrice" = @p17, "IsActive" = @p18, "Name" = @p19, "Price" = @p20, "Stock" = @p21, "ThumbnailUrl" = @p22, "UpdatedAt" = @p23
WHERE "Id" = @p24;
INSERT INTO "OrderItems" ("Id", "CreatedAt", "OrderId", "ProductId", "Quantity", "UnitPrice", "UpdatedAt")
VALUES (@p25, @p26, @p27, @p28, @p29, @p30, @p31); 
2026-05-19 10:59:31.9006 [ERROR] Microsoft.EntityFrameworkCore.Update - An exception occurred in the database while saving changes for context type 'TapHoa.Persistence.Data.AppDbContext'.
Microsoft.EntityFrameworkCore.DbUpdateException: An error occurred while saving the entity changes. See the inner exception for details.
 ---> Npgsql.PostgresException (0x80004005): 42703: column "CancelReason" of relation "Orders" does not exist

POSITION: 29
   at Npgsql.Internal.NpgsqlConnector.ReadMessageLong(Boolean async, DataRowLoadingMode dataRowLoadingMode, Boolean readingNotifications, Boolean isReadingPrependedMessage)
   at System.Runtime.CompilerServices.PoolingAsyncValueTaskMethodBuilder`1.StateMachineBox`1.System.Threading.Tasks.Sources.IValueTaskSource<TResult>.GetResult(Int16 token)
   at Npgsql.NpgsqlDataReader.NextResult(Boolean async, Boolean isConsuming, CancellationToken cancellationToken)
   at Npgsql.NpgsqlDataReader.NextResult(Boolean async, Boolean isConsuming, CancellationToken cancellationToken)
   at Npgsql.NpgsqlCommand.ExecuteReader(Boolean async, CommandBehavior behavior, CancellationToken cancellationToken)
   at Npgsql.NpgsqlCommand.ExecuteReader(Boolean async, CommandBehavior behavior, CancellationToken cancellationToken)
   at Npgsql.NpgsqlCommand.ExecuteDbDataReaderAsync(CommandBehavior behavior, CancellationToken cancellationToken)
   at Microsoft.EntityFrameworkCore.Storage.RelationalCommand.ExecuteReaderAsync(RelationalCommandParameterObject parameterObject, CancellationToken cancellationToken)
   at Microsoft.EntityFrameworkCore.Storage.RelationalCommand.ExecuteReaderAsync(RelationalCommandParameterObject parameterObject, CancellationToken cancellationToken)
   at Microsoft.EntityFrameworkCore.Update.ReaderModificationCommandBatch.ExecuteAsync(IRelationalConnection connection, CancellationToken cancellationToken)
  Exception data:
    Severity: ERROR
    SqlState: 42703
    MessageText: column "CancelReason" of relation "Orders" does not exist
    Position: 29
    File: parse_target.c
    Line: 1066
    Routine: checkInsertTargets
   --- End of inner exception stack trace ---
   at Microsoft.EntityFrameworkCore.Update.ReaderModificationCommandBatch.ExecuteAsync(IRelationalConnection connection, CancellationToken cancellationToken)
   at Microsoft.EntityFrameworkCore.Update.Internal.BatchExecutor.ExecuteAsync(IEnumerable`1 commandBatches, IRelationalConnection connection, CancellationToken cancellationToken)
   at Microsoft.EntityFrameworkCore.Update.Internal.BatchExecutor.ExecuteAsync(IEnumerable`1 commandBatches, IRelationalConnection connection, CancellationToken cancellationToken)
   at Microsoft.EntityFrameworkCore.Update.Internal.BatchExecutor.ExecuteAsync(IEnumerable`1 commandBatches, IRelationalConnection connection, CancellationToken cancellationToken)
   at Microsoft.EntityFrameworkCore.Storage.RelationalDatabase.SaveChangesAsync(IList`1 entries, CancellationToken cancellationToken)
   at Microsoft.EntityFrameworkCore.ChangeTracking.Internal.StateManager.SaveChangesAsync(IList`1 entriesToSave, CancellationToken cancellationToken)
   at Microsoft.EntityFrameworkCore.ChangeTracking.Internal.StateManager.SaveChangesAsync(StateManager stateManager, Boolean acceptAllChangesOnSuccess, CancellationToken cancellationToken)
   at Npgsql.EntityFrameworkCore.PostgreSQL.Storage.Internal.NpgsqlExecutionStrategy.ExecuteAsync[TState,TResult](TState state, Func`4 operation, Func`4 verifySucceeded, CancellationToken cancellationToken)
   at Microsoft.EntityFrameworkCore.DbContext.SaveChangesAsync(Boolean acceptAllChangesOnSuccess, CancellationToken cancellationToken) Microsoft.EntityFrameworkCore.DbUpdateException: An error occurred while saving the entity changes. See the inner exception for details.
 ---> Npgsql.PostgresException (0x80004005): 42703: column "CancelReason" of relation "Orders" does not exist

POSITION: 29
   at Npgsql.Internal.NpgsqlConnector.ReadMessageLong(Boolean async, DataRowLoadingMode dataRowLoadingMode, Boolean readingNotifications, Boolean isReadingPrependedMessage)
   at System.Runtime.CompilerServices.PoolingAsyncValueTaskMethodBuilder`1.StateMachineBox`1.System.Threading.Tasks.Sources.IValueTaskSource<TResult>.GetResult(Int16 token)
   at Npgsql.NpgsqlDataReader.NextResult(Boolean async, Boolean isConsuming, CancellationToken cancellationToken)
   at Npgsql.NpgsqlDataReader.NextResult(Boolean async, Boolean isConsuming, CancellationToken cancellationToken)
   at Npgsql.NpgsqlCommand.ExecuteReader(Boolean async, CommandBehavior behavior, CancellationToken cancellationToken)
   at Npgsql.NpgsqlCommand.ExecuteReader(Boolean async, CommandBehavior behavior, CancellationToken cancellationToken)
   at Npgsql.NpgsqlCommand.ExecuteDbDataReaderAsync(CommandBehavior behavior, CancellationToken cancellationToken)
   at Microsoft.EntityFrameworkCore.Storage.RelationalCommand.ExecuteReaderAsync(RelationalCommandParameterObject parameterObject, CancellationToken cancellationToken)
   at Microsoft.EntityFrameworkCore.Storage.RelationalCommand.ExecuteReaderAsync(RelationalCommandParameterObject parameterObject, CancellationToken cancellationToken)
   at Microsoft.EntityFrameworkCore.Update.ReaderModificationCommandBatch.ExecuteAsync(IRelationalConnection connection, CancellationToken cancellationToken)
  Exception data:
    Severity: ERROR
    SqlState: 42703
    MessageText: column "CancelReason" of relation "Orders" does not exist
    Position: 29
    File: parse_target.c
    Line: 1066
    Routine: checkInsertTargets
   --- End of inner exception stack trace ---
   at Microsoft.EntityFrameworkCore.Update.ReaderModificationCommandBatch.ExecuteAsync(IRelationalConnection connection, CancellationToken cancellationToken)
   at Microsoft.EntityFrameworkCore.Update.Internal.BatchExecutor.ExecuteAsync(IEnumerable`1 commandBatches, IRelationalConnection connection, CancellationToken cancellationToken)
   at Microsoft.EntityFrameworkCore.Update.Internal.BatchExecutor.ExecuteAsync(IEnumerable`1 commandBatches, IRelationalConnection connection, CancellationToken cancellationToken)
   at Microsoft.EntityFrameworkCore.Update.Internal.BatchExecutor.ExecuteAsync(IEnumerable`1 commandBatches, IRelationalConnection connection, CancellationToken cancellationToken)
   at Microsoft.EntityFrameworkCore.Storage.RelationalDatabase.SaveChangesAsync(IList`1 entries, CancellationToken cancellationToken)
   at Microsoft.EntityFrameworkCore.ChangeTracking.Internal.StateManager.SaveChangesAsync(IList`1 entriesToSave, CancellationToken cancellationToken)
   at Microsoft.EntityFrameworkCore.ChangeTracking.Internal.StateManager.SaveChangesAsync(StateManager stateManager, Boolean acceptAllChangesOnSuccess, CancellationToken cancellationToken)
   at Npgsql.EntityFrameworkCore.PostgreSQL.Storage.Internal.NpgsqlExecutionStrategy.ExecuteAsync[TState,TResult](TState state, Func`4 operation, Func`4 verifySucceeded, CancellationToken cancellationToken)
   at Microsoft.EntityFrameworkCore.DbContext.SaveChangesAsync(Boolean acceptAllChangesOnSuccess, CancellationToken cancellationToken)
2026-05-19 11:19:46.7551 [INFO] TapHoa.Api.Program - Starting TapHoa API 
2026-05-19 11:20:15.2818 [WARN] LuckyPennySoftware.MediatR.License - You do not have a valid license key for the Lucky Penny software MediatR. This is allowed for development and testing scenarios. If you are running in production you are required to have a licensed version. Please visit https://luckypennysoftware.com to obtain a valid license. 
2026-05-19 11:20:15.2818 [WARN] LuckyPennySoftware.MediatR.License - You do not have a valid license key for the Lucky Penny software MediatR. This is allowed for development and testing scenarios. If you are running in production you are required to have a licensed version. Please visit https://luckypennysoftware.com to obtain a valid license. 
2026-05-19 11:20:15.2818 [WARN] LuckyPennySoftware.MediatR.License - You do not have a valid license key for the Lucky Penny software MediatR. This is allowed for development and testing scenarios. If you are running in production you are required to have a licensed version. Please visit https://luckypennysoftware.com to obtain a valid license. 
2026-05-19 11:24:44.7420 [ERROR] Microsoft.EntityFrameworkCore.Database.Command - Failed executing DbCommand (12ms) [Parameters=[@p0='?' (DbType = Guid), @p1='?' (DbType = Guid), @p2='?', @p3='?' (DbType = DateTime), @p4='?' (DbType = DateTime), @p5='?' (DbType = DateTime), @p6='?' (DbType = DateTime), @p7='?', @p8='?' (DbType = Guid), @p9='?' (DbType = DateTime), @p10='?', @p11='?' (DbType = Decimal), @p12='?' (DbType = DateTime), @p13='?' (DbType = Guid), @p16='?' (DbType = Guid), @p14='?' (DbType = Int32), @p15='?' (DbType = DateTime), @p17='?' (DbType = Guid), @p18='?' (DbType = DateTime), @p19='?' (DbType = Guid), @p20='?' (DbType = Guid), @p21='?' (DbType = Int32), @p22='?' (DbType = Decimal), @p23='?' (DbType = DateTime)], CommandType='Text', CommandTimeout='30']
DELETE FROM "CartItems"
WHERE "Id" = @p0;
INSERT INTO "Orders" ("Id", "CancelReason", "CancelledAt", "ConfirmedAt", "CreatedAt", "DeliveredAt", "Note", "ShippingAddressId", "ShippingAt", "Status", "TotalAmount", "UpdatedAt", "UserId")
VALUES (@p1, @p2, @p3, @p4, @p5, @p6, @p7, @p8, @p9, @p10, @p11, @p12, @p13);
UPDATE "Products" SET "Stock" = @p14, "UpdatedAt" = @p15
WHERE "Id" = @p16;
INSERT INTO "OrderItems" ("Id", "CreatedAt", "OrderId", "ProductId", "Quantity", "UnitPrice", "UpdatedAt")
VALUES (@p17, @p18, @p19, @p20, @p21, @p22, @p23); 
2026-05-19 11:24:44.7728 [ERROR] Microsoft.EntityFrameworkCore.Update - An exception occurred in the database while saving changes for context type 'TapHoa.Persistence.Data.AppDbContext'.
Microsoft.EntityFrameworkCore.DbUpdateException: An error occurred while saving the entity changes. See the inner exception for details.
 ---> Npgsql.PostgresException (0x80004005): 42703: column "CancelReason" of relation "Orders" does not exist

POSITION: 29
   at Npgsql.Internal.NpgsqlConnector.ReadMessageLong(Boolean async, DataRowLoadingMode dataRowLoadingMode, Boolean readingNotifications, Boolean isReadingPrependedMessage)
   at System.Runtime.CompilerServices.PoolingAsyncValueTaskMethodBuilder`1.StateMachineBox`1.System.Threading.Tasks.Sources.IValueTaskSource<TResult>.GetResult(Int16 token)
   at Npgsql.NpgsqlDataReader.NextResult(Boolean async, Boolean isConsuming, CancellationToken cancellationToken)
   at Npgsql.NpgsqlDataReader.NextResult(Boolean async, Boolean isConsuming, CancellationToken cancellationToken)
   at Npgsql.NpgsqlCommand.ExecuteReader(Boolean async, CommandBehavior behavior, CancellationToken cancellationToken)
   at Npgsql.NpgsqlCommand.ExecuteReader(Boolean async, CommandBehavior behavior, CancellationToken cancellationToken)
   at Npgsql.NpgsqlCommand.ExecuteDbDataReaderAsync(CommandBehavior behavior, CancellationToken cancellationToken)
   at Microsoft.EntityFrameworkCore.Storage.RelationalCommand.ExecuteReaderAsync(RelationalCommandParameterObject parameterObject, CancellationToken cancellationToken)
   at Microsoft.EntityFrameworkCore.Storage.RelationalCommand.ExecuteReaderAsync(RelationalCommandParameterObject parameterObject, CancellationToken cancellationToken)
   at Microsoft.EntityFrameworkCore.Update.ReaderModificationCommandBatch.ExecuteAsync(IRelationalConnection connection, CancellationToken cancellationToken)
  Exception data:
    Severity: ERROR
    SqlState: 42703
    MessageText: column "CancelReason" of relation "Orders" does not exist
    Position: 29
    File: parse_target.c
    Line: 1066
    Routine: checkInsertTargets
   --- End of inner exception stack trace ---
   at Microsoft.EntityFrameworkCore.Update.ReaderModificationCommandBatch.ExecuteAsync(IRelationalConnection connection, CancellationToken cancellationToken)
   at Microsoft.EntityFrameworkCore.Update.Internal.BatchExecutor.ExecuteAsync(IEnumerable`1 commandBatches, IRelationalConnection connection, CancellationToken cancellationToken)
   at Microsoft.EntityFrameworkCore.Update.Internal.BatchExecutor.ExecuteAsync(IEnumerable`1 commandBatches, IRelationalConnection connection, CancellationToken cancellationToken)
   at Microsoft.EntityFrameworkCore.Update.Internal.BatchExecutor.ExecuteAsync(IEnumerable`1 commandBatches, IRelationalConnection connection, CancellationToken cancellationToken)
   at Microsoft.EntityFrameworkCore.Storage.RelationalDatabase.SaveChangesAsync(IList`1 entries, CancellationToken cancellationToken)
   at Microsoft.EntityFrameworkCore.ChangeTracking.Internal.StateManager.SaveChangesAsync(IList`1 entriesToSave, CancellationToken cancellationToken)
   at Microsoft.EntityFrameworkCore.ChangeTracking.Internal.StateManager.SaveChangesAsync(StateManager stateManager, Boolean acceptAllChangesOnSuccess, CancellationToken cancellationToken)
   at Npgsql.EntityFrameworkCore.PostgreSQL.Storage.Internal.NpgsqlExecutionStrategy.ExecuteAsync[TState,TResult](TState state, Func`4 operation, Func`4 verifySucceeded, CancellationToken cancellationToken)
   at Microsoft.EntityFrameworkCore.DbContext.SaveChangesAsync(Boolean acceptAllChangesOnSuccess, CancellationToken cancellationToken) Microsoft.EntityFrameworkCore.DbUpdateException: An error occurred while saving the entity changes. See the inner exception for details.
 ---> Npgsql.PostgresException (0x80004005): 42703: column "CancelReason" of relation "Orders" does not exist

POSITION: 29
   at Npgsql.Internal.NpgsqlConnector.ReadMessageLong(Boolean async, DataRowLoadingMode dataRowLoadingMode, Boolean readingNotifications, Boolean isReadingPrependedMessage)
   at System.Runtime.CompilerServices.PoolingAsyncValueTaskMethodBuilder`1.StateMachineBox`1.System.Threading.Tasks.Sources.IValueTaskSource<TResult>.GetResult(Int16 token)
   at Npgsql.NpgsqlDataReader.NextResult(Boolean async, Boolean isConsuming, CancellationToken cancellationToken)
   at Npgsql.NpgsqlDataReader.NextResult(Boolean async, Boolean isConsuming, CancellationToken cancellationToken)
   at Npgsql.NpgsqlCommand.ExecuteReader(Boolean async, CommandBehavior behavior, CancellationToken cancellationToken)
   at Npgsql.NpgsqlCommand.ExecuteReader(Boolean async, CommandBehavior behavior, CancellationToken cancellationToken)
   at Npgsql.NpgsqlCommand.ExecuteDbDataReaderAsync(CommandBehavior behavior, CancellationToken cancellationToken)
   at Microsoft.EntityFrameworkCore.Storage.RelationalCommand.ExecuteReaderAsync(RelationalCommandParameterObject parameterObject, CancellationToken cancellationToken)
   at Microsoft.EntityFrameworkCore.Storage.RelationalCommand.ExecuteReaderAsync(RelationalCommandParameterObject parameterObject, CancellationToken cancellationToken)
   at Microsoft.EntityFrameworkCore.Update.ReaderModificationCommandBatch.ExecuteAsync(IRelationalConnection connection, CancellationToken cancellationToken)
  Exception data:
    Severity: ERROR
    SqlState: 42703
    MessageText: column "CancelReason" of relation "Orders" does not exist
    Position: 29
    File: parse_target.c
    Line: 1066
    Routine: checkInsertTargets
   --- End of inner exception stack trace ---
   at Microsoft.EntityFrameworkCore.Update.ReaderModificationCommandBatch.ExecuteAsync(IRelationalConnection connection, CancellationToken cancellationToken)
   at Microsoft.EntityFrameworkCore.Update.Internal.BatchExecutor.ExecuteAsync(IEnumerable`1 commandBatches, IRelationalConnection connection, CancellationToken cancellationToken)
   at Microsoft.EntityFrameworkCore.Update.Internal.BatchExecutor.ExecuteAsync(IEnumerable`1 commandBatches, IRelationalConnection connection, CancellationToken cancellationToken)
   at Microsoft.EntityFrameworkCore.Update.Internal.BatchExecutor.ExecuteAsync(IEnumerable`1 commandBatches, IRelationalConnection connection, CancellationToken cancellationToken)
   at Microsoft.EntityFrameworkCore.Storage.RelationalDatabase.SaveChangesAsync(IList`1 entries, CancellationToken cancellationToken)
   at Microsoft.EntityFrameworkCore.ChangeTracking.Internal.StateManager.SaveChangesAsync(IList`1 entriesToSave, CancellationToken cancellationToken)
   at Microsoft.EntityFrameworkCore.ChangeTracking.Internal.StateManager.SaveChangesAsync(StateManager stateManager, Boolean acceptAllChangesOnSuccess, CancellationToken cancellationToken)
   at Npgsql.EntityFrameworkCore.PostgreSQL.Storage.Internal.NpgsqlExecutionStrategy.ExecuteAsync[TState,TResult](TState state, Func`4 operation, Func`4 verifySucceeded, CancellationToken cancellationToken)
   at Microsoft.EntityFrameworkCore.DbContext.SaveChangesAsync(Boolean acceptAllChangesOnSuccess, CancellationToken cancellationToken)
2026-05-19 11:24:45.9103 [ERROR] Microsoft.EntityFrameworkCore.Database.Command - Failed executing DbCommand (2ms) [Parameters=[@p0='?' (DbType = Guid), @p1='?' (DbType = Guid), @p2='?', @p3='?' (DbType = DateTime), @p4='?' (DbType = DateTime), @p5='?' (DbType = DateTime), @p6='?' (DbType = DateTime), @p7='?', @p8='?' (DbType = Guid), @p9='?' (DbType = DateTime), @p10='?', @p11='?' (DbType = Decimal), @p12='?' (DbType = DateTime), @p13='?' (DbType = Guid), @p16='?' (DbType = Guid), @p14='?' (DbType = Int32), @p15='?' (DbType = DateTime), @p17='?' (DbType = Guid), @p18='?' (DbType = DateTime), @p19='?' (DbType = Guid), @p20='?' (DbType = Guid), @p21='?' (DbType = Int32), @p22='?' (DbType = Decimal), @p23='?' (DbType = DateTime)], CommandType='Text', CommandTimeout='30']
DELETE FROM "CartItems"
WHERE "Id" = @p0;
INSERT INTO "Orders" ("Id", "CancelReason", "CancelledAt", "ConfirmedAt", "CreatedAt", "DeliveredAt", "Note", "ShippingAddressId", "ShippingAt", "Status", "TotalAmount", "UpdatedAt", "UserId")
VALUES (@p1, @p2, @p3, @p4, @p5, @p6, @p7, @p8, @p9, @p10, @p11, @p12, @p13);
UPDATE "Products" SET "Stock" = @p14, "UpdatedAt" = @p15
WHERE "Id" = @p16;
INSERT INTO "OrderItems" ("Id", "CreatedAt", "OrderId", "ProductId", "Quantity", "UnitPrice", "UpdatedAt")
VALUES (@p17, @p18, @p19, @p20, @p21, @p22, @p23); 
2026-05-19 11:24:45.9103 [ERROR] Microsoft.EntityFrameworkCore.Update - An exception occurred in the database while saving changes for context type 'TapHoa.Persistence.Data.AppDbContext'.
Microsoft.EntityFrameworkCore.DbUpdateException: An error occurred while saving the entity changes. See the inner exception for details.
 ---> Npgsql.PostgresException (0x80004005): 42703: column "CancelReason" of relation "Orders" does not exist

POSITION: 29
   at Npgsql.Internal.NpgsqlConnector.ReadMessageLong(Boolean async, DataRowLoadingMode dataRowLoadingMode, Boolean readingNotifications, Boolean isReadingPrependedMessage)
   at System.Runtime.CompilerServices.PoolingAsyncValueTaskMethodBuilder`1.StateMachineBox`1.System.Threading.Tasks.Sources.IValueTaskSource<TResult>.GetResult(Int16 token)
   at Npgsql.NpgsqlDataReader.NextResult(Boolean async, Boolean isConsuming, CancellationToken cancellationToken)
   at Npgsql.NpgsqlDataReader.NextResult(Boolean async, Boolean isConsuming, CancellationToken cancellationToken)
   at Npgsql.NpgsqlCommand.ExecuteReader(Boolean async, CommandBehavior behavior, CancellationToken cancellationToken)
   at Npgsql.NpgsqlCommand.ExecuteReader(Boolean async, CommandBehavior behavior, CancellationToken cancellationToken)
   at Npgsql.NpgsqlCommand.ExecuteDbDataReaderAsync(CommandBehavior behavior, CancellationToken cancellationToken)
   at Microsoft.EntityFrameworkCore.Storage.RelationalCommand.ExecuteReaderAsync(RelationalCommandParameterObject parameterObject, CancellationToken cancellationToken)
   at Microsoft.EntityFrameworkCore.Storage.RelationalCommand.ExecuteReaderAsync(RelationalCommandParameterObject parameterObject, CancellationToken cancellationToken)
   at Microsoft.EntityFrameworkCore.Update.ReaderModificationCommandBatch.ExecuteAsync(IRelationalConnection connection, CancellationToken cancellationToken)
  Exception data:
    Severity: ERROR
    SqlState: 42703
    MessageText: column "CancelReason" of relation "Orders" does not exist
    Position: 29
    File: parse_target.c
    Line: 1066
    Routine: checkInsertTargets
   --- End of inner exception stack trace ---
   at Microsoft.EntityFrameworkCore.Update.ReaderModificationCommandBatch.ExecuteAsync(IRelationalConnection connection, CancellationToken cancellationToken)
   at Microsoft.EntityFrameworkCore.Update.Internal.BatchExecutor.ExecuteAsync(IEnumerable`1 commandBatches, IRelationalConnection connection, CancellationToken cancellationToken)
   at Microsoft.EntityFrameworkCore.Update.Internal.BatchExecutor.ExecuteAsync(IEnumerable`1 commandBatches, IRelationalConnection connection, CancellationToken cancellationToken)
   at Microsoft.EntityFrameworkCore.Update.Internal.BatchExecutor.ExecuteAsync(IEnumerable`1 commandBatches, IRelationalConnection connection, CancellationToken cancellationToken)
   at Microsoft.EntityFrameworkCore.Storage.RelationalDatabase.SaveChangesAsync(IList`1 entries, CancellationToken cancellationToken)
   at Microsoft.EntityFrameworkCore.ChangeTracking.Internal.StateManager.SaveChangesAsync(IList`1 entriesToSave, CancellationToken cancellationToken)
   at Microsoft.EntityFrameworkCore.ChangeTracking.Internal.StateManager.SaveChangesAsync(StateManager stateManager, Boolean acceptAllChangesOnSuccess, CancellationToken cancellationToken)
   at Npgsql.EntityFrameworkCore.PostgreSQL.Storage.Internal.NpgsqlExecutionStrategy.ExecuteAsync[TState,TResult](TState state, Func`4 operation, Func`4 verifySucceeded, CancellationToken cancellationToken)
   at Microsoft.EntityFrameworkCore.DbContext.SaveChangesAsync(Boolean acceptAllChangesOnSuccess, CancellationToken cancellationToken) Microsoft.EntityFrameworkCore.DbUpdateException: An error occurred while saving the entity changes. See the inner exception for details.
 ---> Npgsql.PostgresException (0x80004005): 42703: column "CancelReason" of relation "Orders" does not exist

POSITION: 29
   at Npgsql.Internal.NpgsqlConnector.ReadMessageLong(Boolean async, DataRowLoadingMode dataRowLoadingMode, Boolean readingNotifications, Boolean isReadingPrependedMessage)
   at System.Runtime.CompilerServices.PoolingAsyncValueTaskMethodBuilder`1.StateMachineBox`1.System.Threading.Tasks.Sources.IValueTaskSource<TResult>.GetResult(Int16 token)
   at Npgsql.NpgsqlDataReader.NextResult(Boolean async, Boolean isConsuming, CancellationToken cancellationToken)
   at Npgsql.NpgsqlDataReader.NextResult(Boolean async, Boolean isConsuming, CancellationToken cancellationToken)
   at Npgsql.NpgsqlCommand.ExecuteReader(Boolean async, CommandBehavior behavior, CancellationToken cancellationToken)
   at Npgsql.NpgsqlCommand.ExecuteReader(Boolean async, CommandBehavior behavior, CancellationToken cancellationToken)
   at Npgsql.NpgsqlCommand.ExecuteDbDataReaderAsync(CommandBehavior behavior, CancellationToken cancellationToken)
   at Microsoft.EntityFrameworkCore.Storage.RelationalCommand.ExecuteReaderAsync(RelationalCommandParameterObject parameterObject, CancellationToken cancellationToken)
   at Microsoft.EntityFrameworkCore.Storage.RelationalCommand.ExecuteReaderAsync(RelationalCommandParameterObject parameterObject, CancellationToken cancellationToken)
   at Microsoft.EntityFrameworkCore.Update.ReaderModificationCommandBatch.ExecuteAsync(IRelationalConnection connection, CancellationToken cancellationToken)
  Exception data:
    Severity: ERROR
    SqlState: 42703
    MessageText: column "CancelReason" of relation "Orders" does not exist
    Position: 29
    File: parse_target.c
    Line: 1066
    Routine: checkInsertTargets
   --- End of inner exception stack trace ---
   at Microsoft.EntityFrameworkCore.Update.ReaderModificationCommandBatch.ExecuteAsync(IRelationalConnection connection, CancellationToken cancellationToken)
   at Microsoft.EntityFrameworkCore.Update.Internal.BatchExecutor.ExecuteAsync(IEnumerable`1 commandBatches, IRelationalConnection connection, CancellationToken cancellationToken)
   at Microsoft.EntityFrameworkCore.Update.Internal.BatchExecutor.ExecuteAsync(IEnumerable`1 commandBatches, IRelationalConnection connection, CancellationToken cancellationToken)
   at Microsoft.EntityFrameworkCore.Update.Internal.BatchExecutor.ExecuteAsync(IEnumerable`1 commandBatches, IRelationalConnection connection, CancellationToken cancellationToken)
   at Microsoft.EntityFrameworkCore.Storage.RelationalDatabase.SaveChangesAsync(IList`1 entries, CancellationToken cancellationToken)
   at Microsoft.EntityFrameworkCore.ChangeTracking.Internal.StateManager.SaveChangesAsync(IList`1 entriesToSave, CancellationToken cancellationToken)
   at Microsoft.EntityFrameworkCore.ChangeTracking.Internal.StateManager.SaveChangesAsync(StateManager stateManager, Boolean acceptAllChangesOnSuccess, CancellationToken cancellationToken)
   at Npgsql.EntityFrameworkCore.PostgreSQL.Storage.Internal.NpgsqlExecutionStrategy.ExecuteAsync[TState,TResult](TState state, Func`4 operation, Func`4 verifySucceeded, CancellationToken cancellationToken)
   at Microsoft.EntityFrameworkCore.DbContext.SaveChangesAsync(Boolean acceptAllChangesOnSuccess, CancellationToken cancellationToken)
2026-05-19 11:24:56.7568 [ERROR] Microsoft.EntityFrameworkCore.Database.Command - Failed executing DbCommand (2ms) [Parameters=[@p0='?' (DbType = Guid), @p1='?' (DbType = Guid), @p2='?', @p3='?' (DbType = DateTime), @p4='?' (DbType = DateTime), @p5='?' (DbType = DateTime), @p6='?' (DbType = DateTime), @p7='?', @p8='?' (DbType = Guid), @p9='?' (DbType = DateTime), @p10='?', @p11='?' (DbType = Decimal), @p12='?' (DbType = DateTime), @p13='?' (DbType = Guid), @p16='?' (DbType = Guid), @p14='?' (DbType = Int32), @p15='?' (DbType = DateTime), @p17='?' (DbType = Guid), @p18='?' (DbType = DateTime), @p19='?' (DbType = Guid), @p20='?' (DbType = Guid), @p21='?' (DbType = Int32), @p22='?' (DbType = Decimal), @p23='?' (DbType = DateTime)], CommandType='Text', CommandTimeout='30']
DELETE FROM "CartItems"
WHERE "Id" = @p0;
INSERT INTO "Orders" ("Id", "CancelReason", "CancelledAt", "ConfirmedAt", "CreatedAt", "DeliveredAt", "Note", "ShippingAddressId", "ShippingAt", "Status", "TotalAmount", "UpdatedAt", "UserId")
VALUES (@p1, @p2, @p3, @p4, @p5, @p6, @p7, @p8, @p9, @p10, @p11, @p12, @p13);
UPDATE "Products" SET "Stock" = @p14, "UpdatedAt" = @p15
WHERE "Id" = @p16;
INSERT INTO "OrderItems" ("Id", "CreatedAt", "OrderId", "ProductId", "Quantity", "UnitPrice", "UpdatedAt")
VALUES (@p17, @p18, @p19, @p20, @p21, @p22, @p23); 
2026-05-19 11:24:56.7602 [ERROR] Microsoft.EntityFrameworkCore.Update - An exception occurred in the database while saving changes for context type 'TapHoa.Persistence.Data.AppDbContext'.
Microsoft.EntityFrameworkCore.DbUpdateException: An error occurred while saving the entity changes. See the inner exception for details.
 ---> Npgsql.PostgresException (0x80004005): 42703: column "CancelReason" of relation "Orders" does not exist

POSITION: 29
   at Npgsql.Internal.NpgsqlConnector.ReadMessageLong(Boolean async, DataRowLoadingMode dataRowLoadingMode, Boolean readingNotifications, Boolean isReadingPrependedMessage)
   at System.Runtime.CompilerServices.PoolingAsyncValueTaskMethodBuilder`1.StateMachineBox`1.System.Threading.Tasks.Sources.IValueTaskSource<TResult>.GetResult(Int16 token)
   at Npgsql.NpgsqlDataReader.NextResult(Boolean async, Boolean isConsuming, CancellationToken cancellationToken)
   at Npgsql.NpgsqlDataReader.NextResult(Boolean async, Boolean isConsuming, CancellationToken cancellationToken)
   at Npgsql.NpgsqlCommand.ExecuteReader(Boolean async, CommandBehavior behavior, CancellationToken cancellationToken)
   at Npgsql.NpgsqlCommand.ExecuteReader(Boolean async, CommandBehavior behavior, CancellationToken cancellationToken)
   at Npgsql.NpgsqlCommand.ExecuteDbDataReaderAsync(CommandBehavior behavior, CancellationToken cancellationToken)
   at Microsoft.EntityFrameworkCore.Storage.RelationalCommand.ExecuteReaderAsync(RelationalCommandParameterObject parameterObject, CancellationToken cancellationToken)
   at Microsoft.EntityFrameworkCore.Storage.RelationalCommand.ExecuteReaderAsync(RelationalCommandParameterObject parameterObject, CancellationToken cancellationToken)
   at Microsoft.EntityFrameworkCore.Update.ReaderModificationCommandBatch.ExecuteAsync(IRelationalConnection connection, CancellationToken cancellationToken)
  Exception data:
    Severity: ERROR
    SqlState: 42703
    MessageText: column "CancelReason" of relation "Orders" does not exist
    Position: 29
    File: parse_target.c
    Line: 1066
    Routine: checkInsertTargets
   --- End of inner exception stack trace ---
   at Microsoft.EntityFrameworkCore.Update.ReaderModificationCommandBatch.ExecuteAsync(IRelationalConnection connection, CancellationToken cancellationToken)
   at Microsoft.EntityFrameworkCore.Update.Internal.BatchExecutor.ExecuteAsync(IEnumerable`1 commandBatches, IRelationalConnection connection, CancellationToken cancellationToken)
   at Microsoft.EntityFrameworkCore.Update.Internal.BatchExecutor.ExecuteAsync(IEnumerable`1 commandBatches, IRelationalConnection connection, CancellationToken cancellationToken)
   at Microsoft.EntityFrameworkCore.Update.Internal.BatchExecutor.ExecuteAsync(IEnumerable`1 commandBatches, IRelationalConnection connection, CancellationToken cancellationToken)
   at Microsoft.EntityFrameworkCore.Storage.RelationalDatabase.SaveChangesAsync(IList`1 entries, CancellationToken cancellationToken)
   at Microsoft.EntityFrameworkCore.ChangeTracking.Internal.StateManager.SaveChangesAsync(IList`1 entriesToSave, CancellationToken cancellationToken)
   at Microsoft.EntityFrameworkCore.ChangeTracking.Internal.StateManager.SaveChangesAsync(StateManager stateManager, Boolean acceptAllChangesOnSuccess, CancellationToken cancellationToken)
   at Npgsql.EntityFrameworkCore.PostgreSQL.Storage.Internal.NpgsqlExecutionStrategy.ExecuteAsync[TState,TResult](TState state, Func`4 operation, Func`4 verifySucceeded, CancellationToken cancellationToken)
   at Microsoft.EntityFrameworkCore.DbContext.SaveChangesAsync(Boolean acceptAllChangesOnSuccess, CancellationToken cancellationToken) Microsoft.EntityFrameworkCore.DbUpdateException: An error occurred while saving the entity changes. See the inner exception for details.
 ---> Npgsql.PostgresException (0x80004005): 42703: column "CancelReason" of relation "Orders" does not exist

POSITION: 29
   at Npgsql.Internal.NpgsqlConnector.ReadMessageLong(Boolean async, DataRowLoadingMode dataRowLoadingMode, Boolean readingNotifications, Boolean isReadingPrependedMessage)
   at System.Runtime.CompilerServices.PoolingAsyncValueTaskMethodBuilder`1.StateMachineBox`1.System.Threading.Tasks.Sources.IValueTaskSource<TResult>.GetResult(Int16 token)
   at Npgsql.NpgsqlDataReader.NextResult(Boolean async, Boolean isConsuming, CancellationToken cancellationToken)
   at Npgsql.NpgsqlDataReader.NextResult(Boolean async, Boolean isConsuming, CancellationToken cancellationToken)
   at Npgsql.NpgsqlCommand.ExecuteReader(Boolean async, CommandBehavior behavior, CancellationToken cancellationToken)
   at Npgsql.NpgsqlCommand.ExecuteReader(Boolean async, CommandBehavior behavior, CancellationToken cancellationToken)
   at Npgsql.NpgsqlCommand.ExecuteDbDataReaderAsync(CommandBehavior behavior, CancellationToken cancellationToken)
   at Microsoft.EntityFrameworkCore.Storage.RelationalCommand.ExecuteReaderAsync(RelationalCommandParameterObject parameterObject, CancellationToken cancellationToken)
   at Microsoft.EntityFrameworkCore.Storage.RelationalCommand.ExecuteReaderAsync(RelationalCommandParameterObject parameterObject, CancellationToken cancellationToken)
   at Microsoft.EntityFrameworkCore.Update.ReaderModificationCommandBatch.ExecuteAsync(IRelationalConnection connection, CancellationToken cancellationToken)
  Exception data:
    Severity: ERROR
    SqlState: 42703
    MessageText: column "CancelReason" of relation "Orders" does not exist
    Position: 29
    File: parse_target.c
    Line: 1066
    Routine: checkInsertTargets
   --- End of inner exception stack trace ---
   at Microsoft.EntityFrameworkCore.Update.ReaderModificationCommandBatch.ExecuteAsync(IRelationalConnection connection, CancellationToken cancellationToken)
   at Microsoft.EntityFrameworkCore.Update.Internal.BatchExecutor.ExecuteAsync(IEnumerable`1 commandBatches, IRelationalConnection connection, CancellationToken cancellationToken)
   at Microsoft.EntityFrameworkCore.Update.Internal.BatchExecutor.ExecuteAsync(IEnumerable`1 commandBatches, IRelationalConnection connection, CancellationToken cancellationToken)
   at Microsoft.EntityFrameworkCore.Update.Internal.BatchExecutor.ExecuteAsync(IEnumerable`1 commandBatches, IRelationalConnection connection, CancellationToken cancellationToken)
   at Microsoft.EntityFrameworkCore.Storage.RelationalDatabase.SaveChangesAsync(IList`1 entries, CancellationToken cancellationToken)
   at Microsoft.EntityFrameworkCore.ChangeTracking.Internal.StateManager.SaveChangesAsync(IList`1 entriesToSave, CancellationToken cancellationToken)
   at Microsoft.EntityFrameworkCore.ChangeTracking.Internal.StateManager.SaveChangesAsync(StateManager stateManager, Boolean acceptAllChangesOnSuccess, CancellationToken cancellationToken)
   at Npgsql.EntityFrameworkCore.PostgreSQL.Storage.Internal.NpgsqlExecutionStrategy.ExecuteAsync[TState,TResult](TState state, Func`4 operation, Func`4 verifySucceeded, CancellationToken cancellationToken)
   at Microsoft.EntityFrameworkCore.DbContext.SaveChangesAsync(Boolean acceptAllChangesOnSuccess, CancellationToken cancellationToken)
2026-05-19 11:25:00.8364 [ERROR] Microsoft.EntityFrameworkCore.Database.Command - Failed executing DbCommand (1ms) [Parameters=[@p0='?' (DbType = Guid), @p1='?' (DbType = Guid), @p2='?', @p3='?' (DbType = DateTime), @p4='?' (DbType = DateTime), @p5='?' (DbType = DateTime), @p6='?' (DbType = DateTime), @p7='?', @p8='?' (DbType = Guid), @p9='?' (DbType = DateTime), @p10='?', @p11='?' (DbType = Decimal), @p12='?' (DbType = DateTime), @p13='?' (DbType = Guid), @p16='?' (DbType = Guid), @p14='?' (DbType = Int32), @p15='?' (DbType = DateTime), @p17='?' (DbType = Guid), @p18='?' (DbType = DateTime), @p19='?' (DbType = Guid), @p20='?' (DbType = Guid), @p21='?' (DbType = Int32), @p22='?' (DbType = Decimal), @p23='?' (DbType = DateTime)], CommandType='Text', CommandTimeout='30']
DELETE FROM "CartItems"
WHERE "Id" = @p0;
INSERT INTO "Orders" ("Id", "CancelReason", "CancelledAt", "ConfirmedAt", "CreatedAt", "DeliveredAt", "Note", "ShippingAddressId", "ShippingAt", "Status", "TotalAmount", "UpdatedAt", "UserId")
VALUES (@p1, @p2, @p3, @p4, @p5, @p6, @p7, @p8, @p9, @p10, @p11, @p12, @p13);
UPDATE "Products" SET "Stock" = @p14, "UpdatedAt" = @p15
WHERE "Id" = @p16;
INSERT INTO "OrderItems" ("Id", "CreatedAt", "OrderId", "ProductId", "Quantity", "UnitPrice", "UpdatedAt")
VALUES (@p17, @p18, @p19, @p20, @p21, @p22, @p23); 
2026-05-19 11:25:00.8364 [ERROR] Microsoft.EntityFrameworkCore.Update - An exception occurred in the database while saving changes for context type 'TapHoa.Persistence.Data.AppDbContext'.
Microsoft.EntityFrameworkCore.DbUpdateException: An error occurred while saving the entity changes. See the inner exception for details.
 ---> Npgsql.PostgresException (0x80004005): 42703: column "CancelReason" of relation "Orders" does not exist

POSITION: 29
   at Npgsql.Internal.NpgsqlConnector.ReadMessageLong(Boolean async, DataRowLoadingMode dataRowLoadingMode, Boolean readingNotifications, Boolean isReadingPrependedMessage)
   at System.Runtime.CompilerServices.PoolingAsyncValueTaskMethodBuilder`1.StateMachineBox`1.System.Threading.Tasks.Sources.IValueTaskSource<TResult>.GetResult(Int16 token)
   at Npgsql.NpgsqlDataReader.NextResult(Boolean async, Boolean isConsuming, CancellationToken cancellationToken)
   at Npgsql.NpgsqlDataReader.NextResult(Boolean async, Boolean isConsuming, CancellationToken cancellationToken)
   at Npgsql.NpgsqlCommand.ExecuteReader(Boolean async, CommandBehavior behavior, CancellationToken cancellationToken)
   at Npgsql.NpgsqlCommand.ExecuteReader(Boolean async, CommandBehavior behavior, CancellationToken cancellationToken)
   at Npgsql.NpgsqlCommand.ExecuteDbDataReaderAsync(CommandBehavior behavior, CancellationToken cancellationToken)
   at Microsoft.EntityFrameworkCore.Storage.RelationalCommand.ExecuteReaderAsync(RelationalCommandParameterObject parameterObject, CancellationToken cancellationToken)
   at Microsoft.EntityFrameworkCore.Storage.RelationalCommand.ExecuteReaderAsync(RelationalCommandParameterObject parameterObject, CancellationToken cancellationToken)
   at Microsoft.EntityFrameworkCore.Update.ReaderModificationCommandBatch.ExecuteAsync(IRelationalConnection connection, CancellationToken cancellationToken)
  Exception data:
    Severity: ERROR
    SqlState: 42703
    MessageText: column "CancelReason" of relation "Orders" does not exist
    Position: 29
    File: parse_target.c
    Line: 1066
    Routine: checkInsertTargets
   --- End of inner exception stack trace ---
   at Microsoft.EntityFrameworkCore.Update.ReaderModificationCommandBatch.ExecuteAsync(IRelationalConnection connection, CancellationToken cancellationToken)
   at Microsoft.EntityFrameworkCore.Update.Internal.BatchExecutor.ExecuteAsync(IEnumerable`1 commandBatches, IRelationalConnection connection, CancellationToken cancellationToken)
   at Microsoft.EntityFrameworkCore.Update.Internal.BatchExecutor.ExecuteAsync(IEnumerable`1 commandBatches, IRelationalConnection connection, CancellationToken cancellationToken)
   at Microsoft.EntityFrameworkCore.Update.Internal.BatchExecutor.ExecuteAsync(IEnumerable`1 commandBatches, IRelationalConnection connection, CancellationToken cancellationToken)
   at Microsoft.EntityFrameworkCore.Storage.RelationalDatabase.SaveChangesAsync(IList`1 entries, CancellationToken cancellationToken)
   at Microsoft.EntityFrameworkCore.ChangeTracking.Internal.StateManager.SaveChangesAsync(IList`1 entriesToSave, CancellationToken cancellationToken)
   at Microsoft.EntityFrameworkCore.ChangeTracking.Internal.StateManager.SaveChangesAsync(StateManager stateManager, Boolean acceptAllChangesOnSuccess, CancellationToken cancellationToken)
   at Npgsql.EntityFrameworkCore.PostgreSQL.Storage.Internal.NpgsqlExecutionStrategy.ExecuteAsync[TState,TResult](TState state, Func`4 operation, Func`4 verifySucceeded, CancellationToken cancellationToken)
   at Microsoft.EntityFrameworkCore.DbContext.SaveChangesAsync(Boolean acceptAllChangesOnSuccess, CancellationToken cancellationToken) Microsoft.EntityFrameworkCore.DbUpdateException: An error occurred while saving the entity changes. See the inner exception for details.
 ---> Npgsql.PostgresException (0x80004005): 42703: column "CancelReason" of relation "Orders" does not exist

POSITION: 29
   at Npgsql.Internal.NpgsqlConnector.ReadMessageLong(Boolean async, DataRowLoadingMode dataRowLoadingMode, Boolean readingNotifications, Boolean isReadingPrependedMessage)
   at System.Runtime.CompilerServices.PoolingAsyncValueTaskMethodBuilder`1.StateMachineBox`1.System.Threading.Tasks.Sources.IValueTaskSource<TResult>.GetResult(Int16 token)
   at Npgsql.NpgsqlDataReader.NextResult(Boolean async, Boolean isConsuming, CancellationToken cancellationToken)
   at Npgsql.NpgsqlDataReader.NextResult(Boolean async, Boolean isConsuming, CancellationToken cancellationToken)
   at Npgsql.NpgsqlCommand.ExecuteReader(Boolean async, CommandBehavior behavior, CancellationToken cancellationToken)
   at Npgsql.NpgsqlCommand.ExecuteReader(Boolean async, CommandBehavior behavior, CancellationToken cancellationToken)
   at Npgsql.NpgsqlCommand.ExecuteDbDataReaderAsync(CommandBehavior behavior, CancellationToken cancellationToken)
   at Microsoft.EntityFrameworkCore.Storage.RelationalCommand.ExecuteReaderAsync(RelationalCommandParameterObject parameterObject, CancellationToken cancellationToken)
   at Microsoft.EntityFrameworkCore.Storage.RelationalCommand.ExecuteReaderAsync(RelationalCommandParameterObject parameterObject, CancellationToken cancellationToken)
   at Microsoft.EntityFrameworkCore.Update.ReaderModificationCommandBatch.ExecuteAsync(IRelationalConnection connection, CancellationToken cancellationToken)
  Exception data:
    Severity: ERROR
    SqlState: 42703
    MessageText: column "CancelReason" of relation "Orders" does not exist
    Position: 29
    File: parse_target.c
    Line: 1066
    Routine: checkInsertTargets
   --- End of inner exception stack trace ---
   at Microsoft.EntityFrameworkCore.Update.ReaderModificationCommandBatch.ExecuteAsync(IRelationalConnection connection, CancellationToken cancellationToken)
   at Microsoft.EntityFrameworkCore.Update.Internal.BatchExecutor.ExecuteAsync(IEnumerable`1 commandBatches, IRelationalConnection connection, CancellationToken cancellationToken)
   at Microsoft.EntityFrameworkCore.Update.Internal.BatchExecutor.ExecuteAsync(IEnumerable`1 commandBatches, IRelationalConnection connection, CancellationToken cancellationToken)
   at Microsoft.EntityFrameworkCore.Update.Internal.BatchExecutor.ExecuteAsync(IEnumerable`1 commandBatches, IRelationalConnection connection, CancellationToken cancellationToken)
   at Microsoft.EntityFrameworkCore.Storage.RelationalDatabase.SaveChangesAsync(IList`1 entries, CancellationToken cancellationToken)
   at Microsoft.EntityFrameworkCore.ChangeTracking.Internal.StateManager.SaveChangesAsync(IList`1 entriesToSave, CancellationToken cancellationToken)
   at Microsoft.EntityFrameworkCore.ChangeTracking.Internal.StateManager.SaveChangesAsync(StateManager stateManager, Boolean acceptAllChangesOnSuccess, CancellationToken cancellationToken)
   at Npgsql.EntityFrameworkCore.PostgreSQL.Storage.Internal.NpgsqlExecutionStrategy.ExecuteAsync[TState,TResult](TState state, Func`4 operation, Func`4 verifySucceeded, CancellationToken cancellationToken)
   at Microsoft.EntityFrameworkCore.DbContext.SaveChangesAsync(Boolean acceptAllChangesOnSuccess, CancellationToken cancellationToken)
2026-05-19 11:25:00.9747 [ERROR] Microsoft.EntityFrameworkCore.Database.Command - Failed executing DbCommand (1ms) [Parameters=[@p0='?' (DbType = Guid), @p1='?' (DbType = Guid), @p2='?', @p3='?' (DbType = DateTime), @p4='?' (DbType = DateTime), @p5='?' (DbType = DateTime), @p6='?' (DbType = DateTime), @p7='?', @p8='?' (DbType = Guid), @p9='?' (DbType = DateTime), @p10='?', @p11='?' (DbType = Decimal), @p12='?' (DbType = DateTime), @p13='?' (DbType = Guid), @p16='?' (DbType = Guid), @p14='?' (DbType = Int32), @p15='?' (DbType = DateTime), @p17='?' (DbType = Guid), @p18='?' (DbType = DateTime), @p19='?' (DbType = Guid), @p20='?' (DbType = Guid), @p21='?' (DbType = Int32), @p22='?' (DbType = Decimal), @p23='?' (DbType = DateTime)], CommandType='Text', CommandTimeout='30']
DELETE FROM "CartItems"
WHERE "Id" = @p0;
INSERT INTO "Orders" ("Id", "CancelReason", "CancelledAt", "ConfirmedAt", "CreatedAt", "DeliveredAt", "Note", "ShippingAddressId", "ShippingAt", "Status", "TotalAmount", "UpdatedAt", "UserId")
VALUES (@p1, @p2, @p3, @p4, @p5, @p6, @p7, @p8, @p9, @p10, @p11, @p12, @p13);
UPDATE "Products" SET "Stock" = @p14, "UpdatedAt" = @p15
WHERE "Id" = @p16;
INSERT INTO "OrderItems" ("Id", "CreatedAt", "OrderId", "ProductId", "Quantity", "UnitPrice", "UpdatedAt")
VALUES (@p17, @p18, @p19, @p20, @p21, @p22, @p23); 
2026-05-19 11:25:00.9768 [ERROR] Microsoft.EntityFrameworkCore.Update - An exception occurred in the database while saving changes for context type 'TapHoa.Persistence.Data.AppDbContext'.
Microsoft.EntityFrameworkCore.DbUpdateException: An error occurred while saving the entity changes. See the inner exception for details.
 ---> Npgsql.PostgresException (0x80004005): 42703: column "CancelReason" of relation "Orders" does not exist

POSITION: 29
   at Npgsql.Internal.NpgsqlConnector.ReadMessageLong(Boolean async, DataRowLoadingMode dataRowLoadingMode, Boolean readingNotifications, Boolean isReadingPrependedMessage)
   at System.Runtime.CompilerServices.PoolingAsyncValueTaskMethodBuilder`1.StateMachineBox`1.System.Threading.Tasks.Sources.IValueTaskSource<TResult>.GetResult(Int16 token)
   at Npgsql.NpgsqlDataReader.NextResult(Boolean async, Boolean isConsuming, CancellationToken cancellationToken)
   at Npgsql.NpgsqlDataReader.NextResult(Boolean async, Boolean isConsuming, CancellationToken cancellationToken)
   at Npgsql.NpgsqlCommand.ExecuteReader(Boolean async, CommandBehavior behavior, CancellationToken cancellationToken)
   at Npgsql.NpgsqlCommand.ExecuteReader(Boolean async, CommandBehavior behavior, CancellationToken cancellationToken)
   at Npgsql.NpgsqlCommand.ExecuteDbDataReaderAsync(CommandBehavior behavior, CancellationToken cancellationToken)
   at Microsoft.EntityFrameworkCore.Storage.RelationalCommand.ExecuteReaderAsync(RelationalCommandParameterObject parameterObject, CancellationToken cancellationToken)
   at Microsoft.EntityFrameworkCore.Storage.RelationalCommand.ExecuteReaderAsync(RelationalCommandParameterObject parameterObject, CancellationToken cancellationToken)
   at Microsoft.EntityFrameworkCore.Update.ReaderModificationCommandBatch.ExecuteAsync(IRelationalConnection connection, CancellationToken cancellationToken)
  Exception data:
    Severity: ERROR
    SqlState: 42703
    MessageText: column "CancelReason" of relation "Orders" does not exist
    Position: 29
    File: parse_target.c
    Line: 1066
    Routine: checkInsertTargets
   --- End of inner exception stack trace ---
   at Microsoft.EntityFrameworkCore.Update.ReaderModificationCommandBatch.ExecuteAsync(IRelationalConnection connection, CancellationToken cancellationToken)
   at Microsoft.EntityFrameworkCore.Update.Internal.BatchExecutor.ExecuteAsync(IEnumerable`1 commandBatches, IRelationalConnection connection, CancellationToken cancellationToken)
   at Microsoft.EntityFrameworkCore.Update.Internal.BatchExecutor.ExecuteAsync(IEnumerable`1 commandBatches, IRelationalConnection connection, CancellationToken cancellationToken)
   at Microsoft.EntityFrameworkCore.Update.Internal.BatchExecutor.ExecuteAsync(IEnumerable`1 commandBatches, IRelationalConnection connection, CancellationToken cancellationToken)
   at Microsoft.EntityFrameworkCore.Storage.RelationalDatabase.SaveChangesAsync(IList`1 entries, CancellationToken cancellationToken)
   at Microsoft.EntityFrameworkCore.ChangeTracking.Internal.StateManager.SaveChangesAsync(IList`1 entriesToSave, CancellationToken cancellationToken)
   at Microsoft.EntityFrameworkCore.ChangeTracking.Internal.StateManager.SaveChangesAsync(StateManager stateManager, Boolean acceptAllChangesOnSuccess, CancellationToken cancellationToken)
   at Npgsql.EntityFrameworkCore.PostgreSQL.Storage.Internal.NpgsqlExecutionStrategy.ExecuteAsync[TState,TResult](TState state, Func`4 operation, Func`4 verifySucceeded, CancellationToken cancellationToken)
   at Microsoft.EntityFrameworkCore.DbContext.SaveChangesAsync(Boolean acceptAllChangesOnSuccess, CancellationToken cancellationToken) Microsoft.EntityFrameworkCore.DbUpdateException: An error occurred while saving the entity changes. See the inner exception for details.
 ---> Npgsql.PostgresException (0x80004005): 42703: column "CancelReason" of relation "Orders" does not exist

POSITION: 29
   at Npgsql.Internal.NpgsqlConnector.ReadMessageLong(Boolean async, DataRowLoadingMode dataRowLoadingMode, Boolean readingNotifications, Boolean isReadingPrependedMessage)
   at System.Runtime.CompilerServices.PoolingAsyncValueTaskMethodBuilder`1.StateMachineBox`1.System.Threading.Tasks.Sources.IValueTaskSource<TResult>.GetResult(Int16 token)
   at Npgsql.NpgsqlDataReader.NextResult(Boolean async, Boolean isConsuming, CancellationToken cancellationToken)
   at Npgsql.NpgsqlDataReader.NextResult(Boolean async, Boolean isConsuming, CancellationToken cancellationToken)
   at Npgsql.NpgsqlCommand.ExecuteReader(Boolean async, CommandBehavior behavior, CancellationToken cancellationToken)
   at Npgsql.NpgsqlCommand.ExecuteReader(Boolean async, CommandBehavior behavior, CancellationToken cancellationToken)
   at Npgsql.NpgsqlCommand.ExecuteDbDataReaderAsync(CommandBehavior behavior, CancellationToken cancellationToken)
   at Microsoft.EntityFrameworkCore.Storage.RelationalCommand.ExecuteReaderAsync(RelationalCommandParameterObject parameterObject, CancellationToken cancellationToken)
   at Microsoft.EntityFrameworkCore.Storage.RelationalCommand.ExecuteReaderAsync(RelationalCommandParameterObject parameterObject, CancellationToken cancellationToken)
   at Microsoft.EntityFrameworkCore.Update.ReaderModificationCommandBatch.ExecuteAsync(IRelationalConnection connection, CancellationToken cancellationToken)
  Exception data:
    Severity: ERROR
    SqlState: 42703
    MessageText: column "CancelReason" of relation "Orders" does not exist
    Position: 29
    File: parse_target.c
    Line: 1066
    Routine: checkInsertTargets
   --- End of inner exception stack trace ---
   at Microsoft.EntityFrameworkCore.Update.ReaderModificationCommandBatch.ExecuteAsync(IRelationalConnection connection, CancellationToken cancellationToken)
   at Microsoft.EntityFrameworkCore.Update.Internal.BatchExecutor.ExecuteAsync(IEnumerable`1 commandBatches, IRelationalConnection connection, CancellationToken cancellationToken)
   at Microsoft.EntityFrameworkCore.Update.Internal.BatchExecutor.ExecuteAsync(IEnumerable`1 commandBatches, IRelationalConnection connection, CancellationToken cancellationToken)
   at Microsoft.EntityFrameworkCore.Update.Internal.BatchExecutor.ExecuteAsync(IEnumerable`1 commandBatches, IRelationalConnection connection, CancellationToken cancellationToken)
   at Microsoft.EntityFrameworkCore.Storage.RelationalDatabase.SaveChangesAsync(IList`1 entries, CancellationToken cancellationToken)
   at Microsoft.EntityFrameworkCore.ChangeTracking.Internal.StateManager.SaveChangesAsync(IList`1 entriesToSave, CancellationToken cancellationToken)
   at Microsoft.EntityFrameworkCore.ChangeTracking.Internal.StateManager.SaveChangesAsync(StateManager stateManager, Boolean acceptAllChangesOnSuccess, CancellationToken cancellationToken)
   at Npgsql.EntityFrameworkCore.PostgreSQL.Storage.Internal.NpgsqlExecutionStrategy.ExecuteAsync[TState,TResult](TState state, Func`4 operation, Func`4 verifySucceeded, CancellationToken cancellationToken)
   at Microsoft.EntityFrameworkCore.DbContext.SaveChangesAsync(Boolean acceptAllChangesOnSuccess, CancellationToken cancellationToken)
2026-05-19 11:25:01.1286 [ERROR] Microsoft.EntityFrameworkCore.Database.Command - Failed executing DbCommand (2ms) [Parameters=[@p0='?' (DbType = Guid), @p1='?' (DbType = Guid), @p2='?', @p3='?' (DbType = DateTime), @p4='?' (DbType = DateTime), @p5='?' (DbType = DateTime), @p6='?' (DbType = DateTime), @p7='?', @p8='?' (DbType = Guid), @p9='?' (DbType = DateTime), @p10='?', @p11='?' (DbType = Decimal), @p12='?' (DbType = DateTime), @p13='?' (DbType = Guid), @p16='?' (DbType = Guid), @p14='?' (DbType = Int32), @p15='?' (DbType = DateTime), @p17='?' (DbType = Guid), @p18='?' (DbType = DateTime), @p19='?' (DbType = Guid), @p20='?' (DbType = Guid), @p21='?' (DbType = Int32), @p22='?' (DbType = Decimal), @p23='?' (DbType = DateTime)], CommandType='Text', CommandTimeout='30']
DELETE FROM "CartItems"
WHERE "Id" = @p0;
INSERT INTO "Orders" ("Id", "CancelReason", "CancelledAt", "ConfirmedAt", "CreatedAt", "DeliveredAt", "Note", "ShippingAddressId", "ShippingAt", "Status", "TotalAmount", "UpdatedAt", "UserId")
VALUES (@p1, @p2, @p3, @p4, @p5, @p6, @p7, @p8, @p9, @p10, @p11, @p12, @p13);
UPDATE "Products" SET "Stock" = @p14, "UpdatedAt" = @p15
WHERE "Id" = @p16;
INSERT INTO "OrderItems" ("Id", "CreatedAt", "OrderId", "ProductId", "Quantity", "UnitPrice", "UpdatedAt")
VALUES (@p17, @p18, @p19, @p20, @p21, @p22, @p23); 
2026-05-19 11:25:01.1286 [ERROR] Microsoft.EntityFrameworkCore.Update - An exception occurred in the database while saving changes for context type 'TapHoa.Persistence.Data.AppDbContext'.
Microsoft.EntityFrameworkCore.DbUpdateException: An error occurred while saving the entity changes. See the inner exception for details.
 ---> Npgsql.PostgresException (0x80004005): 42703: column "CancelReason" of relation "Orders" does not exist

POSITION: 29
   at Npgsql.Internal.NpgsqlConnector.ReadMessageLong(Boolean async, DataRowLoadingMode dataRowLoadingMode, Boolean readingNotifications, Boolean isReadingPrependedMessage)
   at System.Runtime.CompilerServices.PoolingAsyncValueTaskMethodBuilder`1.StateMachineBox`1.System.Threading.Tasks.Sources.IValueTaskSource<TResult>.GetResult(Int16 token)
   at Npgsql.NpgsqlDataReader.NextResult(Boolean async, Boolean isConsuming, CancellationToken cancellationToken)
   at Npgsql.NpgsqlDataReader.NextResult(Boolean async, Boolean isConsuming, CancellationToken cancellationToken)
   at Npgsql.NpgsqlCommand.ExecuteReader(Boolean async, CommandBehavior behavior, CancellationToken cancellationToken)
   at Npgsql.NpgsqlCommand.ExecuteReader(Boolean async, CommandBehavior behavior, CancellationToken cancellationToken)
   at Npgsql.NpgsqlCommand.ExecuteDbDataReaderAsync(CommandBehavior behavior, CancellationToken cancellationToken)
   at Microsoft.EntityFrameworkCore.Storage.RelationalCommand.ExecuteReaderAsync(RelationalCommandParameterObject parameterObject, CancellationToken cancellationToken)
   at Microsoft.EntityFrameworkCore.Storage.RelationalCommand.ExecuteReaderAsync(RelationalCommandParameterObject parameterObject, CancellationToken cancellationToken)
   at Microsoft.EntityFrameworkCore.Update.ReaderModificationCommandBatch.ExecuteAsync(IRelationalConnection connection, CancellationToken cancellationToken)
  Exception data:
    Severity: ERROR
    SqlState: 42703
    MessageText: column "CancelReason" of relation "Orders" does not exist
    Position: 29
    File: parse_target.c
    Line: 1066
    Routine: checkInsertTargets
   --- End of inner exception stack trace ---
   at Microsoft.EntityFrameworkCore.Update.ReaderModificationCommandBatch.ExecuteAsync(IRelationalConnection connection, CancellationToken cancellationToken)
   at Microsoft.EntityFrameworkCore.Update.Internal.BatchExecutor.ExecuteAsync(IEnumerable`1 commandBatches, IRelationalConnection connection, CancellationToken cancellationToken)
   at Microsoft.EntityFrameworkCore.Update.Internal.BatchExecutor.ExecuteAsync(IEnumerable`1 commandBatches, IRelationalConnection connection, CancellationToken cancellationToken)
   at Microsoft.EntityFrameworkCore.Update.Internal.BatchExecutor.ExecuteAsync(IEnumerable`1 commandBatches, IRelationalConnection connection, CancellationToken cancellationToken)
   at Microsoft.EntityFrameworkCore.Storage.RelationalDatabase.SaveChangesAsync(IList`1 entries, CancellationToken cancellationToken)
   at Microsoft.EntityFrameworkCore.ChangeTracking.Internal.StateManager.SaveChangesAsync(IList`1 entriesToSave, CancellationToken cancellationToken)
   at Microsoft.EntityFrameworkCore.ChangeTracking.Internal.StateManager.SaveChangesAsync(StateManager stateManager, Boolean acceptAllChangesOnSuccess, CancellationToken cancellationToken)
   at Npgsql.EntityFrameworkCore.PostgreSQL.Storage.Internal.NpgsqlExecutionStrategy.ExecuteAsync[TState,TResult](TState state, Func`4 operation, Func`4 verifySucceeded, CancellationToken cancellationToken)
   at Microsoft.EntityFrameworkCore.DbContext.SaveChangesAsync(Boolean acceptAllChangesOnSuccess, CancellationToken cancellationToken) Microsoft.EntityFrameworkCore.DbUpdateException: An error occurred while saving the entity changes. See the inner exception for details.
 ---> Npgsql.PostgresException (0x80004005): 42703: column "CancelReason" of relation "Orders" does not exist

POSITION: 29
   at Npgsql.Internal.NpgsqlConnector.ReadMessageLong(Boolean async, DataRowLoadingMode dataRowLoadingMode, Boolean readingNotifications, Boolean isReadingPrependedMessage)
   at System.Runtime.CompilerServices.PoolingAsyncValueTaskMethodBuilder`1.StateMachineBox`1.System.Threading.Tasks.Sources.IValueTaskSource<TResult>.GetResult(Int16 token)
   at Npgsql.NpgsqlDataReader.NextResult(Boolean async, Boolean isConsuming, CancellationToken cancellationToken)
   at Npgsql.NpgsqlDataReader.NextResult(Boolean async, Boolean isConsuming, CancellationToken cancellationToken)
   at Npgsql.NpgsqlCommand.ExecuteReader(Boolean async, CommandBehavior behavior, CancellationToken cancellationToken)
   at Npgsql.NpgsqlCommand.ExecuteReader(Boolean async, CommandBehavior behavior, CancellationToken cancellationToken)
   at Npgsql.NpgsqlCommand.ExecuteDbDataReaderAsync(CommandBehavior behavior, CancellationToken cancellationToken)
   at Microsoft.EntityFrameworkCore.Storage.RelationalCommand.ExecuteReaderAsync(RelationalCommandParameterObject parameterObject, CancellationToken cancellationToken)
   at Microsoft.EntityFrameworkCore.Storage.RelationalCommand.ExecuteReaderAsync(RelationalCommandParameterObject parameterObject, CancellationToken cancellationToken)
   at Microsoft.EntityFrameworkCore.Update.ReaderModificationCommandBatch.ExecuteAsync(IRelationalConnection connection, CancellationToken cancellationToken)
  Exception data:
    Severity: ERROR
    SqlState: 42703
    MessageText: column "CancelReason" of relation "Orders" does not exist
    Position: 29
    File: parse_target.c
    Line: 1066
    Routine: checkInsertTargets
   --- End of inner exception stack trace ---
   at Microsoft.EntityFrameworkCore.Update.ReaderModificationCommandBatch.ExecuteAsync(IRelationalConnection connection, CancellationToken cancellationToken)
   at Microsoft.EntityFrameworkCore.Update.Internal.BatchExecutor.ExecuteAsync(IEnumerable`1 commandBatches, IRelationalConnection connection, CancellationToken cancellationToken)
   at Microsoft.EntityFrameworkCore.Update.Internal.BatchExecutor.ExecuteAsync(IEnumerable`1 commandBatches, IRelationalConnection connection, CancellationToken cancellationToken)
   at Microsoft.EntityFrameworkCore.Update.Internal.BatchExecutor.ExecuteAsync(IEnumerable`1 commandBatches, IRelationalConnection connection, CancellationToken cancellationToken)
   at Microsoft.EntityFrameworkCore.Storage.RelationalDatabase.SaveChangesAsync(IList`1 entries, CancellationToken cancellationToken)
   at Microsoft.EntityFrameworkCore.ChangeTracking.Internal.StateManager.SaveChangesAsync(IList`1 entriesToSave, CancellationToken cancellationToken)
   at Microsoft.EntityFrameworkCore.ChangeTracking.Internal.StateManager.SaveChangesAsync(StateManager stateManager, Boolean acceptAllChangesOnSuccess, CancellationToken cancellationToken)
   at Npgsql.EntityFrameworkCore.PostgreSQL.Storage.Internal.NpgsqlExecutionStrategy.ExecuteAsync[TState,TResult](TState state, Func`4 operation, Func`4 verifySucceeded, CancellationToken cancellationToken)
   at Microsoft.EntityFrameworkCore.DbContext.SaveChangesAsync(Boolean acceptAllChangesOnSuccess, CancellationToken cancellationToken)
2026-05-19 11:25:01.2692 [ERROR] Microsoft.EntityFrameworkCore.Database.Command - Failed executing DbCommand (1ms) [Parameters=[@p0='?' (DbType = Guid), @p1='?' (DbType = Guid), @p2='?', @p3='?' (DbType = DateTime), @p4='?' (DbType = DateTime), @p5='?' (DbType = DateTime), @p6='?' (DbType = DateTime), @p7='?', @p8='?' (DbType = Guid), @p9='?' (DbType = DateTime), @p10='?', @p11='?' (DbType = Decimal), @p12='?' (DbType = DateTime), @p13='?' (DbType = Guid), @p16='?' (DbType = Guid), @p14='?' (DbType = Int32), @p15='?' (DbType = DateTime), @p17='?' (DbType = Guid), @p18='?' (DbType = DateTime), @p19='?' (DbType = Guid), @p20='?' (DbType = Guid), @p21='?' (DbType = Int32), @p22='?' (DbType = Decimal), @p23='?' (DbType = DateTime)], CommandType='Text', CommandTimeout='30']
DELETE FROM "CartItems"
WHERE "Id" = @p0;
INSERT INTO "Orders" ("Id", "CancelReason", "CancelledAt", "ConfirmedAt", "CreatedAt", "DeliveredAt", "Note", "ShippingAddressId", "ShippingAt", "Status", "TotalAmount", "UpdatedAt", "UserId")
VALUES (@p1, @p2, @p3, @p4, @p5, @p6, @p7, @p8, @p9, @p10, @p11, @p12, @p13);
UPDATE "Products" SET "Stock" = @p14, "UpdatedAt" = @p15
WHERE "Id" = @p16;
INSERT INTO "OrderItems" ("Id", "CreatedAt", "OrderId", "ProductId", "Quantity", "UnitPrice", "UpdatedAt")
VALUES (@p17, @p18, @p19, @p20, @p21, @p22, @p23); 
2026-05-19 11:25:01.2692 [ERROR] Microsoft.EntityFrameworkCore.Update - An exception occurred in the database while saving changes for context type 'TapHoa.Persistence.Data.AppDbContext'.
Microsoft.EntityFrameworkCore.DbUpdateException: An error occurred while saving the entity changes. See the inner exception for details.
 ---> Npgsql.PostgresException (0x80004005): 42703: column "CancelReason" of relation "Orders" does not exist

POSITION: 29
   at Npgsql.Internal.NpgsqlConnector.ReadMessageLong(Boolean async, DataRowLoadingMode dataRowLoadingMode, Boolean readingNotifications, Boolean isReadingPrependedMessage)
   at System.Runtime.CompilerServices.PoolingAsyncValueTaskMethodBuilder`1.StateMachineBox`1.System.Threading.Tasks.Sources.IValueTaskSource<TResult>.GetResult(Int16 token)
   at Npgsql.NpgsqlDataReader.NextResult(Boolean async, Boolean isConsuming, CancellationToken cancellationToken)
   at Npgsql.NpgsqlDataReader.NextResult(Boolean async, Boolean isConsuming, CancellationToken cancellationToken)
   at Npgsql.NpgsqlCommand.ExecuteReader(Boolean async, CommandBehavior behavior, CancellationToken cancellationToken)
   at Npgsql.NpgsqlCommand.ExecuteReader(Boolean async, CommandBehavior behavior, CancellationToken cancellationToken)
   at Npgsql.NpgsqlCommand.ExecuteDbDataReaderAsync(CommandBehavior behavior, CancellationToken cancellationToken)
   at Microsoft.EntityFrameworkCore.Storage.RelationalCommand.ExecuteReaderAsync(RelationalCommandParameterObject parameterObject, CancellationToken cancellationToken)
   at Microsoft.EntityFrameworkCore.Storage.RelationalCommand.ExecuteReaderAsync(RelationalCommandParameterObject parameterObject, CancellationToken cancellationToken)
   at Microsoft.EntityFrameworkCore.Update.ReaderModificationCommandBatch.ExecuteAsync(IRelationalConnection connection, CancellationToken cancellationToken)
  Exception data:
    Severity: ERROR
    SqlState: 42703
    MessageText: column "CancelReason" of relation "Orders" does not exist
    Position: 29
    File: parse_target.c
    Line: 1066
    Routine: checkInsertTargets
   --- End of inner exception stack trace ---
   at Microsoft.EntityFrameworkCore.Update.ReaderModificationCommandBatch.ExecuteAsync(IRelationalConnection connection, CancellationToken cancellationToken)
   at Microsoft.EntityFrameworkCore.Update.Internal.BatchExecutor.ExecuteAsync(IEnumerable`1 commandBatches, IRelationalConnection connection, CancellationToken cancellationToken)
   at Microsoft.EntityFrameworkCore.Update.Internal.BatchExecutor.ExecuteAsync(IEnumerable`1 commandBatches, IRelationalConnection connection, CancellationToken cancellationToken)
   at Microsoft.EntityFrameworkCore.Update.Internal.BatchExecutor.ExecuteAsync(IEnumerable`1 commandBatches, IRelationalConnection connection, CancellationToken cancellationToken)
   at Microsoft.EntityFrameworkCore.Storage.RelationalDatabase.SaveChangesAsync(IList`1 entries, CancellationToken cancellationToken)
   at Microsoft.EntityFrameworkCore.ChangeTracking.Internal.StateManager.SaveChangesAsync(IList`1 entriesToSave, CancellationToken cancellationToken)
   at Microsoft.EntityFrameworkCore.ChangeTracking.Internal.StateManager.SaveChangesAsync(StateManager stateManager, Boolean acceptAllChangesOnSuccess, CancellationToken cancellationToken)
   at Npgsql.EntityFrameworkCore.PostgreSQL.Storage.Internal.NpgsqlExecutionStrategy.ExecuteAsync[TState,TResult](TState state, Func`4 operation, Func`4 verifySucceeded, CancellationToken cancellationToken)
   at Microsoft.EntityFrameworkCore.DbContext.SaveChangesAsync(Boolean acceptAllChangesOnSuccess, CancellationToken cancellationToken) Microsoft.EntityFrameworkCore.DbUpdateException: An error occurred while saving the entity changes. See the inner exception for details.
 ---> Npgsql.PostgresException (0x80004005): 42703: column "CancelReason" of relation "Orders" does not exist

POSITION: 29
   at Npgsql.Internal.NpgsqlConnector.ReadMessageLong(Boolean async, DataRowLoadingMode dataRowLoadingMode, Boolean readingNotifications, Boolean isReadingPrependedMessage)
   at System.Runtime.CompilerServices.PoolingAsyncValueTaskMethodBuilder`1.StateMachineBox`1.System.Threading.Tasks.Sources.IValueTaskSource<TResult>.GetResult(Int16 token)
   at Npgsql.NpgsqlDataReader.NextResult(Boolean async, Boolean isConsuming, CancellationToken cancellationToken)
   at Npgsql.NpgsqlDataReader.NextResult(Boolean async, Boolean isConsuming, CancellationToken cancellationToken)
   at Npgsql.NpgsqlCommand.ExecuteReader(Boolean async, CommandBehavior behavior, CancellationToken cancellationToken)
   at Npgsql.NpgsqlCommand.ExecuteReader(Boolean async, CommandBehavior behavior, CancellationToken cancellationToken)
   at Npgsql.NpgsqlCommand.ExecuteDbDataReaderAsync(CommandBehavior behavior, CancellationToken cancellationToken)
   at Microsoft.EntityFrameworkCore.Storage.RelationalCommand.ExecuteReaderAsync(RelationalCommandParameterObject parameterObject, CancellationToken cancellationToken)
   at Microsoft.EntityFrameworkCore.Storage.RelationalCommand.ExecuteReaderAsync(RelationalCommandParameterObject parameterObject, CancellationToken cancellationToken)
   at Microsoft.EntityFrameworkCore.Update.ReaderModificationCommandBatch.ExecuteAsync(IRelationalConnection connection, CancellationToken cancellationToken)
  Exception data:
    Severity: ERROR
    SqlState: 42703
    MessageText: column "CancelReason" of relation "Orders" does not exist
    Position: 29
    File: parse_target.c
    Line: 1066
    Routine: checkInsertTargets
   --- End of inner exception stack trace ---
   at Microsoft.EntityFrameworkCore.Update.ReaderModificationCommandBatch.ExecuteAsync(IRelationalConnection connection, CancellationToken cancellationToken)
   at Microsoft.EntityFrameworkCore.Update.Internal.BatchExecutor.ExecuteAsync(IEnumerable`1 commandBatches, IRelationalConnection connection, CancellationToken cancellationToken)
   at Microsoft.EntityFrameworkCore.Update.Internal.BatchExecutor.ExecuteAsync(IEnumerable`1 commandBatches, IRelationalConnection connection, CancellationToken cancellationToken)
   at Microsoft.EntityFrameworkCore.Update.Internal.BatchExecutor.ExecuteAsync(IEnumerable`1 commandBatches, IRelationalConnection connection, CancellationToken cancellationToken)
   at Microsoft.EntityFrameworkCore.Storage.RelationalDatabase.SaveChangesAsync(IList`1 entries, CancellationToken cancellationToken)
   at Microsoft.EntityFrameworkCore.ChangeTracking.Internal.StateManager.SaveChangesAsync(IList`1 entriesToSave, CancellationToken cancellationToken)
   at Microsoft.EntityFrameworkCore.ChangeTracking.Internal.StateManager.SaveChangesAsync(StateManager stateManager, Boolean acceptAllChangesOnSuccess, CancellationToken cancellationToken)
   at Npgsql.EntityFrameworkCore.PostgreSQL.Storage.Internal.NpgsqlExecutionStrategy.ExecuteAsync[TState,TResult](TState state, Func`4 operation, Func`4 verifySucceeded, CancellationToken cancellationToken)
   at Microsoft.EntityFrameworkCore.DbContext.SaveChangesAsync(Boolean acceptAllChangesOnSuccess, CancellationToken cancellationToken)
2026-05-19 11:25:01.4077 [ERROR] Microsoft.EntityFrameworkCore.Database.Command - Failed executing DbCommand (1ms) [Parameters=[@p0='?' (DbType = Guid), @p1='?' (DbType = Guid), @p2='?', @p3='?' (DbType = DateTime), @p4='?' (DbType = DateTime), @p5='?' (DbType = DateTime), @p6='?' (DbType = DateTime), @p7='?', @p8='?' (DbType = Guid), @p9='?' (DbType = DateTime), @p10='?', @p11='?' (DbType = Decimal), @p12='?' (DbType = DateTime), @p13='?' (DbType = Guid), @p16='?' (DbType = Guid), @p14='?' (DbType = Int32), @p15='?' (DbType = DateTime), @p17='?' (DbType = Guid), @p18='?' (DbType = DateTime), @p19='?' (DbType = Guid), @p20='?' (DbType = Guid), @p21='?' (DbType = Int32), @p22='?' (DbType = Decimal), @p23='?' (DbType = DateTime)], CommandType='Text', CommandTimeout='30']
DELETE FROM "CartItems"
WHERE "Id" = @p0;
INSERT INTO "Orders" ("Id", "CancelReason", "CancelledAt", "ConfirmedAt", "CreatedAt", "DeliveredAt", "Note", "ShippingAddressId", "ShippingAt", "Status", "TotalAmount", "UpdatedAt", "UserId")
VALUES (@p1, @p2, @p3, @p4, @p5, @p6, @p7, @p8, @p9, @p10, @p11, @p12, @p13);
UPDATE "Products" SET "Stock" = @p14, "UpdatedAt" = @p15
WHERE "Id" = @p16;
INSERT INTO "OrderItems" ("Id", "CreatedAt", "OrderId", "ProductId", "Quantity", "UnitPrice", "UpdatedAt")
VALUES (@p17, @p18, @p19, @p20, @p21, @p22, @p23); 
2026-05-19 11:25:01.4077 [ERROR] Microsoft.EntityFrameworkCore.Update - An exception occurred in the database while saving changes for context type 'TapHoa.Persistence.Data.AppDbContext'.
Microsoft.EntityFrameworkCore.DbUpdateException: An error occurred while saving the entity changes. See the inner exception for details.
 ---> Npgsql.PostgresException (0x80004005): 42703: column "CancelReason" of relation "Orders" does not exist

POSITION: 29
   at Npgsql.Internal.NpgsqlConnector.ReadMessageLong(Boolean async, DataRowLoadingMode dataRowLoadingMode, Boolean readingNotifications, Boolean isReadingPrependedMessage)
   at System.Runtime.CompilerServices.PoolingAsyncValueTaskMethodBuilder`1.StateMachineBox`1.System.Threading.Tasks.Sources.IValueTaskSource<TResult>.GetResult(Int16 token)
   at Npgsql.NpgsqlDataReader.NextResult(Boolean async, Boolean isConsuming, CancellationToken cancellationToken)
   at Npgsql.NpgsqlDataReader.NextResult(Boolean async, Boolean isConsuming, CancellationToken cancellationToken)
   at Npgsql.NpgsqlCommand.ExecuteReader(Boolean async, CommandBehavior behavior, CancellationToken cancellationToken)
   at Npgsql.NpgsqlCommand.ExecuteReader(Boolean async, CommandBehavior behavior, CancellationToken cancellationToken)
   at Npgsql.NpgsqlCommand.ExecuteDbDataReaderAsync(CommandBehavior behavior, CancellationToken cancellationToken)
   at Microsoft.EntityFrameworkCore.Storage.RelationalCommand.ExecuteReaderAsync(RelationalCommandParameterObject parameterObject, CancellationToken cancellationToken)
   at Microsoft.EntityFrameworkCore.Storage.RelationalCommand.ExecuteReaderAsync(RelationalCommandParameterObject parameterObject, CancellationToken cancellationToken)
   at Microsoft.EntityFrameworkCore.Update.ReaderModificationCommandBatch.ExecuteAsync(IRelationalConnection connection, CancellationToken cancellationToken)
  Exception data:
    Severity: ERROR
    SqlState: 42703
    MessageText: column "CancelReason" of relation "Orders" does not exist
    Position: 29
    File: parse_target.c
    Line: 1066
    Routine: checkInsertTargets
   --- End of inner exception stack trace ---
   at Microsoft.EntityFrameworkCore.Update.ReaderModificationCommandBatch.ExecuteAsync(IRelationalConnection connection, CancellationToken cancellationToken)
   at Microsoft.EntityFrameworkCore.Update.Internal.BatchExecutor.ExecuteAsync(IEnumerable`1 commandBatches, IRelationalConnection connection, CancellationToken cancellationToken)
   at Microsoft.EntityFrameworkCore.Update.Internal.BatchExecutor.ExecuteAsync(IEnumerable`1 commandBatches, IRelationalConnection connection, CancellationToken cancellationToken)
   at Microsoft.EntityFrameworkCore.Update.Internal.BatchExecutor.ExecuteAsync(IEnumerable`1 commandBatches, IRelationalConnection connection, CancellationToken cancellationToken)
   at Microsoft.EntityFrameworkCore.Storage.RelationalDatabase.SaveChangesAsync(IList`1 entries, CancellationToken cancellationToken)
   at Microsoft.EntityFrameworkCore.ChangeTracking.Internal.StateManager.SaveChangesAsync(IList`1 entriesToSave, CancellationToken cancellationToken)
   at Microsoft.EntityFrameworkCore.ChangeTracking.Internal.StateManager.SaveChangesAsync(StateManager stateManager, Boolean acceptAllChangesOnSuccess, CancellationToken cancellationToken)
   at Npgsql.EntityFrameworkCore.PostgreSQL.Storage.Internal.NpgsqlExecutionStrategy.ExecuteAsync[TState,TResult](TState state, Func`4 operation, Func`4 verifySucceeded, CancellationToken cancellationToken)
   at Microsoft.EntityFrameworkCore.DbContext.SaveChangesAsync(Boolean acceptAllChangesOnSuccess, CancellationToken cancellationToken) Microsoft.EntityFrameworkCore.DbUpdateException: An error occurred while saving the entity changes. See the inner exception for details.
 ---> Npgsql.PostgresException (0x80004005): 42703: column "CancelReason" of relation "Orders" does not exist

POSITION: 29
   at Npgsql.Internal.NpgsqlConnector.ReadMessageLong(Boolean async, DataRowLoadingMode dataRowLoadingMode, Boolean readingNotifications, Boolean isReadingPrependedMessage)
   at System.Runtime.CompilerServices.PoolingAsyncValueTaskMethodBuilder`1.StateMachineBox`1.System.Threading.Tasks.Sources.IValueTaskSource<TResult>.GetResult(Int16 token)
   at Npgsql.NpgsqlDataReader.NextResult(Boolean async, Boolean isConsuming, CancellationToken cancellationToken)
   at Npgsql.NpgsqlDataReader.NextResult(Boolean async, Boolean isConsuming, CancellationToken cancellationToken)
   at Npgsql.NpgsqlCommand.ExecuteReader(Boolean async, CommandBehavior behavior, CancellationToken cancellationToken)
   at Npgsql.NpgsqlCommand.ExecuteReader(Boolean async, CommandBehavior behavior, CancellationToken cancellationToken)
   at Npgsql.NpgsqlCommand.ExecuteDbDataReaderAsync(CommandBehavior behavior, CancellationToken cancellationToken)
   at Microsoft.EntityFrameworkCore.Storage.RelationalCommand.ExecuteReaderAsync(RelationalCommandParameterObject parameterObject, CancellationToken cancellationToken)
   at Microsoft.EntityFrameworkCore.Storage.RelationalCommand.ExecuteReaderAsync(RelationalCommandParameterObject parameterObject, CancellationToken cancellationToken)
   at Microsoft.EntityFrameworkCore.Update.ReaderModificationCommandBatch.ExecuteAsync(IRelationalConnection connection, CancellationToken cancellationToken)
  Exception data:
    Severity: ERROR
    SqlState: 42703
    MessageText: column "CancelReason" of relation "Orders" does not exist
    Position: 29
    File: parse_target.c
    Line: 1066
    Routine: checkInsertTargets
   --- End of inner exception stack trace ---
   at Microsoft.EntityFrameworkCore.Update.ReaderModificationCommandBatch.ExecuteAsync(IRelationalConnection connection, CancellationToken cancellationToken)
   at Microsoft.EntityFrameworkCore.Update.Internal.BatchExecutor.ExecuteAsync(IEnumerable`1 commandBatches, IRelationalConnection connection, CancellationToken cancellationToken)
   at Microsoft.EntityFrameworkCore.Update.Internal.BatchExecutor.ExecuteAsync(IEnumerable`1 commandBatches, IRelationalConnection connection, CancellationToken cancellationToken)
   at Microsoft.EntityFrameworkCore.Update.Internal.BatchExecutor.ExecuteAsync(IEnumerable`1 commandBatches, IRelationalConnection connection, CancellationToken cancellationToken)
   at Microsoft.EntityFrameworkCore.Storage.RelationalDatabase.SaveChangesAsync(IList`1 entries, CancellationToken cancellationToken)
   at Microsoft.EntityFrameworkCore.ChangeTracking.Internal.StateManager.SaveChangesAsync(IList`1 entriesToSave, CancellationToken cancellationToken)
   at Microsoft.EntityFrameworkCore.ChangeTracking.Internal.StateManager.SaveChangesAsync(StateManager stateManager, Boolean acceptAllChangesOnSuccess, CancellationToken cancellationToken)
   at Npgsql.EntityFrameworkCore.PostgreSQL.Storage.Internal.NpgsqlExecutionStrategy.ExecuteAsync[TState,TResult](TState state, Func`4 operation, Func`4 verifySucceeded, CancellationToken cancellationToken)
   at Microsoft.EntityFrameworkCore.DbContext.SaveChangesAsync(Boolean acceptAllChangesOnSuccess, CancellationToken cancellationToken)
2026-05-19 11:29:46.3602 [ERROR] Microsoft.EntityFrameworkCore.Database.Command - Failed executing DbCommand (3ms) [Parameters=[@p0='?' (DbType = Guid), @p1='?' (DbType = Guid), @p2='?', @p3='?' (DbType = DateTime), @p4='?' (DbType = DateTime), @p5='?' (DbType = DateTime), @p6='?' (DbType = DateTime), @p7='?', @p8='?' (DbType = Guid), @p9='?' (DbType = DateTime), @p10='?', @p11='?' (DbType = Decimal), @p12='?' (DbType = DateTime), @p13='?' (DbType = Guid), @p16='?' (DbType = Guid), @p14='?' (DbType = Int32), @p15='?' (DbType = DateTime), @p17='?' (DbType = Guid), @p18='?' (DbType = DateTime), @p19='?' (DbType = Guid), @p20='?' (DbType = Guid), @p21='?' (DbType = Int32), @p22='?' (DbType = Decimal), @p23='?' (DbType = DateTime)], CommandType='Text', CommandTimeout='30']
DELETE FROM "CartItems"
WHERE "Id" = @p0;
INSERT INTO "Orders" ("Id", "CancelReason", "CancelledAt", "ConfirmedAt", "CreatedAt", "DeliveredAt", "Note", "ShippingAddressId", "ShippingAt", "Status", "TotalAmount", "UpdatedAt", "UserId")
VALUES (@p1, @p2, @p3, @p4, @p5, @p6, @p7, @p8, @p9, @p10, @p11, @p12, @p13);
UPDATE "Products" SET "Stock" = @p14, "UpdatedAt" = @p15
WHERE "Id" = @p16;
INSERT INTO "OrderItems" ("Id", "CreatedAt", "OrderId", "ProductId", "Quantity", "UnitPrice", "UpdatedAt")
VALUES (@p17, @p18, @p19, @p20, @p21, @p22, @p23); 
2026-05-19 11:29:46.3602 [ERROR] Microsoft.EntityFrameworkCore.Update - An exception occurred in the database while saving changes for context type 'TapHoa.Persistence.Data.AppDbContext'.
Microsoft.EntityFrameworkCore.DbUpdateException: An error occurred while saving the entity changes. See the inner exception for details.
 ---> Npgsql.PostgresException (0x80004005): 42703: column "CancelReason" of relation "Orders" does not exist

POSITION: 29
   at Npgsql.Internal.NpgsqlConnector.ReadMessageLong(Boolean async, DataRowLoadingMode dataRowLoadingMode, Boolean readingNotifications, Boolean isReadingPrependedMessage)
   at System.Runtime.CompilerServices.PoolingAsyncValueTaskMethodBuilder`1.StateMachineBox`1.System.Threading.Tasks.Sources.IValueTaskSource<TResult>.GetResult(Int16 token)
   at Npgsql.NpgsqlDataReader.NextResult(Boolean async, Boolean isConsuming, CancellationToken cancellationToken)
   at Npgsql.NpgsqlDataReader.NextResult(Boolean async, Boolean isConsuming, CancellationToken cancellationToken)
   at Npgsql.NpgsqlCommand.ExecuteReader(Boolean async, CommandBehavior behavior, CancellationToken cancellationToken)
   at Npgsql.NpgsqlCommand.ExecuteReader(Boolean async, CommandBehavior behavior, CancellationToken cancellationToken)
   at Npgsql.NpgsqlCommand.ExecuteDbDataReaderAsync(CommandBehavior behavior, CancellationToken cancellationToken)
   at Microsoft.EntityFrameworkCore.Storage.RelationalCommand.ExecuteReaderAsync(RelationalCommandParameterObject parameterObject, CancellationToken cancellationToken)
   at Microsoft.EntityFrameworkCore.Storage.RelationalCommand.ExecuteReaderAsync(RelationalCommandParameterObject parameterObject, CancellationToken cancellationToken)
   at Microsoft.EntityFrameworkCore.Update.ReaderModificationCommandBatch.ExecuteAsync(IRelationalConnection connection, CancellationToken cancellationToken)
  Exception data:
    Severity: ERROR
    SqlState: 42703
    MessageText: column "CancelReason" of relation "Orders" does not exist
    Position: 29
    File: parse_target.c
    Line: 1066
    Routine: checkInsertTargets
   --- End of inner exception stack trace ---
   at Microsoft.EntityFrameworkCore.Update.ReaderModificationCommandBatch.ExecuteAsync(IRelationalConnection connection, CancellationToken cancellationToken)
   at Microsoft.EntityFrameworkCore.Update.Internal.BatchExecutor.ExecuteAsync(IEnumerable`1 commandBatches, IRelationalConnection connection, CancellationToken cancellationToken)
   at Microsoft.EntityFrameworkCore.Update.Internal.BatchExecutor.ExecuteAsync(IEnumerable`1 commandBatches, IRelationalConnection connection, CancellationToken cancellationToken)
   at Microsoft.EntityFrameworkCore.Update.Internal.BatchExecutor.ExecuteAsync(IEnumerable`1 commandBatches, IRelationalConnection connection, CancellationToken cancellationToken)
   at Microsoft.EntityFrameworkCore.Storage.RelationalDatabase.SaveChangesAsync(IList`1 entries, CancellationToken cancellationToken)
   at Microsoft.EntityFrameworkCore.ChangeTracking.Internal.StateManager.SaveChangesAsync(IList`1 entriesToSave, CancellationToken cancellationToken)
   at Microsoft.EntityFrameworkCore.ChangeTracking.Internal.StateManager.SaveChangesAsync(StateManager stateManager, Boolean acceptAllChangesOnSuccess, CancellationToken cancellationToken)
   at Npgsql.EntityFrameworkCore.PostgreSQL.Storage.Internal.NpgsqlExecutionStrategy.ExecuteAsync[TState,TResult](TState state, Func`4 operation, Func`4 verifySucceeded, CancellationToken cancellationToken)
   at Microsoft.EntityFrameworkCore.DbContext.SaveChangesAsync(Boolean acceptAllChangesOnSuccess, CancellationToken cancellationToken) Microsoft.EntityFrameworkCore.DbUpdateException: An error occurred while saving the entity changes. See the inner exception for details.
 ---> Npgsql.PostgresException (0x80004005): 42703: column "CancelReason" of relation "Orders" does not exist

POSITION: 29
   at Npgsql.Internal.NpgsqlConnector.ReadMessageLong(Boolean async, DataRowLoadingMode dataRowLoadingMode, Boolean readingNotifications, Boolean isReadingPrependedMessage)
   at System.Runtime.CompilerServices.PoolingAsyncValueTaskMethodBuilder`1.StateMachineBox`1.System.Threading.Tasks.Sources.IValueTaskSource<TResult>.GetResult(Int16 token)
   at Npgsql.NpgsqlDataReader.NextResult(Boolean async, Boolean isConsuming, CancellationToken cancellationToken)
   at Npgsql.NpgsqlDataReader.NextResult(Boolean async, Boolean isConsuming, CancellationToken cancellationToken)
   at Npgsql.NpgsqlCommand.ExecuteReader(Boolean async, CommandBehavior behavior, CancellationToken cancellationToken)
   at Npgsql.NpgsqlCommand.ExecuteReader(Boolean async, CommandBehavior behavior, CancellationToken cancellationToken)
   at Npgsql.NpgsqlCommand.ExecuteDbDataReaderAsync(CommandBehavior behavior, CancellationToken cancellationToken)
   at Microsoft.EntityFrameworkCore.Storage.RelationalCommand.ExecuteReaderAsync(RelationalCommandParameterObject parameterObject, CancellationToken cancellationToken)
   at Microsoft.EntityFrameworkCore.Storage.RelationalCommand.ExecuteReaderAsync(RelationalCommandParameterObject parameterObject, CancellationToken cancellationToken)
   at Microsoft.EntityFrameworkCore.Update.ReaderModificationCommandBatch.ExecuteAsync(IRelationalConnection connection, CancellationToken cancellationToken)
  Exception data:
    Severity: ERROR
    SqlState: 42703
    MessageText: column "CancelReason" of relation "Orders" does not exist
    Position: 29
    File: parse_target.c
    Line: 1066
    Routine: checkInsertTargets
   --- End of inner exception stack trace ---
   at Microsoft.EntityFrameworkCore.Update.ReaderModificationCommandBatch.ExecuteAsync(IRelationalConnection connection, CancellationToken cancellationToken)
   at Microsoft.EntityFrameworkCore.Update.Internal.BatchExecutor.ExecuteAsync(IEnumerable`1 commandBatches, IRelationalConnection connection, CancellationToken cancellationToken)
   at Microsoft.EntityFrameworkCore.Update.Internal.BatchExecutor.ExecuteAsync(IEnumerable`1 commandBatches, IRelationalConnection connection, CancellationToken cancellationToken)
   at Microsoft.EntityFrameworkCore.Update.Internal.BatchExecutor.ExecuteAsync(IEnumerable`1 commandBatches, IRelationalConnection connection, CancellationToken cancellationToken)
   at Microsoft.EntityFrameworkCore.Storage.RelationalDatabase.SaveChangesAsync(IList`1 entries, CancellationToken cancellationToken)
   at Microsoft.EntityFrameworkCore.ChangeTracking.Internal.StateManager.SaveChangesAsync(IList`1 entriesToSave, CancellationToken cancellationToken)
   at Microsoft.EntityFrameworkCore.ChangeTracking.Internal.StateManager.SaveChangesAsync(StateManager stateManager, Boolean acceptAllChangesOnSuccess, CancellationToken cancellationToken)
   at Npgsql.EntityFrameworkCore.PostgreSQL.Storage.Internal.NpgsqlExecutionStrategy.ExecuteAsync[TState,TResult](TState state, Func`4 operation, Func`4 verifySucceeded, CancellationToken cancellationToken)
   at Microsoft.EntityFrameworkCore.DbContext.SaveChangesAsync(Boolean acceptAllChangesOnSuccess, CancellationToken cancellationToken)
2026-05-19 11:29:47.1017 [ERROR] Microsoft.EntityFrameworkCore.Database.Command - Failed executing DbCommand (1ms) [Parameters=[@p0='?' (DbType = Guid), @p1='?' (DbType = Guid), @p2='?', @p3='?' (DbType = DateTime), @p4='?' (DbType = DateTime), @p5='?' (DbType = DateTime), @p6='?' (DbType = DateTime), @p7='?', @p8='?' (DbType = Guid), @p9='?' (DbType = DateTime), @p10='?', @p11='?' (DbType = Decimal), @p12='?' (DbType = DateTime), @p13='?' (DbType = Guid), @p16='?' (DbType = Guid), @p14='?' (DbType = Int32), @p15='?' (DbType = DateTime), @p17='?' (DbType = Guid), @p18='?' (DbType = DateTime), @p19='?' (DbType = Guid), @p20='?' (DbType = Guid), @p21='?' (DbType = Int32), @p22='?' (DbType = Decimal), @p23='?' (DbType = DateTime)], CommandType='Text', CommandTimeout='30']
DELETE FROM "CartItems"
WHERE "Id" = @p0;
INSERT INTO "Orders" ("Id", "CancelReason", "CancelledAt", "ConfirmedAt", "CreatedAt", "DeliveredAt", "Note", "ShippingAddressId", "ShippingAt", "Status", "TotalAmount", "UpdatedAt", "UserId")
VALUES (@p1, @p2, @p3, @p4, @p5, @p6, @p7, @p8, @p9, @p10, @p11, @p12, @p13);
UPDATE "Products" SET "Stock" = @p14, "UpdatedAt" = @p15
WHERE "Id" = @p16;
INSERT INTO "OrderItems" ("Id", "CreatedAt", "OrderId", "ProductId", "Quantity", "UnitPrice", "UpdatedAt")
VALUES (@p17, @p18, @p19, @p20, @p21, @p22, @p23); 
2026-05-19 11:29:47.1036 [ERROR] Microsoft.EntityFrameworkCore.Update - An exception occurred in the database while saving changes for context type 'TapHoa.Persistence.Data.AppDbContext'.
Microsoft.EntityFrameworkCore.DbUpdateException: An error occurred while saving the entity changes. See the inner exception for details.
 ---> Npgsql.PostgresException (0x80004005): 42703: column "CancelReason" of relation "Orders" does not exist

POSITION: 29
   at Npgsql.Internal.NpgsqlConnector.ReadMessageLong(Boolean async, DataRowLoadingMode dataRowLoadingMode, Boolean readingNotifications, Boolean isReadingPrependedMessage)
   at System.Runtime.CompilerServices.PoolingAsyncValueTaskMethodBuilder`1.StateMachineBox`1.System.Threading.Tasks.Sources.IValueTaskSource<TResult>.GetResult(Int16 token)
   at Npgsql.NpgsqlDataReader.NextResult(Boolean async, Boolean isConsuming, CancellationToken cancellationToken)
   at Npgsql.NpgsqlDataReader.NextResult(Boolean async, Boolean isConsuming, CancellationToken cancellationToken)
   at Npgsql.NpgsqlCommand.ExecuteReader(Boolean async, CommandBehavior behavior, CancellationToken cancellationToken)
   at Npgsql.NpgsqlCommand.ExecuteReader(Boolean async, CommandBehavior behavior, CancellationToken cancellationToken)
   at Npgsql.NpgsqlCommand.ExecuteDbDataReaderAsync(CommandBehavior behavior, CancellationToken cancellationToken)
   at Microsoft.EntityFrameworkCore.Storage.RelationalCommand.ExecuteReaderAsync(RelationalCommandParameterObject parameterObject, CancellationToken cancellationToken)
   at Microsoft.EntityFrameworkCore.Storage.RelationalCommand.ExecuteReaderAsync(RelationalCommandParameterObject parameterObject, CancellationToken cancellationToken)
   at Microsoft.EntityFrameworkCore.Update.ReaderModificationCommandBatch.ExecuteAsync(IRelationalConnection connection, CancellationToken cancellationToken)
  Exception data:
    Severity: ERROR
    SqlState: 42703
    MessageText: column "CancelReason" of relation "Orders" does not exist
    Position: 29
    File: parse_target.c
    Line: 1066
    Routine: checkInsertTargets
   --- End of inner exception stack trace ---
   at Microsoft.EntityFrameworkCore.Update.ReaderModificationCommandBatch.ExecuteAsync(IRelationalConnection connection, CancellationToken cancellationToken)
   at Microsoft.EntityFrameworkCore.Update.Internal.BatchExecutor.ExecuteAsync(IEnumerable`1 commandBatches, IRelationalConnection connection, CancellationToken cancellationToken)
   at Microsoft.EntityFrameworkCore.Update.Internal.BatchExecutor.ExecuteAsync(IEnumerable`1 commandBatches, IRelationalConnection connection, CancellationToken cancellationToken)
   at Microsoft.EntityFrameworkCore.Update.Internal.BatchExecutor.ExecuteAsync(IEnumerable`1 commandBatches, IRelationalConnection connection, CancellationToken cancellationToken)
   at Microsoft.EntityFrameworkCore.Storage.RelationalDatabase.SaveChangesAsync(IList`1 entries, CancellationToken cancellationToken)
   at Microsoft.EntityFrameworkCore.ChangeTracking.Internal.StateManager.SaveChangesAsync(IList`1 entriesToSave, CancellationToken cancellationToken)
   at Microsoft.EntityFrameworkCore.ChangeTracking.Internal.StateManager.SaveChangesAsync(StateManager stateManager, Boolean acceptAllChangesOnSuccess, CancellationToken cancellationToken)
   at Npgsql.EntityFrameworkCore.PostgreSQL.Storage.Internal.NpgsqlExecutionStrategy.ExecuteAsync[TState,TResult](TState state, Func`4 operation, Func`4 verifySucceeded, CancellationToken cancellationToken)
   at Microsoft.EntityFrameworkCore.DbContext.SaveChangesAsync(Boolean acceptAllChangesOnSuccess, CancellationToken cancellationToken) Microsoft.EntityFrameworkCore.DbUpdateException: An error occurred while saving the entity changes. See the inner exception for details.
 ---> Npgsql.PostgresException (0x80004005): 42703: column "CancelReason" of relation "Orders" does not exist

POSITION: 29
   at Npgsql.Internal.NpgsqlConnector.ReadMessageLong(Boolean async, DataRowLoadingMode dataRowLoadingMode, Boolean readingNotifications, Boolean isReadingPrependedMessage)
   at System.Runtime.CompilerServices.PoolingAsyncValueTaskMethodBuilder`1.StateMachineBox`1.System.Threading.Tasks.Sources.IValueTaskSource<TResult>.GetResult(Int16 token)
   at Npgsql.NpgsqlDataReader.NextResult(Boolean async, Boolean isConsuming, CancellationToken cancellationToken)
   at Npgsql.NpgsqlDataReader.NextResult(Boolean async, Boolean isConsuming, CancellationToken cancellationToken)
   at Npgsql.NpgsqlCommand.ExecuteReader(Boolean async, CommandBehavior behavior, CancellationToken cancellationToken)
   at Npgsql.NpgsqlCommand.ExecuteReader(Boolean async, CommandBehavior behavior, CancellationToken cancellationToken)
   at Npgsql.NpgsqlCommand.ExecuteDbDataReaderAsync(CommandBehavior behavior, CancellationToken cancellationToken)
   at Microsoft.EntityFrameworkCore.Storage.RelationalCommand.ExecuteReaderAsync(RelationalCommandParameterObject parameterObject, CancellationToken cancellationToken)
   at Microsoft.EntityFrameworkCore.Storage.RelationalCommand.ExecuteReaderAsync(RelationalCommandParameterObject parameterObject, CancellationToken cancellationToken)
   at Microsoft.EntityFrameworkCore.Update.ReaderModificationCommandBatch.ExecuteAsync(IRelationalConnection connection, CancellationToken cancellationToken)
  Exception data:
    Severity: ERROR
    SqlState: 42703
    MessageText: column "CancelReason" of relation "Orders" does not exist
    Position: 29
    File: parse_target.c
    Line: 1066
    Routine: checkInsertTargets
   --- End of inner exception stack trace ---
   at Microsoft.EntityFrameworkCore.Update.ReaderModificationCommandBatch.ExecuteAsync(IRelationalConnection connection, CancellationToken cancellationToken)
   at Microsoft.EntityFrameworkCore.Update.Internal.BatchExecutor.ExecuteAsync(IEnumerable`1 commandBatches, IRelationalConnection connection, CancellationToken cancellationToken)
   at Microsoft.EntityFrameworkCore.Update.Internal.BatchExecutor.ExecuteAsync(IEnumerable`1 commandBatches, IRelationalConnection connection, CancellationToken cancellationToken)
   at Microsoft.EntityFrameworkCore.Update.Internal.BatchExecutor.ExecuteAsync(IEnumerable`1 commandBatches, IRelationalConnection connection, CancellationToken cancellationToken)
   at Microsoft.EntityFrameworkCore.Storage.RelationalDatabase.SaveChangesAsync(IList`1 entries, CancellationToken cancellationToken)
   at Microsoft.EntityFrameworkCore.ChangeTracking.Internal.StateManager.SaveChangesAsync(IList`1 entriesToSave, CancellationToken cancellationToken)
   at Microsoft.EntityFrameworkCore.ChangeTracking.Internal.StateManager.SaveChangesAsync(StateManager stateManager, Boolean acceptAllChangesOnSuccess, CancellationToken cancellationToken)
   at Npgsql.EntityFrameworkCore.PostgreSQL.Storage.Internal.NpgsqlExecutionStrategy.ExecuteAsync[TState,TResult](TState state, Func`4 operation, Func`4 verifySucceeded, CancellationToken cancellationToken)
   at Microsoft.EntityFrameworkCore.DbContext.SaveChangesAsync(Boolean acceptAllChangesOnSuccess, CancellationToken cancellationToken)
2026-05-19 11:31:57.9043 [INFO] TapHoa.Api.Program - Starting TapHoa API 
2026-05-19 11:34:38.7120 [WARN] LuckyPennySoftware.MediatR.License - You do not have a valid license key for the Lucky Penny software MediatR. This is allowed for development and testing scenarios. If you are running in production you are required to have a licensed version. Please visit https://luckypennysoftware.com to obtain a valid license. 
2026-05-19 11:34:40.8101 [ERROR] Microsoft.EntityFrameworkCore.Database.Command - Failed executing DbCommand (12ms) [Parameters=[@p0='?' (DbType = Guid), @p1='?' (DbType = Guid), @p2='?', @p3='?' (DbType = DateTime), @p4='?' (DbType = DateTime), @p5='?' (DbType = DateTime), @p6='?' (DbType = DateTime), @p7='?', @p8='?' (DbType = Guid), @p9='?' (DbType = DateTime), @p10='?', @p11='?' (DbType = Decimal), @p12='?' (DbType = DateTime), @p13='?' (DbType = Guid), @p16='?' (DbType = Guid), @p14='?' (DbType = Int32), @p15='?' (DbType = DateTime), @p17='?' (DbType = Guid), @p18='?' (DbType = DateTime), @p19='?' (DbType = Guid), @p20='?' (DbType = Guid), @p21='?' (DbType = Int32), @p22='?' (DbType = Decimal), @p23='?' (DbType = DateTime)], CommandType='Text', CommandTimeout='30']
DELETE FROM "CartItems"
WHERE "Id" = @p0;
INSERT INTO "Orders" ("Id", "CancelReason", "CancelledAt", "ConfirmedAt", "CreatedAt", "DeliveredAt", "Note", "ShippingAddressId", "ShippingAt", "Status", "TotalAmount", "UpdatedAt", "UserId")
VALUES (@p1, @p2, @p3, @p4, @p5, @p6, @p7, @p8, @p9, @p10, @p11, @p12, @p13);
UPDATE "Products" SET "Stock" = @p14, "UpdatedAt" = @p15
WHERE "Id" = @p16;
INSERT INTO "OrderItems" ("Id", "CreatedAt", "OrderId", "ProductId", "Quantity", "UnitPrice", "UpdatedAt")
VALUES (@p17, @p18, @p19, @p20, @p21, @p22, @p23); 
2026-05-19 11:34:40.8488 [ERROR] Microsoft.EntityFrameworkCore.Update - An exception occurred in the database while saving changes for context type 'TapHoa.Persistence.Data.AppDbContext'.
Microsoft.EntityFrameworkCore.DbUpdateException: An error occurred while saving the entity changes. See the inner exception for details.
 ---> Npgsql.PostgresException (0x80004005): 42703: column "CancelReason" of relation "Orders" does not exist

POSITION: 29
   at Npgsql.Internal.NpgsqlConnector.ReadMessageLong(Boolean async, DataRowLoadingMode dataRowLoadingMode, Boolean readingNotifications, Boolean isReadingPrependedMessage)
   at System.Runtime.CompilerServices.PoolingAsyncValueTaskMethodBuilder`1.StateMachineBox`1.System.Threading.Tasks.Sources.IValueTaskSource<TResult>.GetResult(Int16 token)
   at Npgsql.NpgsqlDataReader.NextResult(Boolean async, Boolean isConsuming, CancellationToken cancellationToken)
   at Npgsql.NpgsqlDataReader.NextResult(Boolean async, Boolean isConsuming, CancellationToken cancellationToken)
   at Npgsql.NpgsqlCommand.ExecuteReader(Boolean async, CommandBehavior behavior, CancellationToken cancellationToken)
   at Npgsql.NpgsqlCommand.ExecuteReader(Boolean async, CommandBehavior behavior, CancellationToken cancellationToken)
   at Npgsql.NpgsqlCommand.ExecuteDbDataReaderAsync(CommandBehavior behavior, CancellationToken cancellationToken)
   at Microsoft.EntityFrameworkCore.Storage.RelationalCommand.ExecuteReaderAsync(RelationalCommandParameterObject parameterObject, CancellationToken cancellationToken)
   at Microsoft.EntityFrameworkCore.Storage.RelationalCommand.ExecuteReaderAsync(RelationalCommandParameterObject parameterObject, CancellationToken cancellationToken)
   at Microsoft.EntityFrameworkCore.Update.ReaderModificationCommandBatch.ExecuteAsync(IRelationalConnection connection, CancellationToken cancellationToken)
  Exception data:
    Severity: ERROR
    SqlState: 42703
    MessageText: column "CancelReason" of relation "Orders" does not exist
    Position: 29
    File: parse_target.c
    Line: 1066
    Routine: checkInsertTargets
   --- End of inner exception stack trace ---
   at Microsoft.EntityFrameworkCore.Update.ReaderModificationCommandBatch.ExecuteAsync(IRelationalConnection connection, CancellationToken cancellationToken)
   at Microsoft.EntityFrameworkCore.Update.Internal.BatchExecutor.ExecuteAsync(IEnumerable`1 commandBatches, IRelationalConnection connection, CancellationToken cancellationToken)
   at Microsoft.EntityFrameworkCore.Update.Internal.BatchExecutor.ExecuteAsync(IEnumerable`1 commandBatches, IRelationalConnection connection, CancellationToken cancellationToken)
   at Microsoft.EntityFrameworkCore.Update.Internal.BatchExecutor.ExecuteAsync(IEnumerable`1 commandBatches, IRelationalConnection connection, CancellationToken cancellationToken)
   at Microsoft.EntityFrameworkCore.Storage.RelationalDatabase.SaveChangesAsync(IList`1 entries, CancellationToken cancellationToken)
   at Microsoft.EntityFrameworkCore.ChangeTracking.Internal.StateManager.SaveChangesAsync(IList`1 entriesToSave, CancellationToken cancellationToken)
   at Microsoft.EntityFrameworkCore.ChangeTracking.Internal.StateManager.SaveChangesAsync(StateManager stateManager, Boolean acceptAllChangesOnSuccess, CancellationToken cancellationToken)
   at Npgsql.EntityFrameworkCore.PostgreSQL.Storage.Internal.NpgsqlExecutionStrategy.ExecuteAsync[TState,TResult](TState state, Func`4 operation, Func`4 verifySucceeded, CancellationToken cancellationToken)
   at Microsoft.EntityFrameworkCore.DbContext.SaveChangesAsync(Boolean acceptAllChangesOnSuccess, CancellationToken cancellationToken) Microsoft.EntityFrameworkCore.DbUpdateException: An error occurred while saving the entity changes. See the inner exception for details.
 ---> Npgsql.PostgresException (0x80004005): 42703: column "CancelReason" of relation "Orders" does not exist

POSITION: 29
   at Npgsql.Internal.NpgsqlConnector.ReadMessageLong(Boolean async, DataRowLoadingMode dataRowLoadingMode, Boolean readingNotifications, Boolean isReadingPrependedMessage)
   at System.Runtime.CompilerServices.PoolingAsyncValueTaskMethodBuilder`1.StateMachineBox`1.System.Threading.Tasks.Sources.IValueTaskSource<TResult>.GetResult(Int16 token)
   at Npgsql.NpgsqlDataReader.NextResult(Boolean async, Boolean isConsuming, CancellationToken cancellationToken)
   at Npgsql.NpgsqlDataReader.NextResult(Boolean async, Boolean isConsuming, CancellationToken cancellationToken)
   at Npgsql.NpgsqlCommand.ExecuteReader(Boolean async, CommandBehavior behavior, CancellationToken cancellationToken)
   at Npgsql.NpgsqlCommand.ExecuteReader(Boolean async, CommandBehavior behavior, CancellationToken cancellationToken)
   at Npgsql.NpgsqlCommand.ExecuteDbDataReaderAsync(CommandBehavior behavior, CancellationToken cancellationToken)
   at Microsoft.EntityFrameworkCore.Storage.RelationalCommand.ExecuteReaderAsync(RelationalCommandParameterObject parameterObject, CancellationToken cancellationToken)
   at Microsoft.EntityFrameworkCore.Storage.RelationalCommand.ExecuteReaderAsync(RelationalCommandParameterObject parameterObject, CancellationToken cancellationToken)
   at Microsoft.EntityFrameworkCore.Update.ReaderModificationCommandBatch.ExecuteAsync(IRelationalConnection connection, CancellationToken cancellationToken)
  Exception data:
    Severity: ERROR
    SqlState: 42703
    MessageText: column "CancelReason" of relation "Orders" does not exist
    Position: 29
    File: parse_target.c
    Line: 1066
    Routine: checkInsertTargets
   --- End of inner exception stack trace ---
   at Microsoft.EntityFrameworkCore.Update.ReaderModificationCommandBatch.ExecuteAsync(IRelationalConnection connection, CancellationToken cancellationToken)
   at Microsoft.EntityFrameworkCore.Update.Internal.BatchExecutor.ExecuteAsync(IEnumerable`1 commandBatches, IRelationalConnection connection, CancellationToken cancellationToken)
   at Microsoft.EntityFrameworkCore.Update.Internal.BatchExecutor.ExecuteAsync(IEnumerable`1 commandBatches, IRelationalConnection connection, CancellationToken cancellationToken)
   at Microsoft.EntityFrameworkCore.Update.Internal.BatchExecutor.ExecuteAsync(IEnumerable`1 commandBatches, IRelationalConnection connection, CancellationToken cancellationToken)
   at Microsoft.EntityFrameworkCore.Storage.RelationalDatabase.SaveChangesAsync(IList`1 entries, CancellationToken cancellationToken)
   at Microsoft.EntityFrameworkCore.ChangeTracking.Internal.StateManager.SaveChangesAsync(IList`1 entriesToSave, CancellationToken cancellationToken)
   at Microsoft.EntityFrameworkCore.ChangeTracking.Internal.StateManager.SaveChangesAsync(StateManager stateManager, Boolean acceptAllChangesOnSuccess, CancellationToken cancellationToken)
   at Npgsql.EntityFrameworkCore.PostgreSQL.Storage.Internal.NpgsqlExecutionStrategy.ExecuteAsync[TState,TResult](TState state, Func`4 operation, Func`4 verifySucceeded, CancellationToken cancellationToken)
   at Microsoft.EntityFrameworkCore.DbContext.SaveChangesAsync(Boolean acceptAllChangesOnSuccess, CancellationToken cancellationToken)
2026-05-19 11:34:41.7023 [ERROR] Microsoft.EntityFrameworkCore.Database.Command - Failed executing DbCommand (5ms) [Parameters=[@p0='?' (DbType = Guid), @p1='?' (DbType = Guid), @p2='?', @p3='?' (DbType = DateTime), @p4='?' (DbType = DateTime), @p5='?' (DbType = DateTime), @p6='?' (DbType = DateTime), @p7='?', @p8='?' (DbType = Guid), @p9='?' (DbType = DateTime), @p10='?', @p11='?' (DbType = Decimal), @p12='?' (DbType = DateTime), @p13='?' (DbType = Guid), @p16='?' (DbType = Guid), @p14='?' (DbType = Int32), @p15='?' (DbType = DateTime), @p17='?' (DbType = Guid), @p18='?' (DbType = DateTime), @p19='?' (DbType = Guid), @p20='?' (DbType = Guid), @p21='?' (DbType = Int32), @p22='?' (DbType = Decimal), @p23='?' (DbType = DateTime)], CommandType='Text', CommandTimeout='30']
DELETE FROM "CartItems"
WHERE "Id" = @p0;
INSERT INTO "Orders" ("Id", "CancelReason", "CancelledAt", "ConfirmedAt", "CreatedAt", "DeliveredAt", "Note", "ShippingAddressId", "ShippingAt", "Status", "TotalAmount", "UpdatedAt", "UserId")
VALUES (@p1, @p2, @p3, @p4, @p5, @p6, @p7, @p8, @p9, @p10, @p11, @p12, @p13);
UPDATE "Products" SET "Stock" = @p14, "UpdatedAt" = @p15
WHERE "Id" = @p16;
INSERT INTO "OrderItems" ("Id", "CreatedAt", "OrderId", "ProductId", "Quantity", "UnitPrice", "UpdatedAt")
VALUES (@p17, @p18, @p19, @p20, @p21, @p22, @p23); 
2026-05-19 11:34:41.7023 [ERROR] Microsoft.EntityFrameworkCore.Update - An exception occurred in the database while saving changes for context type 'TapHoa.Persistence.Data.AppDbContext'.
Microsoft.EntityFrameworkCore.DbUpdateException: An error occurred while saving the entity changes. See the inner exception for details.
 ---> Npgsql.PostgresException (0x80004005): 42703: column "CancelReason" of relation "Orders" does not exist

POSITION: 29
   at Npgsql.Internal.NpgsqlConnector.ReadMessageLong(Boolean async, DataRowLoadingMode dataRowLoadingMode, Boolean readingNotifications, Boolean isReadingPrependedMessage)
   at System.Runtime.CompilerServices.PoolingAsyncValueTaskMethodBuilder`1.StateMachineBox`1.System.Threading.Tasks.Sources.IValueTaskSource<TResult>.GetResult(Int16 token)
   at Npgsql.NpgsqlDataReader.NextResult(Boolean async, Boolean isConsuming, CancellationToken cancellationToken)
   at Npgsql.NpgsqlDataReader.NextResult(Boolean async, Boolean isConsuming, CancellationToken cancellationToken)
   at Npgsql.NpgsqlCommand.ExecuteReader(Boolean async, CommandBehavior behavior, CancellationToken cancellationToken)
   at Npgsql.NpgsqlCommand.ExecuteReader(Boolean async, CommandBehavior behavior, CancellationToken cancellationToken)
   at Npgsql.NpgsqlCommand.ExecuteDbDataReaderAsync(CommandBehavior behavior, CancellationToken cancellationToken)
   at Microsoft.EntityFrameworkCore.Storage.RelationalCommand.ExecuteReaderAsync(RelationalCommandParameterObject parameterObject, CancellationToken cancellationToken)
   at Microsoft.EntityFrameworkCore.Storage.RelationalCommand.ExecuteReaderAsync(RelationalCommandParameterObject parameterObject, CancellationToken cancellationToken)
   at Microsoft.EntityFrameworkCore.Update.ReaderModificationCommandBatch.ExecuteAsync(IRelationalConnection connection, CancellationToken cancellationToken)
  Exception data:
    Severity: ERROR
    SqlState: 42703
    MessageText: column "CancelReason" of relation "Orders" does not exist
    Position: 29
    File: parse_target.c
    Line: 1066
    Routine: checkInsertTargets
   --- End of inner exception stack trace ---
   at Microsoft.EntityFrameworkCore.Update.ReaderModificationCommandBatch.ExecuteAsync(IRelationalConnection connection, CancellationToken cancellationToken)
   at Microsoft.EntityFrameworkCore.Update.Internal.BatchExecutor.ExecuteAsync(IEnumerable`1 commandBatches, IRelationalConnection connection, CancellationToken cancellationToken)
   at Microsoft.EntityFrameworkCore.Update.Internal.BatchExecutor.ExecuteAsync(IEnumerable`1 commandBatches, IRelationalConnection connection, CancellationToken cancellationToken)
   at Microsoft.EntityFrameworkCore.Update.Internal.BatchExecutor.ExecuteAsync(IEnumerable`1 commandBatches, IRelationalConnection connection, CancellationToken cancellationToken)
   at Microsoft.EntityFrameworkCore.Storage.RelationalDatabase.SaveChangesAsync(IList`1 entries, CancellationToken cancellationToken)
   at Microsoft.EntityFrameworkCore.ChangeTracking.Internal.StateManager.SaveChangesAsync(IList`1 entriesToSave, CancellationToken cancellationToken)
   at Microsoft.EntityFrameworkCore.ChangeTracking.Internal.StateManager.SaveChangesAsync(StateManager stateManager, Boolean acceptAllChangesOnSuccess, CancellationToken cancellationToken)
   at Npgsql.EntityFrameworkCore.PostgreSQL.Storage.Internal.NpgsqlExecutionStrategy.ExecuteAsync[TState,TResult](TState state, Func`4 operation, Func`4 verifySucceeded, CancellationToken cancellationToken)
   at Microsoft.EntityFrameworkCore.DbContext.SaveChangesAsync(Boolean acceptAllChangesOnSuccess, CancellationToken cancellationToken) Microsoft.EntityFrameworkCore.DbUpdateException: An error occurred while saving the entity changes. See the inner exception for details.
 ---> Npgsql.PostgresException (0x80004005): 42703: column "CancelReason" of relation "Orders" does not exist

POSITION: 29
   at Npgsql.Internal.NpgsqlConnector.ReadMessageLong(Boolean async, DataRowLoadingMode dataRowLoadingMode, Boolean readingNotifications, Boolean isReadingPrependedMessage)
   at System.Runtime.CompilerServices.PoolingAsyncValueTaskMethodBuilder`1.StateMachineBox`1.System.Threading.Tasks.Sources.IValueTaskSource<TResult>.GetResult(Int16 token)
   at Npgsql.NpgsqlDataReader.NextResult(Boolean async, Boolean isConsuming, CancellationToken cancellationToken)
   at Npgsql.NpgsqlDataReader.NextResult(Boolean async, Boolean isConsuming, CancellationToken cancellationToken)
   at Npgsql.NpgsqlCommand.ExecuteReader(Boolean async, CommandBehavior behavior, CancellationToken cancellationToken)
   at Npgsql.NpgsqlCommand.ExecuteReader(Boolean async, CommandBehavior behavior, CancellationToken cancellationToken)
   at Npgsql.NpgsqlCommand.ExecuteDbDataReaderAsync(CommandBehavior behavior, CancellationToken cancellationToken)
   at Microsoft.EntityFrameworkCore.Storage.RelationalCommand.ExecuteReaderAsync(RelationalCommandParameterObject parameterObject, CancellationToken cancellationToken)
   at Microsoft.EntityFrameworkCore.Storage.RelationalCommand.ExecuteReaderAsync(RelationalCommandParameterObject parameterObject, CancellationToken cancellationToken)
   at Microsoft.EntityFrameworkCore.Update.ReaderModificationCommandBatch.ExecuteAsync(IRelationalConnection connection, CancellationToken cancellationToken)
  Exception data:
    Severity: ERROR
    SqlState: 42703
    MessageText: column "CancelReason" of relation "Orders" does not exist
    Position: 29
    File: parse_target.c
    Line: 1066
    Routine: checkInsertTargets
   --- End of inner exception stack trace ---
   at Microsoft.EntityFrameworkCore.Update.ReaderModificationCommandBatch.ExecuteAsync(IRelationalConnection connection, CancellationToken cancellationToken)
   at Microsoft.EntityFrameworkCore.Update.Internal.BatchExecutor.ExecuteAsync(IEnumerable`1 commandBatches, IRelationalConnection connection, CancellationToken cancellationToken)
   at Microsoft.EntityFrameworkCore.Update.Internal.BatchExecutor.ExecuteAsync(IEnumerable`1 commandBatches, IRelationalConnection connection, CancellationToken cancellationToken)
   at Microsoft.EntityFrameworkCore.Update.Internal.BatchExecutor.ExecuteAsync(IEnumerable`1 commandBatches, IRelationalConnection connection, CancellationToken cancellationToken)
   at Microsoft.EntityFrameworkCore.Storage.RelationalDatabase.SaveChangesAsync(IList`1 entries, CancellationToken cancellationToken)
   at Microsoft.EntityFrameworkCore.ChangeTracking.Internal.StateManager.SaveChangesAsync(IList`1 entriesToSave, CancellationToken cancellationToken)
   at Microsoft.EntityFrameworkCore.ChangeTracking.Internal.StateManager.SaveChangesAsync(StateManager stateManager, Boolean acceptAllChangesOnSuccess, CancellationToken cancellationToken)
   at Npgsql.EntityFrameworkCore.PostgreSQL.Storage.Internal.NpgsqlExecutionStrategy.ExecuteAsync[TState,TResult](TState state, Func`4 operation, Func`4 verifySucceeded, CancellationToken cancellationToken)
   at Microsoft.EntityFrameworkCore.DbContext.SaveChangesAsync(Boolean acceptAllChangesOnSuccess, CancellationToken cancellationToken)
2026-05-19 11:34:42.3396 [ERROR] Microsoft.EntityFrameworkCore.Database.Command - Failed executing DbCommand (2ms) [Parameters=[@p0='?' (DbType = Guid), @p1='?' (DbType = Guid), @p2='?', @p3='?' (DbType = DateTime), @p4='?' (DbType = DateTime), @p5='?' (DbType = DateTime), @p6='?' (DbType = DateTime), @p7='?', @p8='?' (DbType = Guid), @p9='?' (DbType = DateTime), @p10='?', @p11='?' (DbType = Decimal), @p12='?' (DbType = DateTime), @p13='?' (DbType = Guid), @p16='?' (DbType = Guid), @p14='?' (DbType = Int32), @p15='?' (DbType = DateTime), @p17='?' (DbType = Guid), @p18='?' (DbType = DateTime), @p19='?' (DbType = Guid), @p20='?' (DbType = Guid), @p21='?' (DbType = Int32), @p22='?' (DbType = Decimal), @p23='?' (DbType = DateTime)], CommandType='Text', CommandTimeout='30']
DELETE FROM "CartItems"
WHERE "Id" = @p0;
INSERT INTO "Orders" ("Id", "CancelReason", "CancelledAt", "ConfirmedAt", "CreatedAt", "DeliveredAt", "Note", "ShippingAddressId", "ShippingAt", "Status", "TotalAmount", "UpdatedAt", "UserId")
VALUES (@p1, @p2, @p3, @p4, @p5, @p6, @p7, @p8, @p9, @p10, @p11, @p12, @p13);
UPDATE "Products" SET "Stock" = @p14, "UpdatedAt" = @p15
WHERE "Id" = @p16;
INSERT INTO "OrderItems" ("Id", "CreatedAt", "OrderId", "ProductId", "Quantity", "UnitPrice", "UpdatedAt")
VALUES (@p17, @p18, @p19, @p20, @p21, @p22, @p23); 
2026-05-19 11:34:42.3396 [ERROR] Microsoft.EntityFrameworkCore.Update - An exception occurred in the database while saving changes for context type 'TapHoa.Persistence.Data.AppDbContext'.
Microsoft.EntityFrameworkCore.DbUpdateException: An error occurred while saving the entity changes. See the inner exception for details.
 ---> Npgsql.PostgresException (0x80004005): 42703: column "CancelReason" of relation "Orders" does not exist

POSITION: 29
   at Npgsql.Internal.NpgsqlConnector.ReadMessageLong(Boolean async, DataRowLoadingMode dataRowLoadingMode, Boolean readingNotifications, Boolean isReadingPrependedMessage)
   at System.Runtime.CompilerServices.PoolingAsyncValueTaskMethodBuilder`1.StateMachineBox`1.System.Threading.Tasks.Sources.IValueTaskSource<TResult>.GetResult(Int16 token)
   at Npgsql.NpgsqlDataReader.NextResult(Boolean async, Boolean isConsuming, CancellationToken cancellationToken)
   at Npgsql.NpgsqlDataReader.NextResult(Boolean async, Boolean isConsuming, CancellationToken cancellationToken)
   at Npgsql.NpgsqlCommand.ExecuteReader(Boolean async, CommandBehavior behavior, CancellationToken cancellationToken)
   at Npgsql.NpgsqlCommand.ExecuteReader(Boolean async, CommandBehavior behavior, CancellationToken cancellationToken)
   at Npgsql.NpgsqlCommand.ExecuteDbDataReaderAsync(CommandBehavior behavior, CancellationToken cancellationToken)
   at Microsoft.EntityFrameworkCore.Storage.RelationalCommand.ExecuteReaderAsync(RelationalCommandParameterObject parameterObject, CancellationToken cancellationToken)
   at Microsoft.EntityFrameworkCore.Storage.RelationalCommand.ExecuteReaderAsync(RelationalCommandParameterObject parameterObject, CancellationToken cancellationToken)
   at Microsoft.EntityFrameworkCore.Update.ReaderModificationCommandBatch.ExecuteAsync(IRelationalConnection connection, CancellationToken cancellationToken)
  Exception data:
    Severity: ERROR
    SqlState: 42703
    MessageText: column "CancelReason" of relation "Orders" does not exist
    Position: 29
    File: parse_target.c
    Line: 1066
    Routine: checkInsertTargets
   --- End of inner exception stack trace ---
   at Microsoft.EntityFrameworkCore.Update.ReaderModificationCommandBatch.ExecuteAsync(IRelationalConnection connection, CancellationToken cancellationToken)
   at Microsoft.EntityFrameworkCore.Update.Internal.BatchExecutor.ExecuteAsync(IEnumerable`1 commandBatches, IRelationalConnection connection, CancellationToken cancellationToken)
   at Microsoft.EntityFrameworkCore.Update.Internal.BatchExecutor.ExecuteAsync(IEnumerable`1 commandBatches, IRelationalConnection connection, CancellationToken cancellationToken)
   at Microsoft.EntityFrameworkCore.Update.Internal.BatchExecutor.ExecuteAsync(IEnumerable`1 commandBatches, IRelationalConnection connection, CancellationToken cancellationToken)
   at Microsoft.EntityFrameworkCore.Storage.RelationalDatabase.SaveChangesAsync(IList`1 entries, CancellationToken cancellationToken)
   at Microsoft.EntityFrameworkCore.ChangeTracking.Internal.StateManager.SaveChangesAsync(IList`1 entriesToSave, CancellationToken cancellationToken)
   at Microsoft.EntityFrameworkCore.ChangeTracking.Internal.StateManager.SaveChangesAsync(StateManager stateManager, Boolean acceptAllChangesOnSuccess, CancellationToken cancellationToken)
   at Npgsql.EntityFrameworkCore.PostgreSQL.Storage.Internal.NpgsqlExecutionStrategy.ExecuteAsync[TState,TResult](TState state, Func`4 operation, Func`4 verifySucceeded, CancellationToken cancellationToken)
   at Microsoft.EntityFrameworkCore.DbContext.SaveChangesAsync(Boolean acceptAllChangesOnSuccess, CancellationToken cancellationToken) Microsoft.EntityFrameworkCore.DbUpdateException: An error occurred while saving the entity changes. See the inner exception for details.
 ---> Npgsql.PostgresException (0x80004005): 42703: column "CancelReason" of relation "Orders" does not exist

POSITION: 29
   at Npgsql.Internal.NpgsqlConnector.ReadMessageLong(Boolean async, DataRowLoadingMode dataRowLoadingMode, Boolean readingNotifications, Boolean isReadingPrependedMessage)
   at System.Runtime.CompilerServices.PoolingAsyncValueTaskMethodBuilder`1.StateMachineBox`1.System.Threading.Tasks.Sources.IValueTaskSource<TResult>.GetResult(Int16 token)
   at Npgsql.NpgsqlDataReader.NextResult(Boolean async, Boolean isConsuming, CancellationToken cancellationToken)
   at Npgsql.NpgsqlDataReader.NextResult(Boolean async, Boolean isConsuming, CancellationToken cancellationToken)
   at Npgsql.NpgsqlCommand.ExecuteReader(Boolean async, CommandBehavior behavior, CancellationToken cancellationToken)
   at Npgsql.NpgsqlCommand.ExecuteReader(Boolean async, CommandBehavior behavior, CancellationToken cancellationToken)
   at Npgsql.NpgsqlCommand.ExecuteDbDataReaderAsync(CommandBehavior behavior, CancellationToken cancellationToken)
   at Microsoft.EntityFrameworkCore.Storage.RelationalCommand.ExecuteReaderAsync(RelationalCommandParameterObject parameterObject, CancellationToken cancellationToken)
   at Microsoft.EntityFrameworkCore.Storage.RelationalCommand.ExecuteReaderAsync(RelationalCommandParameterObject parameterObject, CancellationToken cancellationToken)
   at Microsoft.EntityFrameworkCore.Update.ReaderModificationCommandBatch.ExecuteAsync(IRelationalConnection connection, CancellationToken cancellationToken)
  Exception data:
    Severity: ERROR
    SqlState: 42703
    MessageText: column "CancelReason" of relation "Orders" does not exist
    Position: 29
    File: parse_target.c
    Line: 1066
    Routine: checkInsertTargets
   --- End of inner exception stack trace ---
   at Microsoft.EntityFrameworkCore.Update.ReaderModificationCommandBatch.ExecuteAsync(IRelationalConnection connection, CancellationToken cancellationToken)
   at Microsoft.EntityFrameworkCore.Update.Internal.BatchExecutor.ExecuteAsync(IEnumerable`1 commandBatches, IRelationalConnection connection, CancellationToken cancellationToken)
   at Microsoft.EntityFrameworkCore.Update.Internal.BatchExecutor.ExecuteAsync(IEnumerable`1 commandBatches, IRelationalConnection connection, CancellationToken cancellationToken)
   at Microsoft.EntityFrameworkCore.Update.Internal.BatchExecutor.ExecuteAsync(IEnumerable`1 commandBatches, IRelationalConnection connection, CancellationToken cancellationToken)
   at Microsoft.EntityFrameworkCore.Storage.RelationalDatabase.SaveChangesAsync(IList`1 entries, CancellationToken cancellationToken)
   at Microsoft.EntityFrameworkCore.ChangeTracking.Internal.StateManager.SaveChangesAsync(IList`1 entriesToSave, CancellationToken cancellationToken)
   at Microsoft.EntityFrameworkCore.ChangeTracking.Internal.StateManager.SaveChangesAsync(StateManager stateManager, Boolean acceptAllChangesOnSuccess, CancellationToken cancellationToken)
   at Npgsql.EntityFrameworkCore.PostgreSQL.Storage.Internal.NpgsqlExecutionStrategy.ExecuteAsync[TState,TResult](TState state, Func`4 operation, Func`4 verifySucceeded, CancellationToken cancellationToken)
   at Microsoft.EntityFrameworkCore.DbContext.SaveChangesAsync(Boolean acceptAllChangesOnSuccess, CancellationToken cancellationToken)
2026-05-19 11:34:58.5303 [ERROR] Microsoft.EntityFrameworkCore.Database.Command - Failed executing DbCommand (2ms) [Parameters=[@p0='?' (DbType = Guid), @p1='?' (DbType = Guid), @p2='?', @p3='?' (DbType = DateTime), @p4='?' (DbType = DateTime), @p5='?' (DbType = DateTime), @p6='?' (DbType = DateTime), @p7='?', @p8='?' (DbType = Guid), @p9='?' (DbType = DateTime), @p10='?', @p11='?' (DbType = Decimal), @p12='?' (DbType = DateTime), @p13='?' (DbType = Guid), @p16='?' (DbType = Guid), @p14='?' (DbType = Int32), @p15='?' (DbType = DateTime), @p17='?' (DbType = Guid), @p18='?' (DbType = DateTime), @p19='?' (DbType = Guid), @p20='?' (DbType = Guid), @p21='?' (DbType = Int32), @p22='?' (DbType = Decimal), @p23='?' (DbType = DateTime)], CommandType='Text', CommandTimeout='30']
DELETE FROM "CartItems"
WHERE "Id" = @p0;
INSERT INTO "Orders" ("Id", "CancelReason", "CancelledAt", "ConfirmedAt", "CreatedAt", "DeliveredAt", "Note", "ShippingAddressId", "ShippingAt", "Status", "TotalAmount", "UpdatedAt", "UserId")
VALUES (@p1, @p2, @p3, @p4, @p5, @p6, @p7, @p8, @p9, @p10, @p11, @p12, @p13);
UPDATE "Products" SET "Stock" = @p14, "UpdatedAt" = @p15
WHERE "Id" = @p16;
INSERT INTO "OrderItems" ("Id", "CreatedAt", "OrderId", "ProductId", "Quantity", "UnitPrice", "UpdatedAt")
VALUES (@p17, @p18, @p19, @p20, @p21, @p22, @p23); 
2026-05-19 11:34:58.5303 [ERROR] Microsoft.EntityFrameworkCore.Update - An exception occurred in the database while saving changes for context type 'TapHoa.Persistence.Data.AppDbContext'.
Microsoft.EntityFrameworkCore.DbUpdateException: An error occurred while saving the entity changes. See the inner exception for details.
 ---> Npgsql.PostgresException (0x80004005): 42703: column "CancelReason" of relation "Orders" does not exist

POSITION: 29
   at Npgsql.Internal.NpgsqlConnector.ReadMessageLong(Boolean async, DataRowLoadingMode dataRowLoadingMode, Boolean readingNotifications, Boolean isReadingPrependedMessage)
   at System.Runtime.CompilerServices.PoolingAsyncValueTaskMethodBuilder`1.StateMachineBox`1.System.Threading.Tasks.Sources.IValueTaskSource<TResult>.GetResult(Int16 token)
   at Npgsql.NpgsqlDataReader.NextResult(Boolean async, Boolean isConsuming, CancellationToken cancellationToken)
   at Npgsql.NpgsqlDataReader.NextResult(Boolean async, Boolean isConsuming, CancellationToken cancellationToken)
   at Npgsql.NpgsqlCommand.ExecuteReader(Boolean async, CommandBehavior behavior, CancellationToken cancellationToken)
   at Npgsql.NpgsqlCommand.ExecuteReader(Boolean async, CommandBehavior behavior, CancellationToken cancellationToken)
   at Npgsql.NpgsqlCommand.ExecuteDbDataReaderAsync(CommandBehavior behavior, CancellationToken cancellationToken)
   at Microsoft.EntityFrameworkCore.Storage.RelationalCommand.ExecuteReaderAsync(RelationalCommandParameterObject parameterObject, CancellationToken cancellationToken)
   at Microsoft.EntityFrameworkCore.Storage.RelationalCommand.ExecuteReaderAsync(RelationalCommandParameterObject parameterObject, CancellationToken cancellationToken)
   at Microsoft.EntityFrameworkCore.Update.ReaderModificationCommandBatch.ExecuteAsync(IRelationalConnection connection, CancellationToken cancellationToken)
  Exception data:
    Severity: ERROR
    SqlState: 42703
    MessageText: column "CancelReason" of relation "Orders" does not exist
    Position: 29
    File: parse_target.c
    Line: 1066
    Routine: checkInsertTargets
   --- End of inner exception stack trace ---
   at Microsoft.EntityFrameworkCore.Update.ReaderModificationCommandBatch.ExecuteAsync(IRelationalConnection connection, CancellationToken cancellationToken)
   at Microsoft.EntityFrameworkCore.Update.Internal.BatchExecutor.ExecuteAsync(IEnumerable`1 commandBatches, IRelationalConnection connection, CancellationToken cancellationToken)
   at Microsoft.EntityFrameworkCore.Update.Internal.BatchExecutor.ExecuteAsync(IEnumerable`1 commandBatches, IRelationalConnection connection, CancellationToken cancellationToken)
   at Microsoft.EntityFrameworkCore.Update.Internal.BatchExecutor.ExecuteAsync(IEnumerable`1 commandBatches, IRelationalConnection connection, CancellationToken cancellationToken)
   at Microsoft.EntityFrameworkCore.Storage.RelationalDatabase.SaveChangesAsync(IList`1 entries, CancellationToken cancellationToken)
   at Microsoft.EntityFrameworkCore.ChangeTracking.Internal.StateManager.SaveChangesAsync(IList`1 entriesToSave, CancellationToken cancellationToken)
   at Microsoft.EntityFrameworkCore.ChangeTracking.Internal.StateManager.SaveChangesAsync(StateManager stateManager, Boolean acceptAllChangesOnSuccess, CancellationToken cancellationToken)
   at Npgsql.EntityFrameworkCore.PostgreSQL.Storage.Internal.NpgsqlExecutionStrategy.ExecuteAsync[TState,TResult](TState state, Func`4 operation, Func`4 verifySucceeded, CancellationToken cancellationToken)
   at Microsoft.EntityFrameworkCore.DbContext.SaveChangesAsync(Boolean acceptAllChangesOnSuccess, CancellationToken cancellationToken) Microsoft.EntityFrameworkCore.DbUpdateException: An error occurred while saving the entity changes. See the inner exception for details.
 ---> Npgsql.PostgresException (0x80004005): 42703: column "CancelReason" of relation "Orders" does not exist

POSITION: 29
   at Npgsql.Internal.NpgsqlConnector.ReadMessageLong(Boolean async, DataRowLoadingMode dataRowLoadingMode, Boolean readingNotifications, Boolean isReadingPrependedMessage)
   at System.Runtime.CompilerServices.PoolingAsyncValueTaskMethodBuilder`1.StateMachineBox`1.System.Threading.Tasks.Sources.IValueTaskSource<TResult>.GetResult(Int16 token)
   at Npgsql.NpgsqlDataReader.NextResult(Boolean async, Boolean isConsuming, CancellationToken cancellationToken)
   at Npgsql.NpgsqlDataReader.NextResult(Boolean async, Boolean isConsuming, CancellationToken cancellationToken)
   at Npgsql.NpgsqlCommand.ExecuteReader(Boolean async, CommandBehavior behavior, CancellationToken cancellationToken)
   at Npgsql.NpgsqlCommand.ExecuteReader(Boolean async, CommandBehavior behavior, CancellationToken cancellationToken)
   at Npgsql.NpgsqlCommand.ExecuteDbDataReaderAsync(CommandBehavior behavior, CancellationToken cancellationToken)
   at Microsoft.EntityFrameworkCore.Storage.RelationalCommand.ExecuteReaderAsync(RelationalCommandParameterObject parameterObject, CancellationToken cancellationToken)
   at Microsoft.EntityFrameworkCore.Storage.RelationalCommand.ExecuteReaderAsync(RelationalCommandParameterObject parameterObject, CancellationToken cancellationToken)
   at Microsoft.EntityFrameworkCore.Update.ReaderModificationCommandBatch.ExecuteAsync(IRelationalConnection connection, CancellationToken cancellationToken)
  Exception data:
    Severity: ERROR
    SqlState: 42703
    MessageText: column "CancelReason" of relation "Orders" does not exist
    Position: 29
    File: parse_target.c
    Line: 1066
    Routine: checkInsertTargets
   --- End of inner exception stack trace ---
   at Microsoft.EntityFrameworkCore.Update.ReaderModificationCommandBatch.ExecuteAsync(IRelationalConnection connection, CancellationToken cancellationToken)
   at Microsoft.EntityFrameworkCore.Update.Internal.BatchExecutor.ExecuteAsync(IEnumerable`1 commandBatches, IRelationalConnection connection, CancellationToken cancellationToken)
   at Microsoft.EntityFrameworkCore.Update.Internal.BatchExecutor.ExecuteAsync(IEnumerable`1 commandBatches, IRelationalConnection connection, CancellationToken cancellationToken)
   at Microsoft.EntityFrameworkCore.Update.Internal.BatchExecutor.ExecuteAsync(IEnumerable`1 commandBatches, IRelationalConnection connection, CancellationToken cancellationToken)
   at Microsoft.EntityFrameworkCore.Storage.RelationalDatabase.SaveChangesAsync(IList`1 entries, CancellationToken cancellationToken)
   at Microsoft.EntityFrameworkCore.ChangeTracking.Internal.StateManager.SaveChangesAsync(IList`1 entriesToSave, CancellationToken cancellationToken)
   at Microsoft.EntityFrameworkCore.ChangeTracking.Internal.StateManager.SaveChangesAsync(StateManager stateManager, Boolean acceptAllChangesOnSuccess, CancellationToken cancellationToken)
   at Npgsql.EntityFrameworkCore.PostgreSQL.Storage.Internal.NpgsqlExecutionStrategy.ExecuteAsync[TState,TResult](TState state, Func`4 operation, Func`4 verifySucceeded, CancellationToken cancellationToken)
   at Microsoft.EntityFrameworkCore.DbContext.SaveChangesAsync(Boolean acceptAllChangesOnSuccess, CancellationToken cancellationToken)
2026-05-19 11:34:59.8634 [ERROR] Microsoft.EntityFrameworkCore.Database.Command - Failed executing DbCommand (2ms) [Parameters=[@p0='?' (DbType = Guid), @p1='?' (DbType = Guid), @p2='?', @p3='?' (DbType = DateTime), @p4='?' (DbType = DateTime), @p5='?' (DbType = DateTime), @p6='?' (DbType = DateTime), @p7='?', @p8='?' (DbType = Guid), @p9='?' (DbType = DateTime), @p10='?', @p11='?' (DbType = Decimal), @p12='?' (DbType = DateTime), @p13='?' (DbType = Guid), @p16='?' (DbType = Guid), @p14='?' (DbType = Int32), @p15='?' (DbType = DateTime), @p17='?' (DbType = Guid), @p18='?' (DbType = DateTime), @p19='?' (DbType = Guid), @p20='?' (DbType = Guid), @p21='?' (DbType = Int32), @p22='?' (DbType = Decimal), @p23='?' (DbType = DateTime)], CommandType='Text', CommandTimeout='30']
DELETE FROM "CartItems"
WHERE "Id" = @p0;
INSERT INTO "Orders" ("Id", "CancelReason", "CancelledAt", "ConfirmedAt", "CreatedAt", "DeliveredAt", "Note", "ShippingAddressId", "ShippingAt", "Status", "TotalAmount", "UpdatedAt", "UserId")
VALUES (@p1, @p2, @p3, @p4, @p5, @p6, @p7, @p8, @p9, @p10, @p11, @p12, @p13);
UPDATE "Products" SET "Stock" = @p14, "UpdatedAt" = @p15
WHERE "Id" = @p16;
INSERT INTO "OrderItems" ("Id", "CreatedAt", "OrderId", "ProductId", "Quantity", "UnitPrice", "UpdatedAt")
VALUES (@p17, @p18, @p19, @p20, @p21, @p22, @p23); 
2026-05-19 11:34:59.8634 [ERROR] Microsoft.EntityFrameworkCore.Update - An exception occurred in the database while saving changes for context type 'TapHoa.Persistence.Data.AppDbContext'.
Microsoft.EntityFrameworkCore.DbUpdateException: An error occurred while saving the entity changes. See the inner exception for details.
 ---> Npgsql.PostgresException (0x80004005): 42703: column "CancelReason" of relation "Orders" does not exist

POSITION: 29
   at Npgsql.Internal.NpgsqlConnector.ReadMessageLong(Boolean async, DataRowLoadingMode dataRowLoadingMode, Boolean readingNotifications, Boolean isReadingPrependedMessage)
   at System.Runtime.CompilerServices.PoolingAsyncValueTaskMethodBuilder`1.StateMachineBox`1.System.Threading.Tasks.Sources.IValueTaskSource<TResult>.GetResult(Int16 token)
   at Npgsql.NpgsqlDataReader.NextResult(Boolean async, Boolean isConsuming, CancellationToken cancellationToken)
   at Npgsql.NpgsqlDataReader.NextResult(Boolean async, Boolean isConsuming, CancellationToken cancellationToken)
   at Npgsql.NpgsqlCommand.ExecuteReader(Boolean async, CommandBehavior behavior, CancellationToken cancellationToken)
   at Npgsql.NpgsqlCommand.ExecuteReader(Boolean async, CommandBehavior behavior, CancellationToken cancellationToken)
   at Npgsql.NpgsqlCommand.ExecuteDbDataReaderAsync(CommandBehavior behavior, CancellationToken cancellationToken)
   at Microsoft.EntityFrameworkCore.Storage.RelationalCommand.ExecuteReaderAsync(RelationalCommandParameterObject parameterObject, CancellationToken cancellationToken)
   at Microsoft.EntityFrameworkCore.Storage.RelationalCommand.ExecuteReaderAsync(RelationalCommandParameterObject parameterObject, CancellationToken cancellationToken)
   at Microsoft.EntityFrameworkCore.Update.ReaderModificationCommandBatch.ExecuteAsync(IRelationalConnection connection, CancellationToken cancellationToken)
  Exception data:
    Severity: ERROR
    SqlState: 42703
    MessageText: column "CancelReason" of relation "Orders" does not exist
    Position: 29
    File: parse_target.c
    Line: 1066
    Routine: checkInsertTargets
   --- End of inner exception stack trace ---
   at Microsoft.EntityFrameworkCore.Update.ReaderModificationCommandBatch.ExecuteAsync(IRelationalConnection connection, CancellationToken cancellationToken)
   at Microsoft.EntityFrameworkCore.Update.Internal.BatchExecutor.ExecuteAsync(IEnumerable`1 commandBatches, IRelationalConnection connection, CancellationToken cancellationToken)
   at Microsoft.EntityFrameworkCore.Update.Internal.BatchExecutor.ExecuteAsync(IEnumerable`1 commandBatches, IRelationalConnection connection, CancellationToken cancellationToken)
   at Microsoft.EntityFrameworkCore.Update.Internal.BatchExecutor.ExecuteAsync(IEnumerable`1 commandBatches, IRelationalConnection connection, CancellationToken cancellationToken)
   at Microsoft.EntityFrameworkCore.Storage.RelationalDatabase.SaveChangesAsync(IList`1 entries, CancellationToken cancellationToken)
   at Microsoft.EntityFrameworkCore.ChangeTracking.Internal.StateManager.SaveChangesAsync(IList`1 entriesToSave, CancellationToken cancellationToken)
   at Microsoft.EntityFrameworkCore.ChangeTracking.Internal.StateManager.SaveChangesAsync(StateManager stateManager, Boolean acceptAllChangesOnSuccess, CancellationToken cancellationToken)
   at Npgsql.EntityFrameworkCore.PostgreSQL.Storage.Internal.NpgsqlExecutionStrategy.ExecuteAsync[TState,TResult](TState state, Func`4 operation, Func`4 verifySucceeded, CancellationToken cancellationToken)
   at Microsoft.EntityFrameworkCore.DbContext.SaveChangesAsync(Boolean acceptAllChangesOnSuccess, CancellationToken cancellationToken) Microsoft.EntityFrameworkCore.DbUpdateException: An error occurred while saving the entity changes. See the inner exception for details.
 ---> Npgsql.PostgresException (0x80004005): 42703: column "CancelReason" of relation "Orders" does not exist

POSITION: 29
   at Npgsql.Internal.NpgsqlConnector.ReadMessageLong(Boolean async, DataRowLoadingMode dataRowLoadingMode, Boolean readingNotifications, Boolean isReadingPrependedMessage)
   at System.Runtime.CompilerServices.PoolingAsyncValueTaskMethodBuilder`1.StateMachineBox`1.System.Threading.Tasks.Sources.IValueTaskSource<TResult>.GetResult(Int16 token)
   at Npgsql.NpgsqlDataReader.NextResult(Boolean async, Boolean isConsuming, CancellationToken cancellationToken)
   at Npgsql.NpgsqlDataReader.NextResult(Boolean async, Boolean isConsuming, CancellationToken cancellationToken)
   at Npgsql.NpgsqlCommand.ExecuteReader(Boolean async, CommandBehavior behavior, CancellationToken cancellationToken)
   at Npgsql.NpgsqlCommand.ExecuteReader(Boolean async, CommandBehavior behavior, CancellationToken cancellationToken)
   at Npgsql.NpgsqlCommand.ExecuteDbDataReaderAsync(CommandBehavior behavior, CancellationToken cancellationToken)
   at Microsoft.EntityFrameworkCore.Storage.RelationalCommand.ExecuteReaderAsync(RelationalCommandParameterObject parameterObject, CancellationToken cancellationToken)
   at Microsoft.EntityFrameworkCore.Storage.RelationalCommand.ExecuteReaderAsync(RelationalCommandParameterObject parameterObject, CancellationToken cancellationToken)
   at Microsoft.EntityFrameworkCore.Update.ReaderModificationCommandBatch.ExecuteAsync(IRelationalConnection connection, CancellationToken cancellationToken)
  Exception data:
    Severity: ERROR
    SqlState: 42703
    MessageText: column "CancelReason" of relation "Orders" does not exist
    Position: 29
    File: parse_target.c
    Line: 1066
    Routine: checkInsertTargets
   --- End of inner exception stack trace ---
   at Microsoft.EntityFrameworkCore.Update.ReaderModificationCommandBatch.ExecuteAsync(IRelationalConnection connection, CancellationToken cancellationToken)
   at Microsoft.EntityFrameworkCore.Update.Internal.BatchExecutor.ExecuteAsync(IEnumerable`1 commandBatches, IRelationalConnection connection, CancellationToken cancellationToken)
   at Microsoft.EntityFrameworkCore.Update.Internal.BatchExecutor.ExecuteAsync(IEnumerable`1 commandBatches, IRelationalConnection connection, CancellationToken cancellationToken)
   at Microsoft.EntityFrameworkCore.Update.Internal.BatchExecutor.ExecuteAsync(IEnumerable`1 commandBatches, IRelationalConnection connection, CancellationToken cancellationToken)
   at Microsoft.EntityFrameworkCore.Storage.RelationalDatabase.SaveChangesAsync(IList`1 entries, CancellationToken cancellationToken)
   at Microsoft.EntityFrameworkCore.ChangeTracking.Internal.StateManager.SaveChangesAsync(IList`1 entriesToSave, CancellationToken cancellationToken)
   at Microsoft.EntityFrameworkCore.ChangeTracking.Internal.StateManager.SaveChangesAsync(StateManager stateManager, Boolean acceptAllChangesOnSuccess, CancellationToken cancellationToken)
   at Npgsql.EntityFrameworkCore.PostgreSQL.Storage.Internal.NpgsqlExecutionStrategy.ExecuteAsync[TState,TResult](TState state, Func`4 operation, Func`4 verifySucceeded, CancellationToken cancellationToken)
   at Microsoft.EntityFrameworkCore.DbContext.SaveChangesAsync(Boolean acceptAllChangesOnSuccess, CancellationToken cancellationToken)
2026-05-19 11:35:00.4558 [ERROR] Microsoft.EntityFrameworkCore.Database.Command - Failed executing DbCommand (1ms) [Parameters=[@p0='?' (DbType = Guid), @p1='?' (DbType = Guid), @p2='?', @p3='?' (DbType = DateTime), @p4='?' (DbType = DateTime), @p5='?' (DbType = DateTime), @p6='?' (DbType = DateTime), @p7='?', @p8='?' (DbType = Guid), @p9='?' (DbType = DateTime), @p10='?', @p11='?' (DbType = Decimal), @p12='?' (DbType = DateTime), @p13='?' (DbType = Guid), @p16='?' (DbType = Guid), @p14='?' (DbType = Int32), @p15='?' (DbType = DateTime), @p17='?' (DbType = Guid), @p18='?' (DbType = DateTime), @p19='?' (DbType = Guid), @p20='?' (DbType = Guid), @p21='?' (DbType = Int32), @p22='?' (DbType = Decimal), @p23='?' (DbType = DateTime)], CommandType='Text', CommandTimeout='30']
DELETE FROM "CartItems"
WHERE "Id" = @p0;
INSERT INTO "Orders" ("Id", "CancelReason", "CancelledAt", "ConfirmedAt", "CreatedAt", "DeliveredAt", "Note", "ShippingAddressId", "ShippingAt", "Status", "TotalAmount", "UpdatedAt", "UserId")
VALUES (@p1, @p2, @p3, @p4, @p5, @p6, @p7, @p8, @p9, @p10, @p11, @p12, @p13);
UPDATE "Products" SET "Stock" = @p14, "UpdatedAt" = @p15
WHERE "Id" = @p16;
INSERT INTO "OrderItems" ("Id", "CreatedAt", "OrderId", "ProductId", "Quantity", "UnitPrice", "UpdatedAt")
VALUES (@p17, @p18, @p19, @p20, @p21, @p22, @p23); 
2026-05-19 11:35:00.4558 [ERROR] Microsoft.EntityFrameworkCore.Update - An exception occurred in the database while saving changes for context type 'TapHoa.Persistence.Data.AppDbContext'.
Microsoft.EntityFrameworkCore.DbUpdateException: An error occurred while saving the entity changes. See the inner exception for details.
 ---> Npgsql.PostgresException (0x80004005): 42703: column "CancelReason" of relation "Orders" does not exist

POSITION: 29
   at Npgsql.Internal.NpgsqlConnector.ReadMessageLong(Boolean async, DataRowLoadingMode dataRowLoadingMode, Boolean readingNotifications, Boolean isReadingPrependedMessage)
   at System.Runtime.CompilerServices.PoolingAsyncValueTaskMethodBuilder`1.StateMachineBox`1.System.Threading.Tasks.Sources.IValueTaskSource<TResult>.GetResult(Int16 token)
   at Npgsql.NpgsqlDataReader.NextResult(Boolean async, Boolean isConsuming, CancellationToken cancellationToken)
   at Npgsql.NpgsqlDataReader.NextResult(Boolean async, Boolean isConsuming, CancellationToken cancellationToken)
   at Npgsql.NpgsqlCommand.ExecuteReader(Boolean async, CommandBehavior behavior, CancellationToken cancellationToken)
   at Npgsql.NpgsqlCommand.ExecuteReader(Boolean async, CommandBehavior behavior, CancellationToken cancellationToken)
   at Npgsql.NpgsqlCommand.ExecuteDbDataReaderAsync(CommandBehavior behavior, CancellationToken cancellationToken)
   at Microsoft.EntityFrameworkCore.Storage.RelationalCommand.ExecuteReaderAsync(RelationalCommandParameterObject parameterObject, CancellationToken cancellationToken)
   at Microsoft.EntityFrameworkCore.Storage.RelationalCommand.ExecuteReaderAsync(RelationalCommandParameterObject parameterObject, CancellationToken cancellationToken)
   at Microsoft.EntityFrameworkCore.Update.ReaderModificationCommandBatch.ExecuteAsync(IRelationalConnection connection, CancellationToken cancellationToken)
  Exception data:
    Severity: ERROR
    SqlState: 42703
    MessageText: column "CancelReason" of relation "Orders" does not exist
    Position: 29
    File: parse_target.c
    Line: 1066
    Routine: checkInsertTargets
   --- End of inner exception stack trace ---
   at Microsoft.EntityFrameworkCore.Update.ReaderModificationCommandBatch.ExecuteAsync(IRelationalConnection connection, CancellationToken cancellationToken)
   at Microsoft.EntityFrameworkCore.Update.Internal.BatchExecutor.ExecuteAsync(IEnumerable`1 commandBatches, IRelationalConnection connection, CancellationToken cancellationToken)
   at Microsoft.EntityFrameworkCore.Update.Internal.BatchExecutor.ExecuteAsync(IEnumerable`1 commandBatches, IRelationalConnection connection, CancellationToken cancellationToken)
   at Microsoft.EntityFrameworkCore.Update.Internal.BatchExecutor.ExecuteAsync(IEnumerable`1 commandBatches, IRelationalConnection connection, CancellationToken cancellationToken)
   at Microsoft.EntityFrameworkCore.Storage.RelationalDatabase.SaveChangesAsync(IList`1 entries, CancellationToken cancellationToken)
   at Microsoft.EntityFrameworkCore.ChangeTracking.Internal.StateManager.SaveChangesAsync(IList`1 entriesToSave, CancellationToken cancellationToken)
   at Microsoft.EntityFrameworkCore.ChangeTracking.Internal.StateManager.SaveChangesAsync(StateManager stateManager, Boolean acceptAllChangesOnSuccess, CancellationToken cancellationToken)
   at Npgsql.EntityFrameworkCore.PostgreSQL.Storage.Internal.NpgsqlExecutionStrategy.ExecuteAsync[TState,TResult](TState state, Func`4 operation, Func`4 verifySucceeded, CancellationToken cancellationToken)
   at Microsoft.EntityFrameworkCore.DbContext.SaveChangesAsync(Boolean acceptAllChangesOnSuccess, CancellationToken cancellationToken) Microsoft.EntityFrameworkCore.DbUpdateException: An error occurred while saving the entity changes. See the inner exception for details.
 ---> Npgsql.PostgresException (0x80004005): 42703: column "CancelReason" of relation "Orders" does not exist

POSITION: 29
   at Npgsql.Internal.NpgsqlConnector.ReadMessageLong(Boolean async, DataRowLoadingMode dataRowLoadingMode, Boolean readingNotifications, Boolean isReadingPrependedMessage)
   at System.Runtime.CompilerServices.PoolingAsyncValueTaskMethodBuilder`1.StateMachineBox`1.System.Threading.Tasks.Sources.IValueTaskSource<TResult>.GetResult(Int16 token)
   at Npgsql.NpgsqlDataReader.NextResult(Boolean async, Boolean isConsuming, CancellationToken cancellationToken)
   at Npgsql.NpgsqlDataReader.NextResult(Boolean async, Boolean isConsuming, CancellationToken cancellationToken)
   at Npgsql.NpgsqlCommand.ExecuteReader(Boolean async, CommandBehavior behavior, CancellationToken cancellationToken)
   at Npgsql.NpgsqlCommand.ExecuteReader(Boolean async, CommandBehavior behavior, CancellationToken cancellationToken)
   at Npgsql.NpgsqlCommand.ExecuteDbDataReaderAsync(CommandBehavior behavior, CancellationToken cancellationToken)
   at Microsoft.EntityFrameworkCore.Storage.RelationalCommand.ExecuteReaderAsync(RelationalCommandParameterObject parameterObject, CancellationToken cancellationToken)
   at Microsoft.EntityFrameworkCore.Storage.RelationalCommand.ExecuteReaderAsync(RelationalCommandParameterObject parameterObject, CancellationToken cancellationToken)
   at Microsoft.EntityFrameworkCore.Update.ReaderModificationCommandBatch.ExecuteAsync(IRelationalConnection connection, CancellationToken cancellationToken)
  Exception data:
    Severity: ERROR
    SqlState: 42703
    MessageText: column "CancelReason" of relation "Orders" does not exist
    Position: 29
    File: parse_target.c
    Line: 1066
    Routine: checkInsertTargets
   --- End of inner exception stack trace ---
   at Microsoft.EntityFrameworkCore.Update.ReaderModificationCommandBatch.ExecuteAsync(IRelationalConnection connection, CancellationToken cancellationToken)
   at Microsoft.EntityFrameworkCore.Update.Internal.BatchExecutor.ExecuteAsync(IEnumerable`1 commandBatches, IRelationalConnection connection, CancellationToken cancellationToken)
   at Microsoft.EntityFrameworkCore.Update.Internal.BatchExecutor.ExecuteAsync(IEnumerable`1 commandBatches, IRelationalConnection connection, CancellationToken cancellationToken)
   at Microsoft.EntityFrameworkCore.Update.Internal.BatchExecutor.ExecuteAsync(IEnumerable`1 commandBatches, IRelationalConnection connection, CancellationToken cancellationToken)
   at Microsoft.EntityFrameworkCore.Storage.RelationalDatabase.SaveChangesAsync(IList`1 entries, CancellationToken cancellationToken)
   at Microsoft.EntityFrameworkCore.ChangeTracking.Internal.StateManager.SaveChangesAsync(IList`1 entriesToSave, CancellationToken cancellationToken)
   at Microsoft.EntityFrameworkCore.ChangeTracking.Internal.StateManager.SaveChangesAsync(StateManager stateManager, Boolean acceptAllChangesOnSuccess, CancellationToken cancellationToken)
   at Npgsql.EntityFrameworkCore.PostgreSQL.Storage.Internal.NpgsqlExecutionStrategy.ExecuteAsync[TState,TResult](TState state, Func`4 operation, Func`4 verifySucceeded, CancellationToken cancellationToken)
   at Microsoft.EntityFrameworkCore.DbContext.SaveChangesAsync(Boolean acceptAllChangesOnSuccess, CancellationToken cancellationToken)
2026-05-19 11:35:00.6228 [ERROR] Microsoft.EntityFrameworkCore.Database.Command - Failed executing DbCommand (2ms) [Parameters=[@p0='?' (DbType = Guid), @p1='?' (DbType = Guid), @p2='?', @p3='?' (DbType = DateTime), @p4='?' (DbType = DateTime), @p5='?' (DbType = DateTime), @p6='?' (DbType = DateTime), @p7='?', @p8='?' (DbType = Guid), @p9='?' (DbType = DateTime), @p10='?', @p11='?' (DbType = Decimal), @p12='?' (DbType = DateTime), @p13='?' (DbType = Guid), @p16='?' (DbType = Guid), @p14='?' (DbType = Int32), @p15='?' (DbType = DateTime), @p17='?' (DbType = Guid), @p18='?' (DbType = DateTime), @p19='?' (DbType = Guid), @p20='?' (DbType = Guid), @p21='?' (DbType = Int32), @p22='?' (DbType = Decimal), @p23='?' (DbType = DateTime)], CommandType='Text', CommandTimeout='30']
DELETE FROM "CartItems"
WHERE "Id" = @p0;
INSERT INTO "Orders" ("Id", "CancelReason", "CancelledAt", "ConfirmedAt", "CreatedAt", "DeliveredAt", "Note", "ShippingAddressId", "ShippingAt", "Status", "TotalAmount", "UpdatedAt", "UserId")
VALUES (@p1, @p2, @p3, @p4, @p5, @p6, @p7, @p8, @p9, @p10, @p11, @p12, @p13);
UPDATE "Products" SET "Stock" = @p14, "UpdatedAt" = @p15
WHERE "Id" = @p16;
INSERT INTO "OrderItems" ("Id", "CreatedAt", "OrderId", "ProductId", "Quantity", "UnitPrice", "UpdatedAt")
VALUES (@p17, @p18, @p19, @p20, @p21, @p22, @p23); 
2026-05-19 11:35:00.6228 [ERROR] Microsoft.EntityFrameworkCore.Update - An exception occurred in the database while saving changes for context type 'TapHoa.Persistence.Data.AppDbContext'.
Microsoft.EntityFrameworkCore.DbUpdateException: An error occurred while saving the entity changes. See the inner exception for details.
 ---> Npgsql.PostgresException (0x80004005): 42703: column "CancelReason" of relation "Orders" does not exist

POSITION: 29
   at Npgsql.Internal.NpgsqlConnector.ReadMessageLong(Boolean async, DataRowLoadingMode dataRowLoadingMode, Boolean readingNotifications, Boolean isReadingPrependedMessage)
   at System.Runtime.CompilerServices.PoolingAsyncValueTaskMethodBuilder`1.StateMachineBox`1.System.Threading.Tasks.Sources.IValueTaskSource<TResult>.GetResult(Int16 token)
   at Npgsql.NpgsqlDataReader.NextResult(Boolean async, Boolean isConsuming, CancellationToken cancellationToken)
   at Npgsql.NpgsqlDataReader.NextResult(Boolean async, Boolean isConsuming, CancellationToken cancellationToken)
   at Npgsql.NpgsqlCommand.ExecuteReader(Boolean async, CommandBehavior behavior, CancellationToken cancellationToken)
   at Npgsql.NpgsqlCommand.ExecuteReader(Boolean async, CommandBehavior behavior, CancellationToken cancellationToken)
   at Npgsql.NpgsqlCommand.ExecuteDbDataReaderAsync(CommandBehavior behavior, CancellationToken cancellationToken)
   at Microsoft.EntityFrameworkCore.Storage.RelationalCommand.ExecuteReaderAsync(RelationalCommandParameterObject parameterObject, CancellationToken cancellationToken)
   at Microsoft.EntityFrameworkCore.Storage.RelationalCommand.ExecuteReaderAsync(RelationalCommandParameterObject parameterObject, CancellationToken cancellationToken)
   at Microsoft.EntityFrameworkCore.Update.ReaderModificationCommandBatch.ExecuteAsync(IRelationalConnection connection, CancellationToken cancellationToken)
  Exception data:
    Severity: ERROR
    SqlState: 42703
    MessageText: column "CancelReason" of relation "Orders" does not exist
    Position: 29
    File: parse_target.c
    Line: 1066
    Routine: checkInsertTargets
   --- End of inner exception stack trace ---
   at Microsoft.EntityFrameworkCore.Update.ReaderModificationCommandBatch.ExecuteAsync(IRelationalConnection connection, CancellationToken cancellationToken)
   at Microsoft.EntityFrameworkCore.Update.Internal.BatchExecutor.ExecuteAsync(IEnumerable`1 commandBatches, IRelationalConnection connection, CancellationToken cancellationToken)
   at Microsoft.EntityFrameworkCore.Update.Internal.BatchExecutor.ExecuteAsync(IEnumerable`1 commandBatches, IRelationalConnection connection, CancellationToken cancellationToken)
   at Microsoft.EntityFrameworkCore.Update.Internal.BatchExecutor.ExecuteAsync(IEnumerable`1 commandBatches, IRelationalConnection connection, CancellationToken cancellationToken)
   at Microsoft.EntityFrameworkCore.Storage.RelationalDatabase.SaveChangesAsync(IList`1 entries, CancellationToken cancellationToken)
   at Microsoft.EntityFrameworkCore.ChangeTracking.Internal.StateManager.SaveChangesAsync(IList`1 entriesToSave, CancellationToken cancellationToken)
   at Microsoft.EntityFrameworkCore.ChangeTracking.Internal.StateManager.SaveChangesAsync(StateManager stateManager, Boolean acceptAllChangesOnSuccess, CancellationToken cancellationToken)
   at Npgsql.EntityFrameworkCore.PostgreSQL.Storage.Internal.NpgsqlExecutionStrategy.ExecuteAsync[TState,TResult](TState state, Func`4 operation, Func`4 verifySucceeded, CancellationToken cancellationToken)
   at Microsoft.EntityFrameworkCore.DbContext.SaveChangesAsync(Boolean acceptAllChangesOnSuccess, CancellationToken cancellationToken) Microsoft.EntityFrameworkCore.DbUpdateException: An error occurred while saving the entity changes. See the inner exception for details.
 ---> Npgsql.PostgresException (0x80004005): 42703: column "CancelReason" of relation "Orders" does not exist

POSITION: 29
   at Npgsql.Internal.NpgsqlConnector.ReadMessageLong(Boolean async, DataRowLoadingMode dataRowLoadingMode, Boolean readingNotifications, Boolean isReadingPrependedMessage)
   at System.Runtime.CompilerServices.PoolingAsyncValueTaskMethodBuilder`1.StateMachineBox`1.System.Threading.Tasks.Sources.IValueTaskSource<TResult>.GetResult(Int16 token)
   at Npgsql.NpgsqlDataReader.NextResult(Boolean async, Boolean isConsuming, CancellationToken cancellationToken)
   at Npgsql.NpgsqlDataReader.NextResult(Boolean async, Boolean isConsuming, CancellationToken cancellationToken)
   at Npgsql.NpgsqlCommand.ExecuteReader(Boolean async, CommandBehavior behavior, CancellationToken cancellationToken)
   at Npgsql.NpgsqlCommand.ExecuteReader(Boolean async, CommandBehavior behavior, CancellationToken cancellationToken)
   at Npgsql.NpgsqlCommand.ExecuteDbDataReaderAsync(CommandBehavior behavior, CancellationToken cancellationToken)
   at Microsoft.EntityFrameworkCore.Storage.RelationalCommand.ExecuteReaderAsync(RelationalCommandParameterObject parameterObject, CancellationToken cancellationToken)
   at Microsoft.EntityFrameworkCore.Storage.RelationalCommand.ExecuteReaderAsync(RelationalCommandParameterObject parameterObject, CancellationToken cancellationToken)
   at Microsoft.EntityFrameworkCore.Update.ReaderModificationCommandBatch.ExecuteAsync(IRelationalConnection connection, CancellationToken cancellationToken)
  Exception data:
    Severity: ERROR
    SqlState: 42703
    MessageText: column "CancelReason" of relation "Orders" does not exist
    Position: 29
    File: parse_target.c
    Line: 1066
    Routine: checkInsertTargets
   --- End of inner exception stack trace ---
   at Microsoft.EntityFrameworkCore.Update.ReaderModificationCommandBatch.ExecuteAsync(IRelationalConnection connection, CancellationToken cancellationToken)
   at Microsoft.EntityFrameworkCore.Update.Internal.BatchExecutor.ExecuteAsync(IEnumerable`1 commandBatches, IRelationalConnection connection, CancellationToken cancellationToken)
   at Microsoft.EntityFrameworkCore.Update.Internal.BatchExecutor.ExecuteAsync(IEnumerable`1 commandBatches, IRelationalConnection connection, CancellationToken cancellationToken)
   at Microsoft.EntityFrameworkCore.Update.Internal.BatchExecutor.ExecuteAsync(IEnumerable`1 commandBatches, IRelationalConnection connection, CancellationToken cancellationToken)
   at Microsoft.EntityFrameworkCore.Storage.RelationalDatabase.SaveChangesAsync(IList`1 entries, CancellationToken cancellationToken)
   at Microsoft.EntityFrameworkCore.ChangeTracking.Internal.StateManager.SaveChangesAsync(IList`1 entriesToSave, CancellationToken cancellationToken)
   at Microsoft.EntityFrameworkCore.ChangeTracking.Internal.StateManager.SaveChangesAsync(StateManager stateManager, Boolean acceptAllChangesOnSuccess, CancellationToken cancellationToken)
   at Npgsql.EntityFrameworkCore.PostgreSQL.Storage.Internal.NpgsqlExecutionStrategy.ExecuteAsync[TState,TResult](TState state, Func`4 operation, Func`4 verifySucceeded, CancellationToken cancellationToken)
   at Microsoft.EntityFrameworkCore.DbContext.SaveChangesAsync(Boolean acceptAllChangesOnSuccess, CancellationToken cancellationToken)
2026-05-19 11:35:20.1497 [ERROR] Microsoft.EntityFrameworkCore.Database.Command - Failed executing DbCommand (2ms) [Parameters=[@p0='?' (DbType = Guid), @p1='?' (DbType = Guid), @p2='?', @p3='?' (DbType = DateTime), @p4='?' (DbType = DateTime), @p5='?' (DbType = DateTime), @p6='?' (DbType = DateTime), @p7='?', @p8='?' (DbType = Guid), @p9='?' (DbType = DateTime), @p10='?', @p11='?' (DbType = Decimal), @p12='?' (DbType = DateTime), @p13='?' (DbType = Guid), @p16='?' (DbType = Guid), @p14='?' (DbType = Int32), @p15='?' (DbType = DateTime), @p17='?' (DbType = Guid), @p18='?' (DbType = DateTime), @p19='?' (DbType = Guid), @p20='?' (DbType = Guid), @p21='?' (DbType = Int32), @p22='?' (DbType = Decimal), @p23='?' (DbType = DateTime)], CommandType='Text', CommandTimeout='30']
DELETE FROM "CartItems"
WHERE "Id" = @p0;
INSERT INTO "Orders" ("Id", "CancelReason", "CancelledAt", "ConfirmedAt", "CreatedAt", "DeliveredAt", "Note", "ShippingAddressId", "ShippingAt", "Status", "TotalAmount", "UpdatedAt", "UserId")
VALUES (@p1, @p2, @p3, @p4, @p5, @p6, @p7, @p8, @p9, @p10, @p11, @p12, @p13);
UPDATE "Products" SET "Stock" = @p14, "UpdatedAt" = @p15
WHERE "Id" = @p16;
INSERT INTO "OrderItems" ("Id", "CreatedAt", "OrderId", "ProductId", "Quantity", "UnitPrice", "UpdatedAt")
VALUES (@p17, @p18, @p19, @p20, @p21, @p22, @p23); 
2026-05-19 11:35:20.1497 [ERROR] Microsoft.EntityFrameworkCore.Update - An exception occurred in the database while saving changes for context type 'TapHoa.Persistence.Data.AppDbContext'.
Microsoft.EntityFrameworkCore.DbUpdateException: An error occurred while saving the entity changes. See the inner exception for details.
 ---> Npgsql.PostgresException (0x80004005): 42703: column "CancelReason" of relation "Orders" does not exist

POSITION: 29
   at Npgsql.Internal.NpgsqlConnector.ReadMessageLong(Boolean async, DataRowLoadingMode dataRowLoadingMode, Boolean readingNotifications, Boolean isReadingPrependedMessage)
   at System.Runtime.CompilerServices.PoolingAsyncValueTaskMethodBuilder`1.StateMachineBox`1.System.Threading.Tasks.Sources.IValueTaskSource<TResult>.GetResult(Int16 token)
   at Npgsql.NpgsqlDataReader.NextResult(Boolean async, Boolean isConsuming, CancellationToken cancellationToken)
   at Npgsql.NpgsqlDataReader.NextResult(Boolean async, Boolean isConsuming, CancellationToken cancellationToken)
   at Npgsql.NpgsqlCommand.ExecuteReader(Boolean async, CommandBehavior behavior, CancellationToken cancellationToken)
   at Npgsql.NpgsqlCommand.ExecuteReader(Boolean async, CommandBehavior behavior, CancellationToken cancellationToken)
   at Npgsql.NpgsqlCommand.ExecuteDbDataReaderAsync(CommandBehavior behavior, CancellationToken cancellationToken)
   at Microsoft.EntityFrameworkCore.Storage.RelationalCommand.ExecuteReaderAsync(RelationalCommandParameterObject parameterObject, CancellationToken cancellationToken)
   at Microsoft.EntityFrameworkCore.Storage.RelationalCommand.ExecuteReaderAsync(RelationalCommandParameterObject parameterObject, CancellationToken cancellationToken)
   at Microsoft.EntityFrameworkCore.Update.ReaderModificationCommandBatch.ExecuteAsync(IRelationalConnection connection, CancellationToken cancellationToken)
  Exception data:
    Severity: ERROR
    SqlState: 42703
    MessageText: column "CancelReason" of relation "Orders" does not exist
    Position: 29
    File: parse_target.c
    Line: 1066
    Routine: checkInsertTargets
   --- End of inner exception stack trace ---
   at Microsoft.EntityFrameworkCore.Update.ReaderModificationCommandBatch.ExecuteAsync(IRelationalConnection connection, CancellationToken cancellationToken)
   at Microsoft.EntityFrameworkCore.Update.Internal.BatchExecutor.ExecuteAsync(IEnumerable`1 commandBatches, IRelationalConnection connection, CancellationToken cancellationToken)
   at Microsoft.EntityFrameworkCore.Update.Internal.BatchExecutor.ExecuteAsync(IEnumerable`1 commandBatches, IRelationalConnection connection, CancellationToken cancellationToken)
   at Microsoft.EntityFrameworkCore.Update.Internal.BatchExecutor.ExecuteAsync(IEnumerable`1 commandBatches, IRelationalConnection connection, CancellationToken cancellationToken)
   at Microsoft.EntityFrameworkCore.Storage.RelationalDatabase.SaveChangesAsync(IList`1 entries, CancellationToken cancellationToken)
   at Microsoft.EntityFrameworkCore.ChangeTracking.Internal.StateManager.SaveChangesAsync(IList`1 entriesToSave, CancellationToken cancellationToken)
   at Microsoft.EntityFrameworkCore.ChangeTracking.Internal.StateManager.SaveChangesAsync(StateManager stateManager, Boolean acceptAllChangesOnSuccess, CancellationToken cancellationToken)
   at Npgsql.EntityFrameworkCore.PostgreSQL.Storage.Internal.NpgsqlExecutionStrategy.ExecuteAsync[TState,TResult](TState state, Func`4 operation, Func`4 verifySucceeded, CancellationToken cancellationToken)
   at Microsoft.EntityFrameworkCore.DbContext.SaveChangesAsync(Boolean acceptAllChangesOnSuccess, CancellationToken cancellationToken) Microsoft.EntityFrameworkCore.DbUpdateException: An error occurred while saving the entity changes. See the inner exception for details.
 ---> Npgsql.PostgresException (0x80004005): 42703: column "CancelReason" of relation "Orders" does not exist

POSITION: 29
   at Npgsql.Internal.NpgsqlConnector.ReadMessageLong(Boolean async, DataRowLoadingMode dataRowLoadingMode, Boolean readingNotifications, Boolean isReadingPrependedMessage)
   at System.Runtime.CompilerServices.PoolingAsyncValueTaskMethodBuilder`1.StateMachineBox`1.System.Threading.Tasks.Sources.IValueTaskSource<TResult>.GetResult(Int16 token)
   at Npgsql.NpgsqlDataReader.NextResult(Boolean async, Boolean isConsuming, CancellationToken cancellationToken)
   at Npgsql.NpgsqlDataReader.NextResult(Boolean async, Boolean isConsuming, CancellationToken cancellationToken)
   at Npgsql.NpgsqlCommand.ExecuteReader(Boolean async, CommandBehavior behavior, CancellationToken cancellationToken)
   at Npgsql.NpgsqlCommand.ExecuteReader(Boolean async, CommandBehavior behavior, CancellationToken cancellationToken)
   at Npgsql.NpgsqlCommand.ExecuteDbDataReaderAsync(CommandBehavior behavior, CancellationToken cancellationToken)
   at Microsoft.EntityFrameworkCore.Storage.RelationalCommand.ExecuteReaderAsync(RelationalCommandParameterObject parameterObject, CancellationToken cancellationToken)
   at Microsoft.EntityFrameworkCore.Storage.RelationalCommand.ExecuteReaderAsync(RelationalCommandParameterObject parameterObject, CancellationToken cancellationToken)
   at Microsoft.EntityFrameworkCore.Update.ReaderModificationCommandBatch.ExecuteAsync(IRelationalConnection connection, CancellationToken cancellationToken)
  Exception data:
    Severity: ERROR
    SqlState: 42703
    MessageText: column "CancelReason" of relation "Orders" does not exist
    Position: 29
    File: parse_target.c
    Line: 1066
    Routine: checkInsertTargets
   --- End of inner exception stack trace ---
   at Microsoft.EntityFrameworkCore.Update.ReaderModificationCommandBatch.ExecuteAsync(IRelationalConnection connection, CancellationToken cancellationToken)
   at Microsoft.EntityFrameworkCore.Update.Internal.BatchExecutor.ExecuteAsync(IEnumerable`1 commandBatches, IRelationalConnection connection, CancellationToken cancellationToken)
   at Microsoft.EntityFrameworkCore.Update.Internal.BatchExecutor.ExecuteAsync(IEnumerable`1 commandBatches, IRelationalConnection connection, CancellationToken cancellationToken)
   at Microsoft.EntityFrameworkCore.Update.Internal.BatchExecutor.ExecuteAsync(IEnumerable`1 commandBatches, IRelationalConnection connection, CancellationToken cancellationToken)
   at Microsoft.EntityFrameworkCore.Storage.RelationalDatabase.SaveChangesAsync(IList`1 entries, CancellationToken cancellationToken)
   at Microsoft.EntityFrameworkCore.ChangeTracking.Internal.StateManager.SaveChangesAsync(IList`1 entriesToSave, CancellationToken cancellationToken)
   at Microsoft.EntityFrameworkCore.ChangeTracking.Internal.StateManager.SaveChangesAsync(StateManager stateManager, Boolean acceptAllChangesOnSuccess, CancellationToken cancellationToken)
   at Npgsql.EntityFrameworkCore.PostgreSQL.Storage.Internal.NpgsqlExecutionStrategy.ExecuteAsync[TState,TResult](TState state, Func`4 operation, Func`4 verifySucceeded, CancellationToken cancellationToken)
   at Microsoft.EntityFrameworkCore.DbContext.SaveChangesAsync(Boolean acceptAllChangesOnSuccess, CancellationToken cancellationToken)
2026-05-19 11:39:18.4408 [ERROR] Microsoft.EntityFrameworkCore.Database.Command - Failed executing DbCommand (7ms) [Parameters=[@p0='?' (DbType = Guid), @p1='?' (DbType = Guid), @p2='?', @p3='?' (DbType = DateTime), @p4='?' (DbType = DateTime), @p5='?' (DbType = DateTime), @p6='?' (DbType = DateTime), @p7='?', @p8='?' (DbType = Guid), @p9='?' (DbType = DateTime), @p10='?', @p11='?' (DbType = Decimal), @p12='?' (DbType = DateTime), @p13='?' (DbType = Guid), @p16='?' (DbType = Guid), @p14='?' (DbType = Int32), @p15='?' (DbType = DateTime), @p17='?' (DbType = Guid), @p18='?' (DbType = DateTime), @p19='?' (DbType = Guid), @p20='?' (DbType = Guid), @p21='?' (DbType = Int32), @p22='?' (DbType = Decimal), @p23='?' (DbType = DateTime)], CommandType='Text', CommandTimeout='30']
DELETE FROM "CartItems"
WHERE "Id" = @p0;
INSERT INTO "Orders" ("Id", "CancelReason", "CancelledAt", "ConfirmedAt", "CreatedAt", "DeliveredAt", "Note", "ShippingAddressId", "ShippingAt", "Status", "TotalAmount", "UpdatedAt", "UserId")
VALUES (@p1, @p2, @p3, @p4, @p5, @p6, @p7, @p8, @p9, @p10, @p11, @p12, @p13);
UPDATE "Products" SET "Stock" = @p14, "UpdatedAt" = @p15
WHERE "Id" = @p16;
INSERT INTO "OrderItems" ("Id", "CreatedAt", "OrderId", "ProductId", "Quantity", "UnitPrice", "UpdatedAt")
VALUES (@p17, @p18, @p19, @p20, @p21, @p22, @p23); 
2026-05-19 11:39:18.5122 [ERROR] Microsoft.EntityFrameworkCore.Update - An exception occurred in the database while saving changes for context type 'TapHoa.Persistence.Data.AppDbContext'.
Microsoft.EntityFrameworkCore.DbUpdateException: An error occurred while saving the entity changes. See the inner exception for details.
 ---> Npgsql.PostgresException (0x80004005): 42703: column "CancelReason" of relation "Orders" does not exist

POSITION: 29
   at Npgsql.Internal.NpgsqlConnector.ReadMessageLong(Boolean async, DataRowLoadingMode dataRowLoadingMode, Boolean readingNotifications, Boolean isReadingPrependedMessage)
   at System.Runtime.CompilerServices.PoolingAsyncValueTaskMethodBuilder`1.StateMachineBox`1.System.Threading.Tasks.Sources.IValueTaskSource<TResult>.GetResult(Int16 token)
   at Npgsql.NpgsqlDataReader.NextResult(Boolean async, Boolean isConsuming, CancellationToken cancellationToken)
   at Npgsql.NpgsqlDataReader.NextResult(Boolean async, Boolean isConsuming, CancellationToken cancellationToken)
   at Npgsql.NpgsqlCommand.ExecuteReader(Boolean async, CommandBehavior behavior, CancellationToken cancellationToken)
   at Npgsql.NpgsqlCommand.ExecuteReader(Boolean async, CommandBehavior behavior, CancellationToken cancellationToken)
   at Npgsql.NpgsqlCommand.ExecuteDbDataReaderAsync(CommandBehavior behavior, CancellationToken cancellationToken)
   at Microsoft.EntityFrameworkCore.Storage.RelationalCommand.ExecuteReaderAsync(RelationalCommandParameterObject parameterObject, CancellationToken cancellationToken)
   at Microsoft.EntityFrameworkCore.Storage.RelationalCommand.ExecuteReaderAsync(RelationalCommandParameterObject parameterObject, CancellationToken cancellationToken)
   at Microsoft.EntityFrameworkCore.Update.ReaderModificationCommandBatch.ExecuteAsync(IRelationalConnection connection, CancellationToken cancellationToken)
  Exception data:
    Severity: ERROR
    SqlState: 42703
    MessageText: column "CancelReason" of relation "Orders" does not exist
    Position: 29
    File: parse_target.c
    Line: 1066
    Routine: checkInsertTargets
   --- End of inner exception stack trace ---
   at Microsoft.EntityFrameworkCore.Update.ReaderModificationCommandBatch.ExecuteAsync(IRelationalConnection connection, CancellationToken cancellationToken)
   at Microsoft.EntityFrameworkCore.Update.Internal.BatchExecutor.ExecuteAsync(IEnumerable`1 commandBatches, IRelationalConnection connection, CancellationToken cancellationToken)
   at Microsoft.EntityFrameworkCore.Update.Internal.BatchExecutor.ExecuteAsync(IEnumerable`1 commandBatches, IRelationalConnection connection, CancellationToken cancellationToken)
   at Microsoft.EntityFrameworkCore.Update.Internal.BatchExecutor.ExecuteAsync(IEnumerable`1 commandBatches, IRelationalConnection connection, CancellationToken cancellationToken)
   at Microsoft.EntityFrameworkCore.Storage.RelationalDatabase.SaveChangesAsync(IList`1 entries, CancellationToken cancellationToken)
   at Microsoft.EntityFrameworkCore.ChangeTracking.Internal.StateManager.SaveChangesAsync(IList`1 entriesToSave, CancellationToken cancellationToken)
   at Microsoft.EntityFrameworkCore.ChangeTracking.Internal.StateManager.SaveChangesAsync(StateManager stateManager, Boolean acceptAllChangesOnSuccess, CancellationToken cancellationToken)
   at Npgsql.EntityFrameworkCore.PostgreSQL.Storage.Internal.NpgsqlExecutionStrategy.ExecuteAsync[TState,TResult](TState state, Func`4 operation, Func`4 verifySucceeded, CancellationToken cancellationToken)
   at Microsoft.EntityFrameworkCore.DbContext.SaveChangesAsync(Boolean acceptAllChangesOnSuccess, CancellationToken cancellationToken) Microsoft.EntityFrameworkCore.DbUpdateException: An error occurred while saving the entity changes. See the inner exception for details.
 ---> Npgsql.PostgresException (0x80004005): 42703: column "CancelReason" of relation "Orders" does not exist

POSITION: 29
   at Npgsql.Internal.NpgsqlConnector.ReadMessageLong(Boolean async, DataRowLoadingMode dataRowLoadingMode, Boolean readingNotifications, Boolean isReadingPrependedMessage)
   at System.Runtime.CompilerServices.PoolingAsyncValueTaskMethodBuilder`1.StateMachineBox`1.System.Threading.Tasks.Sources.IValueTaskSource<TResult>.GetResult(Int16 token)
   at Npgsql.NpgsqlDataReader.NextResult(Boolean async, Boolean isConsuming, CancellationToken cancellationToken)
   at Npgsql.NpgsqlDataReader.NextResult(Boolean async, Boolean isConsuming, CancellationToken cancellationToken)
   at Npgsql.NpgsqlCommand.ExecuteReader(Boolean async, CommandBehavior behavior, CancellationToken cancellationToken)
   at Npgsql.NpgsqlCommand.ExecuteReader(Boolean async, CommandBehavior behavior, CancellationToken cancellationToken)
   at Npgsql.NpgsqlCommand.ExecuteDbDataReaderAsync(CommandBehavior behavior, CancellationToken cancellationToken)
   at Microsoft.EntityFrameworkCore.Storage.RelationalCommand.ExecuteReaderAsync(RelationalCommandParameterObject parameterObject, CancellationToken cancellationToken)
   at Microsoft.EntityFrameworkCore.Storage.RelationalCommand.ExecuteReaderAsync(RelationalCommandParameterObject parameterObject, CancellationToken cancellationToken)
   at Microsoft.EntityFrameworkCore.Update.ReaderModificationCommandBatch.ExecuteAsync(IRelationalConnection connection, CancellationToken cancellationToken)
  Exception data:
    Severity: ERROR
    SqlState: 42703
    MessageText: column "CancelReason" of relation "Orders" does not exist
    Position: 29
    File: parse_target.c
    Line: 1066
    Routine: checkInsertTargets
   --- End of inner exception stack trace ---
   at Microsoft.EntityFrameworkCore.Update.ReaderModificationCommandBatch.ExecuteAsync(IRelationalConnection connection, CancellationToken cancellationToken)
   at Microsoft.EntityFrameworkCore.Update.Internal.BatchExecutor.ExecuteAsync(IEnumerable`1 commandBatches, IRelationalConnection connection, CancellationToken cancellationToken)
   at Microsoft.EntityFrameworkCore.Update.Internal.BatchExecutor.ExecuteAsync(IEnumerable`1 commandBatches, IRelationalConnection connection, CancellationToken cancellationToken)
   at Microsoft.EntityFrameworkCore.Update.Internal.BatchExecutor.ExecuteAsync(IEnumerable`1 commandBatches, IRelationalConnection connection, CancellationToken cancellationToken)
   at Microsoft.EntityFrameworkCore.Storage.RelationalDatabase.SaveChangesAsync(IList`1 entries, CancellationToken cancellationToken)
   at Microsoft.EntityFrameworkCore.ChangeTracking.Internal.StateManager.SaveChangesAsync(IList`1 entriesToSave, CancellationToken cancellationToken)
   at Microsoft.EntityFrameworkCore.ChangeTracking.Internal.StateManager.SaveChangesAsync(StateManager stateManager, Boolean acceptAllChangesOnSuccess, CancellationToken cancellationToken)
   at Npgsql.EntityFrameworkCore.PostgreSQL.Storage.Internal.NpgsqlExecutionStrategy.ExecuteAsync[TState,TResult](TState state, Func`4 operation, Func`4 verifySucceeded, CancellationToken cancellationToken)
   at Microsoft.EntityFrameworkCore.DbContext.SaveChangesAsync(Boolean acceptAllChangesOnSuccess, CancellationToken cancellationToken)
2026-05-19 11:45:13.3095 [INFO] TapHoa.Api.Program - Starting TapHoa API 
2026-05-19 11:45:27.8948 [WARN] LuckyPennySoftware.MediatR.License - You do not have a valid license key for the Lucky Penny software MediatR. This is allowed for development and testing scenarios. If you are running in production you are required to have a licensed version. Please visit https://luckypennysoftware.com to obtain a valid license. 
2026-05-19 11:45:27.8948 [WARN] LuckyPennySoftware.MediatR.License - You do not have a valid license key for the Lucky Penny software MediatR. This is allowed for development and testing scenarios. If you are running in production you are required to have a licensed version. Please visit https://luckypennysoftware.com to obtain a valid license. 
2026-05-19 11:45:33.6069 [ERROR] Microsoft.EntityFrameworkCore.Database.Command - Failed executing DbCommand (14ms) [Parameters=[@p0='?' (DbType = Guid), @p1='?' (DbType = Guid), @p2='?', @p3='?' (DbType = DateTime), @p4='?' (DbType = DateTime), @p5='?' (DbType = DateTime), @p6='?' (DbType = DateTime), @p7='?', @p8='?' (DbType = Guid), @p9='?' (DbType = DateTime), @p10='?', @p11='?' (DbType = Decimal), @p12='?' (DbType = DateTime), @p13='?' (DbType = Guid), @p16='?' (DbType = Guid), @p14='?' (DbType = Int32), @p15='?' (DbType = DateTime), @p17='?' (DbType = Guid), @p18='?' (DbType = DateTime), @p19='?' (DbType = Guid), @p20='?' (DbType = Guid), @p21='?' (DbType = Int32), @p22='?' (DbType = Decimal), @p23='?' (DbType = DateTime)], CommandType='Text', CommandTimeout='30']
DELETE FROM "CartItems"
WHERE "Id" = @p0;
INSERT INTO "Orders" ("Id", "CancelReason", "CancelledAt", "ConfirmedAt", "CreatedAt", "DeliveredAt", "Note", "ShippingAddressId", "ShippingAt", "Status", "TotalAmount", "UpdatedAt", "UserId")
VALUES (@p1, @p2, @p3, @p4, @p5, @p6, @p7, @p8, @p9, @p10, @p11, @p12, @p13);
UPDATE "Products" SET "Stock" = @p14, "UpdatedAt" = @p15
WHERE "Id" = @p16;
INSERT INTO "OrderItems" ("Id", "CreatedAt", "OrderId", "ProductId", "Quantity", "UnitPrice", "UpdatedAt")
VALUES (@p17, @p18, @p19, @p20, @p21, @p22, @p23); 
2026-05-19 11:45:33.6560 [ERROR] Microsoft.EntityFrameworkCore.Update - An exception occurred in the database while saving changes for context type 'TapHoa.Persistence.Data.AppDbContext'.
Microsoft.EntityFrameworkCore.DbUpdateException: An error occurred while saving the entity changes. See the inner exception for details.
 ---> Npgsql.PostgresException (0x80004005): 42703: column "CancelReason" of relation "Orders" does not exist

POSITION: 29
   at Npgsql.Internal.NpgsqlConnector.ReadMessageLong(Boolean async, DataRowLoadingMode dataRowLoadingMode, Boolean readingNotifications, Boolean isReadingPrependedMessage)
   at System.Runtime.CompilerServices.PoolingAsyncValueTaskMethodBuilder`1.StateMachineBox`1.System.Threading.Tasks.Sources.IValueTaskSource<TResult>.GetResult(Int16 token)
   at Npgsql.NpgsqlDataReader.NextResult(Boolean async, Boolean isConsuming, CancellationToken cancellationToken)
   at Npgsql.NpgsqlDataReader.NextResult(Boolean async, Boolean isConsuming, CancellationToken cancellationToken)
   at Npgsql.NpgsqlCommand.ExecuteReader(Boolean async, CommandBehavior behavior, CancellationToken cancellationToken)
   at Npgsql.NpgsqlCommand.ExecuteReader(Boolean async, CommandBehavior behavior, CancellationToken cancellationToken)
   at Npgsql.NpgsqlCommand.ExecuteDbDataReaderAsync(CommandBehavior behavior, CancellationToken cancellationToken)
   at Microsoft.EntityFrameworkCore.Storage.RelationalCommand.ExecuteReaderAsync(RelationalCommandParameterObject parameterObject, CancellationToken cancellationToken)
   at Microsoft.EntityFrameworkCore.Storage.RelationalCommand.ExecuteReaderAsync(RelationalCommandParameterObject parameterObject, CancellationToken cancellationToken)
   at Microsoft.EntityFrameworkCore.Update.ReaderModificationCommandBatch.ExecuteAsync(IRelationalConnection connection, CancellationToken cancellationToken)
  Exception data:
    Severity: ERROR
    SqlState: 42703
    MessageText: column "CancelReason" of relation "Orders" does not exist
    Position: 29
    File: parse_target.c
    Line: 1066
    Routine: checkInsertTargets
   --- End of inner exception stack trace ---
   at Microsoft.EntityFrameworkCore.Update.ReaderModificationCommandBatch.ExecuteAsync(IRelationalConnection connection, CancellationToken cancellationToken)
   at Microsoft.EntityFrameworkCore.Update.Internal.BatchExecutor.ExecuteAsync(IEnumerable`1 commandBatches, IRelationalConnection connection, CancellationToken cancellationToken)
   at Microsoft.EntityFrameworkCore.Update.Internal.BatchExecutor.ExecuteAsync(IEnumerable`1 commandBatches, IRelationalConnection connection, CancellationToken cancellationToken)
   at Microsoft.EntityFrameworkCore.Update.Internal.BatchExecutor.ExecuteAsync(IEnumerable`1 commandBatches, IRelationalConnection connection, CancellationToken cancellationToken)
   at Microsoft.EntityFrameworkCore.Storage.RelationalDatabase.SaveChangesAsync(IList`1 entries, CancellationToken cancellationToken)
   at Microsoft.EntityFrameworkCore.ChangeTracking.Internal.StateManager.SaveChangesAsync(IList`1 entriesToSave, CancellationToken cancellationToken)
   at Microsoft.EntityFrameworkCore.ChangeTracking.Internal.StateManager.SaveChangesAsync(StateManager stateManager, Boolean acceptAllChangesOnSuccess, CancellationToken cancellationToken)
   at Npgsql.EntityFrameworkCore.PostgreSQL.Storage.Internal.NpgsqlExecutionStrategy.ExecuteAsync[TState,TResult](TState state, Func`4 operation, Func`4 verifySucceeded, CancellationToken cancellationToken)
   at Microsoft.EntityFrameworkCore.DbContext.SaveChangesAsync(Boolean acceptAllChangesOnSuccess, CancellationToken cancellationToken) Microsoft.EntityFrameworkCore.DbUpdateException: An error occurred while saving the entity changes. See the inner exception for details.
 ---> Npgsql.PostgresException (0x80004005): 42703: column "CancelReason" of relation "Orders" does not exist

POSITION: 29
   at Npgsql.Internal.NpgsqlConnector.ReadMessageLong(Boolean async, DataRowLoadingMode dataRowLoadingMode, Boolean readingNotifications, Boolean isReadingPrependedMessage)
   at System.Runtime.CompilerServices.PoolingAsyncValueTaskMethodBuilder`1.StateMachineBox`1.System.Threading.Tasks.Sources.IValueTaskSource<TResult>.GetResult(Int16 token)
   at Npgsql.NpgsqlDataReader.NextResult(Boolean async, Boolean isConsuming, CancellationToken cancellationToken)
   at Npgsql.NpgsqlDataReader.NextResult(Boolean async, Boolean isConsuming, CancellationToken cancellationToken)
   at Npgsql.NpgsqlCommand.ExecuteReader(Boolean async, CommandBehavior behavior, CancellationToken cancellationToken)
   at Npgsql.NpgsqlCommand.ExecuteReader(Boolean async, CommandBehavior behavior, CancellationToken cancellationToken)
   at Npgsql.NpgsqlCommand.ExecuteDbDataReaderAsync(CommandBehavior behavior, CancellationToken cancellationToken)
   at Microsoft.EntityFrameworkCore.Storage.RelationalCommand.ExecuteReaderAsync(RelationalCommandParameterObject parameterObject, CancellationToken cancellationToken)
   at Microsoft.EntityFrameworkCore.Storage.RelationalCommand.ExecuteReaderAsync(RelationalCommandParameterObject parameterObject, CancellationToken cancellationToken)
   at Microsoft.EntityFrameworkCore.Update.ReaderModificationCommandBatch.ExecuteAsync(IRelationalConnection connection, CancellationToken cancellationToken)
  Exception data:
    Severity: ERROR
    SqlState: 42703
    MessageText: column "CancelReason" of relation "Orders" does not exist
    Position: 29
    File: parse_target.c
    Line: 1066
    Routine: checkInsertTargets
   --- End of inner exception stack trace ---
   at Microsoft.EntityFrameworkCore.Update.ReaderModificationCommandBatch.ExecuteAsync(IRelationalConnection connection, CancellationToken cancellationToken)
   at Microsoft.EntityFrameworkCore.Update.Internal.BatchExecutor.ExecuteAsync(IEnumerable`1 commandBatches, IRelationalConnection connection, CancellationToken cancellationToken)
   at Microsoft.EntityFrameworkCore.Update.Internal.BatchExecutor.ExecuteAsync(IEnumerable`1 commandBatches, IRelationalConnection connection, CancellationToken cancellationToken)
   at Microsoft.EntityFrameworkCore.Update.Internal.BatchExecutor.ExecuteAsync(IEnumerable`1 commandBatches, IRelationalConnection connection, CancellationToken cancellationToken)
   at Microsoft.EntityFrameworkCore.Storage.RelationalDatabase.SaveChangesAsync(IList`1 entries, CancellationToken cancellationToken)
   at Microsoft.EntityFrameworkCore.ChangeTracking.Internal.StateManager.SaveChangesAsync(IList`1 entriesToSave, CancellationToken cancellationToken)
   at Microsoft.EntityFrameworkCore.ChangeTracking.Internal.StateManager.SaveChangesAsync(StateManager stateManager, Boolean acceptAllChangesOnSuccess, CancellationToken cancellationToken)
   at Npgsql.EntityFrameworkCore.PostgreSQL.Storage.Internal.NpgsqlExecutionStrategy.ExecuteAsync[TState,TResult](TState state, Func`4 operation, Func`4 verifySucceeded, CancellationToken cancellationToken)
   at Microsoft.EntityFrameworkCore.DbContext.SaveChangesAsync(Boolean acceptAllChangesOnSuccess, CancellationToken cancellationToken)
2026-05-19 11:45:33.6662 [ERROR] TapHoa.Api.Middleware.ExceptionHandlingMiddleware - Unhandled exception for POST /api/v1/orders Microsoft.EntityFrameworkCore.DbUpdateException: An error occurred while saving the entity changes. See the inner exception for details.
 ---> Npgsql.PostgresException (0x80004005): 42703: column "CancelReason" of relation "Orders" does not exist

POSITION: 29
   at Npgsql.Internal.NpgsqlConnector.ReadMessageLong(Boolean async, DataRowLoadingMode dataRowLoadingMode, Boolean readingNotifications, Boolean isReadingPrependedMessage)
   at System.Runtime.CompilerServices.PoolingAsyncValueTaskMethodBuilder`1.StateMachineBox`1.System.Threading.Tasks.Sources.IValueTaskSource<TResult>.GetResult(Int16 token)
   at Npgsql.NpgsqlDataReader.NextResult(Boolean async, Boolean isConsuming, CancellationToken cancellationToken)
   at Npgsql.NpgsqlDataReader.NextResult(Boolean async, Boolean isConsuming, CancellationToken cancellationToken)
   at Npgsql.NpgsqlCommand.ExecuteReader(Boolean async, CommandBehavior behavior, CancellationToken cancellationToken)
   at Npgsql.NpgsqlCommand.ExecuteReader(Boolean async, CommandBehavior behavior, CancellationToken cancellationToken)
   at Npgsql.NpgsqlCommand.ExecuteDbDataReaderAsync(CommandBehavior behavior, CancellationToken cancellationToken)
   at Microsoft.EntityFrameworkCore.Storage.RelationalCommand.ExecuteReaderAsync(RelationalCommandParameterObject parameterObject, CancellationToken cancellationToken)
   at Microsoft.EntityFrameworkCore.Storage.RelationalCommand.ExecuteReaderAsync(RelationalCommandParameterObject parameterObject, CancellationToken cancellationToken)
   at Microsoft.EntityFrameworkCore.Update.ReaderModificationCommandBatch.ExecuteAsync(IRelationalConnection connection, CancellationToken cancellationToken)
  Exception data:
    Severity: ERROR
    SqlState: 42703
    MessageText: column "CancelReason" of relation "Orders" does not exist
    Position: 29
    File: parse_target.c
    Line: 1066
    Routine: checkInsertTargets
   --- End of inner exception stack trace ---
   at Microsoft.EntityFrameworkCore.Update.ReaderModificationCommandBatch.ExecuteAsync(IRelationalConnection connection, CancellationToken cancellationToken)
   at Microsoft.EntityFrameworkCore.Update.Internal.BatchExecutor.ExecuteAsync(IEnumerable`1 commandBatches, IRelationalConnection connection, CancellationToken cancellationToken)
   at Microsoft.EntityFrameworkCore.Update.Internal.BatchExecutor.ExecuteAsync(IEnumerable`1 commandBatches, IRelationalConnection connection, CancellationToken cancellationToken)
   at Microsoft.EntityFrameworkCore.Update.Internal.BatchExecutor.ExecuteAsync(IEnumerable`1 commandBatches, IRelationalConnection connection, CancellationToken cancellationToken)
   at Microsoft.EntityFrameworkCore.Storage.RelationalDatabase.SaveChangesAsync(IList`1 entries, CancellationToken cancellationToken)
   at Microsoft.EntityFrameworkCore.ChangeTracking.Internal.StateManager.SaveChangesAsync(IList`1 entriesToSave, CancellationToken cancellationToken)
   at Microsoft.EntityFrameworkCore.ChangeTracking.Internal.StateManager.SaveChangesAsync(StateManager stateManager, Boolean acceptAllChangesOnSuccess, CancellationToken cancellationToken)
   at Npgsql.EntityFrameworkCore.PostgreSQL.Storage.Internal.NpgsqlExecutionStrategy.ExecuteAsync[TState,TResult](TState state, Func`4 operation, Func`4 verifySucceeded, CancellationToken cancellationToken)
   at Microsoft.EntityFrameworkCore.DbContext.SaveChangesAsync(Boolean acceptAllChangesOnSuccess, CancellationToken cancellationToken)
   at Microsoft.EntityFrameworkCore.DbContext.SaveChangesAsync(Boolean acceptAllChangesOnSuccess, CancellationToken cancellationToken)
   at TapHoa.Persistence.Repositories.Repository`1.SaveChangesAsync() in C:\code\dotnet\TapHoa2\src\Infrastructure\TapHoa.Persistence\Repositories\Repository.cs:line 23
   at TapHoa.Application.Orders.V1.CreateOrder.CreateOrderCommandHandler.Handle(CreateOrderCommand request, CancellationToken cancellationToken) in C:\code\dotnet\TapHoa2\src\Core\TapHoa.Application\Orders\V1\CreateOrder\CreateOrderCommandHandler.cs:line 68
   at TapHoa.Application.Common.ValidationBehavior`2.Handle(TRequest request, RequestHandlerDelegate`1 next, CancellationToken cancellationToken) in C:\code\dotnet\TapHoa2\src\Core\TapHoa.Application\Common\ValidationBehavior.cs:line 29
   at TapHoa.Api.Endpoints.V1.Orders.OrderEndpoints.<>c.<<MapOrderEndpoints>b__0_3>d.MoveNext() in C:\code\dotnet\TapHoa2\src\Presentation\TapHoa.Api\Endpoints\V1\Orders\OrderEndpoints.cs:line 35
--- End of stack trace from previous location ---
   at Microsoft.AspNetCore.Http.RequestDelegateFactory.ExecuteTaskResult[T](Task`1 task, HttpContext httpContext)
   at Microsoft.AspNetCore.Http.RequestDelegateFactory.<>c__DisplayClass102_2.<<HandleRequestBodyAndCompileRequestDelegateForJson>b__2>d.MoveNext()
--- End of stack trace from previous location ---
   at Microsoft.AspNetCore.Authorization.AuthorizationMiddleware.Invoke(HttpContext context)
   at Microsoft.AspNetCore.Authentication.AuthenticationMiddleware.Invoke(HttpContext context)
   at TapHoa.Api.Middleware.ExceptionHandlingMiddleware.InvokeAsync(HttpContext context) in C:\code\dotnet\TapHoa2\src\Presentation\TapHoa.Api\Middleware\ExceptionHandlingMiddleware.cs:line 12
2026-05-19 11:45:34.5893 [ERROR] Microsoft.EntityFrameworkCore.Database.Command - Failed executing DbCommand (2ms) [Parameters=[@p0='?' (DbType = Guid), @p1='?' (DbType = Guid), @p2='?', @p3='?' (DbType = DateTime), @p4='?' (DbType = DateTime), @p5='?' (DbType = DateTime), @p6='?' (DbType = DateTime), @p7='?', @p8='?' (DbType = Guid), @p9='?' (DbType = DateTime), @p10='?', @p11='?' (DbType = Decimal), @p12='?' (DbType = DateTime), @p13='?' (DbType = Guid), @p16='?' (DbType = Guid), @p14='?' (DbType = Int32), @p15='?' (DbType = DateTime), @p17='?' (DbType = Guid), @p18='?' (DbType = DateTime), @p19='?' (DbType = Guid), @p20='?' (DbType = Guid), @p21='?' (DbType = Int32), @p22='?' (DbType = Decimal), @p23='?' (DbType = DateTime)], CommandType='Text', CommandTimeout='30']
DELETE FROM "CartItems"
WHERE "Id" = @p0;
INSERT INTO "Orders" ("Id", "CancelReason", "CancelledAt", "ConfirmedAt", "CreatedAt", "DeliveredAt", "Note", "ShippingAddressId", "ShippingAt", "Status", "TotalAmount", "UpdatedAt", "UserId")
VALUES (@p1, @p2, @p3, @p4, @p5, @p6, @p7, @p8, @p9, @p10, @p11, @p12, @p13);
UPDATE "Products" SET "Stock" = @p14, "UpdatedAt" = @p15
WHERE "Id" = @p16;
INSERT INTO "OrderItems" ("Id", "CreatedAt", "OrderId", "ProductId", "Quantity", "UnitPrice", "UpdatedAt")
VALUES (@p17, @p18, @p19, @p20, @p21, @p22, @p23); 
2026-05-19 11:45:34.5893 [ERROR] Microsoft.EntityFrameworkCore.Update - An exception occurred in the database while saving changes for context type 'TapHoa.Persistence.Data.AppDbContext'.
Microsoft.EntityFrameworkCore.DbUpdateException: An error occurred while saving the entity changes. See the inner exception for details.
 ---> Npgsql.PostgresException (0x80004005): 42703: column "CancelReason" of relation "Orders" does not exist

POSITION: 29
   at Npgsql.Internal.NpgsqlConnector.ReadMessageLong(Boolean async, DataRowLoadingMode dataRowLoadingMode, Boolean readingNotifications, Boolean isReadingPrependedMessage)
   at System.Runtime.CompilerServices.PoolingAsyncValueTaskMethodBuilder`1.StateMachineBox`1.System.Threading.Tasks.Sources.IValueTaskSource<TResult>.GetResult(Int16 token)
   at Npgsql.NpgsqlDataReader.NextResult(Boolean async, Boolean isConsuming, CancellationToken cancellationToken)
   at Npgsql.NpgsqlDataReader.NextResult(Boolean async, Boolean isConsuming, CancellationToken cancellationToken)
   at Npgsql.NpgsqlCommand.ExecuteReader(Boolean async, CommandBehavior behavior, CancellationToken cancellationToken)
   at Npgsql.NpgsqlCommand.ExecuteReader(Boolean async, CommandBehavior behavior, CancellationToken cancellationToken)
   at Npgsql.NpgsqlCommand.ExecuteDbDataReaderAsync(CommandBehavior behavior, CancellationToken cancellationToken)
   at Microsoft.EntityFrameworkCore.Storage.RelationalCommand.ExecuteReaderAsync(RelationalCommandParameterObject parameterObject, CancellationToken cancellationToken)
   at Microsoft.EntityFrameworkCore.Storage.RelationalCommand.ExecuteReaderAsync(RelationalCommandParameterObject parameterObject, CancellationToken cancellationToken)
   at Microsoft.EntityFrameworkCore.Update.ReaderModificationCommandBatch.ExecuteAsync(IRelationalConnection connection, CancellationToken cancellationToken)
  Exception data:
    Severity: ERROR
    SqlState: 42703
    MessageText: column "CancelReason" of relation "Orders" does not exist
    Position: 29
    File: parse_target.c
    Line: 1066
    Routine: checkInsertTargets
   --- End of inner exception stack trace ---
   at Microsoft.EntityFrameworkCore.Update.ReaderModificationCommandBatch.ExecuteAsync(IRelationalConnection connection, CancellationToken cancellationToken)
   at Microsoft.EntityFrameworkCore.Update.Internal.BatchExecutor.ExecuteAsync(IEnumerable`1 commandBatches, IRelationalConnection connection, CancellationToken cancellationToken)
   at Microsoft.EntityFrameworkCore.Update.Internal.BatchExecutor.ExecuteAsync(IEnumerable`1 commandBatches, IRelationalConnection connection, CancellationToken cancellationToken)
   at Microsoft.EntityFrameworkCore.Update.Internal.BatchExecutor.ExecuteAsync(IEnumerable`1 commandBatches, IRelationalConnection connection, CancellationToken cancellationToken)
   at Microsoft.EntityFrameworkCore.Storage.RelationalDatabase.SaveChangesAsync(IList`1 entries, CancellationToken cancellationToken)
   at Microsoft.EntityFrameworkCore.ChangeTracking.Internal.StateManager.SaveChangesAsync(IList`1 entriesToSave, CancellationToken cancellationToken)
   at Microsoft.EntityFrameworkCore.ChangeTracking.Internal.StateManager.SaveChangesAsync(StateManager stateManager, Boolean acceptAllChangesOnSuccess, CancellationToken cancellationToken)
   at Npgsql.EntityFrameworkCore.PostgreSQL.Storage.Internal.NpgsqlExecutionStrategy.ExecuteAsync[TState,TResult](TState state, Func`4 operation, Func`4 verifySucceeded, CancellationToken cancellationToken)
   at Microsoft.EntityFrameworkCore.DbContext.SaveChangesAsync(Boolean acceptAllChangesOnSuccess, CancellationToken cancellationToken) Microsoft.EntityFrameworkCore.DbUpdateException: An error occurred while saving the entity changes. See the inner exception for details.
 ---> Npgsql.PostgresException (0x80004005): 42703: column "CancelReason" of relation "Orders" does not exist

POSITION: 29
   at Npgsql.Internal.NpgsqlConnector.ReadMessageLong(Boolean async, DataRowLoadingMode dataRowLoadingMode, Boolean readingNotifications, Boolean isReadingPrependedMessage)
   at System.Runtime.CompilerServices.PoolingAsyncValueTaskMethodBuilder`1.StateMachineBox`1.System.Threading.Tasks.Sources.IValueTaskSource<TResult>.GetResult(Int16 token)
   at Npgsql.NpgsqlDataReader.NextResult(Boolean async, Boolean isConsuming, CancellationToken cancellationToken)
   at Npgsql.NpgsqlDataReader.NextResult(Boolean async, Boolean isConsuming, CancellationToken cancellationToken)
   at Npgsql.NpgsqlCommand.ExecuteReader(Boolean async, CommandBehavior behavior, CancellationToken cancellationToken)
   at Npgsql.NpgsqlCommand.ExecuteReader(Boolean async, CommandBehavior behavior, CancellationToken cancellationToken)
   at Npgsql.NpgsqlCommand.ExecuteDbDataReaderAsync(CommandBehavior behavior, CancellationToken cancellationToken)
   at Microsoft.EntityFrameworkCore.Storage.RelationalCommand.ExecuteReaderAsync(RelationalCommandParameterObject parameterObject, CancellationToken cancellationToken)
   at Microsoft.EntityFrameworkCore.Storage.RelationalCommand.ExecuteReaderAsync(RelationalCommandParameterObject parameterObject, CancellationToken cancellationToken)
   at Microsoft.EntityFrameworkCore.Update.ReaderModificationCommandBatch.ExecuteAsync(IRelationalConnection connection, CancellationToken cancellationToken)
  Exception data:
    Severity: ERROR
    SqlState: 42703
    MessageText: column "CancelReason" of relation "Orders" does not exist
    Position: 29
    File: parse_target.c
    Line: 1066
    Routine: checkInsertTargets
   --- End of inner exception stack trace ---
   at Microsoft.EntityFrameworkCore.Update.ReaderModificationCommandBatch.ExecuteAsync(IRelationalConnection connection, CancellationToken cancellationToken)
   at Microsoft.EntityFrameworkCore.Update.Internal.BatchExecutor.ExecuteAsync(IEnumerable`1 commandBatches, IRelationalConnection connection, CancellationToken cancellationToken)
   at Microsoft.EntityFrameworkCore.Update.Internal.BatchExecutor.ExecuteAsync(IEnumerable`1 commandBatches, IRelationalConnection connection, CancellationToken cancellationToken)
   at Microsoft.EntityFrameworkCore.Update.Internal.BatchExecutor.ExecuteAsync(IEnumerable`1 commandBatches, IRelationalConnection connection, CancellationToken cancellationToken)
   at Microsoft.EntityFrameworkCore.Storage.RelationalDatabase.SaveChangesAsync(IList`1 entries, CancellationToken cancellationToken)
   at Microsoft.EntityFrameworkCore.ChangeTracking.Internal.StateManager.SaveChangesAsync(IList`1 entriesToSave, CancellationToken cancellationToken)
   at Microsoft.EntityFrameworkCore.ChangeTracking.Internal.StateManager.SaveChangesAsync(StateManager stateManager, Boolean acceptAllChangesOnSuccess, CancellationToken cancellationToken)
   at Npgsql.EntityFrameworkCore.PostgreSQL.Storage.Internal.NpgsqlExecutionStrategy.ExecuteAsync[TState,TResult](TState state, Func`4 operation, Func`4 verifySucceeded, CancellationToken cancellationToken)
   at Microsoft.EntityFrameworkCore.DbContext.SaveChangesAsync(Boolean acceptAllChangesOnSuccess, CancellationToken cancellationToken)
2026-05-19 11:45:34.5893 [ERROR] TapHoa.Api.Middleware.ExceptionHandlingMiddleware - Unhandled exception for POST /api/v1/orders Microsoft.EntityFrameworkCore.DbUpdateException: An error occurred while saving the entity changes. See the inner exception for details.
 ---> Npgsql.PostgresException (0x80004005): 42703: column "CancelReason" of relation "Orders" does not exist

POSITION: 29
   at Npgsql.Internal.NpgsqlConnector.ReadMessageLong(Boolean async, DataRowLoadingMode dataRowLoadingMode, Boolean readingNotifications, Boolean isReadingPrependedMessage)
   at System.Runtime.CompilerServices.PoolingAsyncValueTaskMethodBuilder`1.StateMachineBox`1.System.Threading.Tasks.Sources.IValueTaskSource<TResult>.GetResult(Int16 token)
   at Npgsql.NpgsqlDataReader.NextResult(Boolean async, Boolean isConsuming, CancellationToken cancellationToken)
   at Npgsql.NpgsqlDataReader.NextResult(Boolean async, Boolean isConsuming, CancellationToken cancellationToken)
   at Npgsql.NpgsqlCommand.ExecuteReader(Boolean async, CommandBehavior behavior, CancellationToken cancellationToken)
   at Npgsql.NpgsqlCommand.ExecuteReader(Boolean async, CommandBehavior behavior, CancellationToken cancellationToken)
   at Npgsql.NpgsqlCommand.ExecuteDbDataReaderAsync(CommandBehavior behavior, CancellationToken cancellationToken)
   at Microsoft.EntityFrameworkCore.Storage.RelationalCommand.ExecuteReaderAsync(RelationalCommandParameterObject parameterObject, CancellationToken cancellationToken)
   at Microsoft.EntityFrameworkCore.Storage.RelationalCommand.ExecuteReaderAsync(RelationalCommandParameterObject parameterObject, CancellationToken cancellationToken)
   at Microsoft.EntityFrameworkCore.Update.ReaderModificationCommandBatch.ExecuteAsync(IRelationalConnection connection, CancellationToken cancellationToken)
  Exception data:
    Severity: ERROR
    SqlState: 42703
    MessageText: column "CancelReason" of relation "Orders" does not exist
    Position: 29
    File: parse_target.c
    Line: 1066
    Routine: checkInsertTargets
   --- End of inner exception stack trace ---
   at Microsoft.EntityFrameworkCore.Update.ReaderModificationCommandBatch.ExecuteAsync(IRelationalConnection connection, CancellationToken cancellationToken)
   at Microsoft.EntityFrameworkCore.Update.Internal.BatchExecutor.ExecuteAsync(IEnumerable`1 commandBatches, IRelationalConnection connection, CancellationToken cancellationToken)
   at Microsoft.EntityFrameworkCore.Update.Internal.BatchExecutor.ExecuteAsync(IEnumerable`1 commandBatches, IRelationalConnection connection, CancellationToken cancellationToken)
   at Microsoft.EntityFrameworkCore.Update.Internal.BatchExecutor.ExecuteAsync(IEnumerable`1 commandBatches, IRelationalConnection connection, CancellationToken cancellationToken)
   at Microsoft.EntityFrameworkCore.Storage.RelationalDatabase.SaveChangesAsync(IList`1 entries, CancellationToken cancellationToken)
   at Microsoft.EntityFrameworkCore.ChangeTracking.Internal.StateManager.SaveChangesAsync(IList`1 entriesToSave, CancellationToken cancellationToken)
   at Microsoft.EntityFrameworkCore.ChangeTracking.Internal.StateManager.SaveChangesAsync(StateManager stateManager, Boolean acceptAllChangesOnSuccess, CancellationToken cancellationToken)
   at Npgsql.EntityFrameworkCore.PostgreSQL.Storage.Internal.NpgsqlExecutionStrategy.ExecuteAsync[TState,TResult](TState state, Func`4 operation, Func`4 verifySucceeded, CancellationToken cancellationToken)
   at Microsoft.EntityFrameworkCore.DbContext.SaveChangesAsync(Boolean acceptAllChangesOnSuccess, CancellationToken cancellationToken)
   at Microsoft.EntityFrameworkCore.DbContext.SaveChangesAsync(Boolean acceptAllChangesOnSuccess, CancellationToken cancellationToken)
   at TapHoa.Persistence.Repositories.Repository`1.SaveChangesAsync() in C:\code\dotnet\TapHoa2\src\Infrastructure\TapHoa.Persistence\Repositories\Repository.cs:line 23
   at TapHoa.Application.Orders.V1.CreateOrder.CreateOrderCommandHandler.Handle(CreateOrderCommand request, CancellationToken cancellationToken) in C:\code\dotnet\TapHoa2\src\Core\TapHoa.Application\Orders\V1\CreateOrder\CreateOrderCommandHandler.cs:line 68
   at TapHoa.Application.Common.ValidationBehavior`2.Handle(TRequest request, RequestHandlerDelegate`1 next, CancellationToken cancellationToken) in C:\code\dotnet\TapHoa2\src\Core\TapHoa.Application\Common\ValidationBehavior.cs:line 29
   at TapHoa.Api.Endpoints.V1.Orders.OrderEndpoints.<>c.<<MapOrderEndpoints>b__0_3>d.MoveNext() in C:\code\dotnet\TapHoa2\src\Presentation\TapHoa.Api\Endpoints\V1\Orders\OrderEndpoints.cs:line 35
--- End of stack trace from previous location ---
   at Microsoft.AspNetCore.Http.RequestDelegateFactory.ExecuteTaskResult[T](Task`1 task, HttpContext httpContext)
   at Microsoft.AspNetCore.Http.RequestDelegateFactory.<>c__DisplayClass102_2.<<HandleRequestBodyAndCompileRequestDelegateForJson>b__2>d.MoveNext()
--- End of stack trace from previous location ---
   at Microsoft.AspNetCore.Authorization.AuthorizationMiddleware.Invoke(HttpContext context)
   at Microsoft.AspNetCore.Authentication.AuthenticationMiddleware.Invoke(HttpContext context)
   at TapHoa.Api.Middleware.ExceptionHandlingMiddleware.InvokeAsync(HttpContext context) in C:\code\dotnet\TapHoa2\src\Presentation\TapHoa.Api\Middleware\ExceptionHandlingMiddleware.cs:line 12
2026-05-19 11:45:35.2450 [ERROR] Microsoft.EntityFrameworkCore.Database.Command - Failed executing DbCommand (2ms) [Parameters=[@p0='?' (DbType = Guid), @p1='?' (DbType = Guid), @p2='?', @p3='?' (DbType = DateTime), @p4='?' (DbType = DateTime), @p5='?' (DbType = DateTime), @p6='?' (DbType = DateTime), @p7='?', @p8='?' (DbType = Guid), @p9='?' (DbType = DateTime), @p10='?', @p11='?' (DbType = Decimal), @p12='?' (DbType = DateTime), @p13='?' (DbType = Guid), @p16='?' (DbType = Guid), @p14='?' (DbType = Int32), @p15='?' (DbType = DateTime), @p17='?' (DbType = Guid), @p18='?' (DbType = DateTime), @p19='?' (DbType = Guid), @p20='?' (DbType = Guid), @p21='?' (DbType = Int32), @p22='?' (DbType = Decimal), @p23='?' (DbType = DateTime)], CommandType='Text', CommandTimeout='30']
DELETE FROM "CartItems"
WHERE "Id" = @p0;
INSERT INTO "Orders" ("Id", "CancelReason", "CancelledAt", "ConfirmedAt", "CreatedAt", "DeliveredAt", "Note", "ShippingAddressId", "ShippingAt", "Status", "TotalAmount", "UpdatedAt", "UserId")
VALUES (@p1, @p2, @p3, @p4, @p5, @p6, @p7, @p8, @p9, @p10, @p11, @p12, @p13);
UPDATE "Products" SET "Stock" = @p14, "UpdatedAt" = @p15
WHERE "Id" = @p16;
INSERT INTO "OrderItems" ("Id", "CreatedAt", "OrderId", "ProductId", "Quantity", "UnitPrice", "UpdatedAt")
VALUES (@p17, @p18, @p19, @p20, @p21, @p22, @p23); 
2026-05-19 11:45:35.2450 [ERROR] Microsoft.EntityFrameworkCore.Update - An exception occurred in the database while saving changes for context type 'TapHoa.Persistence.Data.AppDbContext'.
Microsoft.EntityFrameworkCore.DbUpdateException: An error occurred while saving the entity changes. See the inner exception for details.
 ---> Npgsql.PostgresException (0x80004005): 42703: column "CancelReason" of relation "Orders" does not exist

POSITION: 29
   at Npgsql.Internal.NpgsqlConnector.ReadMessageLong(Boolean async, DataRowLoadingMode dataRowLoadingMode, Boolean readingNotifications, Boolean isReadingPrependedMessage)
   at System.Runtime.CompilerServices.PoolingAsyncValueTaskMethodBuilder`1.StateMachineBox`1.System.Threading.Tasks.Sources.IValueTaskSource<TResult>.GetResult(Int16 token)
   at Npgsql.NpgsqlDataReader.NextResult(Boolean async, Boolean isConsuming, CancellationToken cancellationToken)
   at Npgsql.NpgsqlDataReader.NextResult(Boolean async, Boolean isConsuming, CancellationToken cancellationToken)
   at Npgsql.NpgsqlCommand.ExecuteReader(Boolean async, CommandBehavior behavior, CancellationToken cancellationToken)
   at Npgsql.NpgsqlCommand.ExecuteReader(Boolean async, CommandBehavior behavior, CancellationToken cancellationToken)
   at Npgsql.NpgsqlCommand.ExecuteDbDataReaderAsync(CommandBehavior behavior, CancellationToken cancellationToken)
   at Microsoft.EntityFrameworkCore.Storage.RelationalCommand.ExecuteReaderAsync(RelationalCommandParameterObject parameterObject, CancellationToken cancellationToken)
   at Microsoft.EntityFrameworkCore.Storage.RelationalCommand.ExecuteReaderAsync(RelationalCommandParameterObject parameterObject, CancellationToken cancellationToken)
   at Microsoft.EntityFrameworkCore.Update.ReaderModificationCommandBatch.ExecuteAsync(IRelationalConnection connection, CancellationToken cancellationToken)
  Exception data:
    Severity: ERROR
    SqlState: 42703
    MessageText: column "CancelReason" of relation "Orders" does not exist
    Position: 29
    File: parse_target.c
    Line: 1066
    Routine: checkInsertTargets
   --- End of inner exception stack trace ---
   at Microsoft.EntityFrameworkCore.Update.ReaderModificationCommandBatch.ExecuteAsync(IRelationalConnection connection, CancellationToken cancellationToken)
   at Microsoft.EntityFrameworkCore.Update.Internal.BatchExecutor.ExecuteAsync(IEnumerable`1 commandBatches, IRelationalConnection connection, CancellationToken cancellationToken)
   at Microsoft.EntityFrameworkCore.Update.Internal.BatchExecutor.ExecuteAsync(IEnumerable`1 commandBatches, IRelationalConnection connection, CancellationToken cancellationToken)
   at Microsoft.EntityFrameworkCore.Update.Internal.BatchExecutor.ExecuteAsync(IEnumerable`1 commandBatches, IRelationalConnection connection, CancellationToken cancellationToken)
   at Microsoft.EntityFrameworkCore.Storage.RelationalDatabase.SaveChangesAsync(IList`1 entries, CancellationToken cancellationToken)
   at Microsoft.EntityFrameworkCore.ChangeTracking.Internal.StateManager.SaveChangesAsync(IList`1 entriesToSave, CancellationToken cancellationToken)
   at Microsoft.EntityFrameworkCore.ChangeTracking.Internal.StateManager.SaveChangesAsync(StateManager stateManager, Boolean acceptAllChangesOnSuccess, CancellationToken cancellationToken)
   at Npgsql.EntityFrameworkCore.PostgreSQL.Storage.Internal.NpgsqlExecutionStrategy.ExecuteAsync[TState,TResult](TState state, Func`4 operation, Func`4 verifySucceeded, CancellationToken cancellationToken)
   at Microsoft.EntityFrameworkCore.DbContext.SaveChangesAsync(Boolean acceptAllChangesOnSuccess, CancellationToken cancellationToken) Microsoft.EntityFrameworkCore.DbUpdateException: An error occurred while saving the entity changes. See the inner exception for details.
 ---> Npgsql.PostgresException (0x80004005): 42703: column "CancelReason" of relation "Orders" does not exist

POSITION: 29
   at Npgsql.Internal.NpgsqlConnector.ReadMessageLong(Boolean async, DataRowLoadingMode dataRowLoadingMode, Boolean readingNotifications, Boolean isReadingPrependedMessage)
   at System.Runtime.CompilerServices.PoolingAsyncValueTaskMethodBuilder`1.StateMachineBox`1.System.Threading.Tasks.Sources.IValueTaskSource<TResult>.GetResult(Int16 token)
   at Npgsql.NpgsqlDataReader.NextResult(Boolean async, Boolean isConsuming, CancellationToken cancellationToken)
   at Npgsql.NpgsqlDataReader.NextResult(Boolean async, Boolean isConsuming, CancellationToken cancellationToken)
   at Npgsql.NpgsqlCommand.ExecuteReader(Boolean async, CommandBehavior behavior, CancellationToken cancellationToken)
   at Npgsql.NpgsqlCommand.ExecuteReader(Boolean async, CommandBehavior behavior, CancellationToken cancellationToken)
   at Npgsql.NpgsqlCommand.ExecuteDbDataReaderAsync(CommandBehavior behavior, CancellationToken cancellationToken)
   at Microsoft.EntityFrameworkCore.Storage.RelationalCommand.ExecuteReaderAsync(RelationalCommandParameterObject parameterObject, CancellationToken cancellationToken)
   at Microsoft.EntityFrameworkCore.Storage.RelationalCommand.ExecuteReaderAsync(RelationalCommandParameterObject parameterObject, CancellationToken cancellationToken)
   at Microsoft.EntityFrameworkCore.Update.ReaderModificationCommandBatch.ExecuteAsync(IRelationalConnection connection, CancellationToken cancellationToken)
  Exception data:
    Severity: ERROR
    SqlState: 42703
    MessageText: column "CancelReason" of relation "Orders" does not exist
    Position: 29
    File: parse_target.c
    Line: 1066
    Routine: checkInsertTargets
   --- End of inner exception stack trace ---
   at Microsoft.EntityFrameworkCore.Update.ReaderModificationCommandBatch.ExecuteAsync(IRelationalConnection connection, CancellationToken cancellationToken)
   at Microsoft.EntityFrameworkCore.Update.Internal.BatchExecutor.ExecuteAsync(IEnumerable`1 commandBatches, IRelationalConnection connection, CancellationToken cancellationToken)
   at Microsoft.EntityFrameworkCore.Update.Internal.BatchExecutor.ExecuteAsync(IEnumerable`1 commandBatches, IRelationalConnection connection, CancellationToken cancellationToken)
   at Microsoft.EntityFrameworkCore.Update.Internal.BatchExecutor.ExecuteAsync(IEnumerable`1 commandBatches, IRelationalConnection connection, CancellationToken cancellationToken)
   at Microsoft.EntityFrameworkCore.Storage.RelationalDatabase.SaveChangesAsync(IList`1 entries, CancellationToken cancellationToken)
   at Microsoft.EntityFrameworkCore.ChangeTracking.Internal.StateManager.SaveChangesAsync(IList`1 entriesToSave, CancellationToken cancellationToken)
   at Microsoft.EntityFrameworkCore.ChangeTracking.Internal.StateManager.SaveChangesAsync(StateManager stateManager, Boolean acceptAllChangesOnSuccess, CancellationToken cancellationToken)
   at Npgsql.EntityFrameworkCore.PostgreSQL.Storage.Internal.NpgsqlExecutionStrategy.ExecuteAsync[TState,TResult](TState state, Func`4 operation, Func`4 verifySucceeded, CancellationToken cancellationToken)
   at Microsoft.EntityFrameworkCore.DbContext.SaveChangesAsync(Boolean acceptAllChangesOnSuccess, CancellationToken cancellationToken)
2026-05-19 11:45:35.2450 [ERROR] TapHoa.Api.Middleware.ExceptionHandlingMiddleware - Unhandled exception for POST /api/v1/orders Microsoft.EntityFrameworkCore.DbUpdateException: An error occurred while saving the entity changes. See the inner exception for details.
 ---> Npgsql.PostgresException (0x80004005): 42703: column "CancelReason" of relation "Orders" does not exist

POSITION: 29
   at Npgsql.Internal.NpgsqlConnector.ReadMessageLong(Boolean async, DataRowLoadingMode dataRowLoadingMode, Boolean readingNotifications, Boolean isReadingPrependedMessage)
   at System.Runtime.CompilerServices.PoolingAsyncValueTaskMethodBuilder`1.StateMachineBox`1.System.Threading.Tasks.Sources.IValueTaskSource<TResult>.GetResult(Int16 token)
   at Npgsql.NpgsqlDataReader.NextResult(Boolean async, Boolean isConsuming, CancellationToken cancellationToken)
   at Npgsql.NpgsqlDataReader.NextResult(Boolean async, Boolean isConsuming, CancellationToken cancellationToken)
   at Npgsql.NpgsqlCommand.ExecuteReader(Boolean async, CommandBehavior behavior, CancellationToken cancellationToken)
   at Npgsql.NpgsqlCommand.ExecuteReader(Boolean async, CommandBehavior behavior, CancellationToken cancellationToken)
   at Npgsql.NpgsqlCommand.ExecuteDbDataReaderAsync(CommandBehavior behavior, CancellationToken cancellationToken)
   at Microsoft.EntityFrameworkCore.Storage.RelationalCommand.ExecuteReaderAsync(RelationalCommandParameterObject parameterObject, CancellationToken cancellationToken)
   at Microsoft.EntityFrameworkCore.Storage.RelationalCommand.ExecuteReaderAsync(RelationalCommandParameterObject parameterObject, CancellationToken cancellationToken)
   at Microsoft.EntityFrameworkCore.Update.ReaderModificationCommandBatch.ExecuteAsync(IRelationalConnection connection, CancellationToken cancellationToken)
  Exception data:
    Severity: ERROR
    SqlState: 42703
    MessageText: column "CancelReason" of relation "Orders" does not exist
    Position: 29
    File: parse_target.c
    Line: 1066
    Routine: checkInsertTargets
   --- End of inner exception stack trace ---
   at Microsoft.EntityFrameworkCore.Update.ReaderModificationCommandBatch.ExecuteAsync(IRelationalConnection connection, CancellationToken cancellationToken)
   at Microsoft.EntityFrameworkCore.Update.Internal.BatchExecutor.ExecuteAsync(IEnumerable`1 commandBatches, IRelationalConnection connection, CancellationToken cancellationToken)
   at Microsoft.EntityFrameworkCore.Update.Internal.BatchExecutor.ExecuteAsync(IEnumerable`1 commandBatches, IRelationalConnection connection, CancellationToken cancellationToken)
   at Microsoft.EntityFrameworkCore.Update.Internal.BatchExecutor.ExecuteAsync(IEnumerable`1 commandBatches, IRelationalConnection connection, CancellationToken cancellationToken)
   at Microsoft.EntityFrameworkCore.Storage.RelationalDatabase.SaveChangesAsync(IList`1 entries, CancellationToken cancellationToken)
   at Microsoft.EntityFrameworkCore.ChangeTracking.Internal.StateManager.SaveChangesAsync(IList`1 entriesToSave, CancellationToken cancellationToken)
   at Microsoft.EntityFrameworkCore.ChangeTracking.Internal.StateManager.SaveChangesAsync(StateManager stateManager, Boolean acceptAllChangesOnSuccess, CancellationToken cancellationToken)
   at Npgsql.EntityFrameworkCore.PostgreSQL.Storage.Internal.NpgsqlExecutionStrategy.ExecuteAsync[TState,TResult](TState state, Func`4 operation, Func`4 verifySucceeded, CancellationToken cancellationToken)
   at Microsoft.EntityFrameworkCore.DbContext.SaveChangesAsync(Boolean acceptAllChangesOnSuccess, CancellationToken cancellationToken)
   at Microsoft.EntityFrameworkCore.DbContext.SaveChangesAsync(Boolean acceptAllChangesOnSuccess, CancellationToken cancellationToken)
   at TapHoa.Persistence.Repositories.Repository`1.SaveChangesAsync() in C:\code\dotnet\TapHoa2\src\Infrastructure\TapHoa.Persistence\Repositories\Repository.cs:line 23
   at TapHoa.Application.Orders.V1.CreateOrder.CreateOrderCommandHandler.Handle(CreateOrderCommand request, CancellationToken cancellationToken) in C:\code\dotnet\TapHoa2\src\Core\TapHoa.Application\Orders\V1\CreateOrder\CreateOrderCommandHandler.cs:line 68
   at TapHoa.Application.Common.ValidationBehavior`2.Handle(TRequest request, RequestHandlerDelegate`1 next, CancellationToken cancellationToken) in C:\code\dotnet\TapHoa2\src\Core\TapHoa.Application\Common\ValidationBehavior.cs:line 29
   at TapHoa.Api.Endpoints.V1.Orders.OrderEndpoints.<>c.<<MapOrderEndpoints>b__0_3>d.MoveNext() in C:\code\dotnet\TapHoa2\src\Presentation\TapHoa.Api\Endpoints\V1\Orders\OrderEndpoints.cs:line 35
--- End of stack trace from previous location ---
   at Microsoft.AspNetCore.Http.RequestDelegateFactory.ExecuteTaskResult[T](Task`1 task, HttpContext httpContext)
   at Microsoft.AspNetCore.Http.RequestDelegateFactory.<>c__DisplayClass102_2.<<HandleRequestBodyAndCompileRequestDelegateForJson>b__2>d.MoveNext()
--- End of stack trace from previous location ---
   at Microsoft.AspNetCore.Authorization.AuthorizationMiddleware.Invoke(HttpContext context)
   at Microsoft.AspNetCore.Authentication.AuthenticationMiddleware.Invoke(HttpContext context)
   at TapHoa.Api.Middleware.ExceptionHandlingMiddleware.InvokeAsync(HttpContext context) in C:\code\dotnet\TapHoa2\src\Presentation\TapHoa.Api\Middleware\ExceptionHandlingMiddleware.cs:line 12
2026-05-19 11:45:35.4319 [ERROR] Microsoft.EntityFrameworkCore.Database.Command - Failed executing DbCommand (2ms) [Parameters=[@p0='?' (DbType = Guid), @p1='?' (DbType = Guid), @p2='?', @p3='?' (DbType = DateTime), @p4='?' (DbType = DateTime), @p5='?' (DbType = DateTime), @p6='?' (DbType = DateTime), @p7='?', @p8='?' (DbType = Guid), @p9='?' (DbType = DateTime), @p10='?', @p11='?' (DbType = Decimal), @p12='?' (DbType = DateTime), @p13='?' (DbType = Guid), @p16='?' (DbType = Guid), @p14='?' (DbType = Int32), @p15='?' (DbType = DateTime), @p17='?' (DbType = Guid), @p18='?' (DbType = DateTime), @p19='?' (DbType = Guid), @p20='?' (DbType = Guid), @p21='?' (DbType = Int32), @p22='?' (DbType = Decimal), @p23='?' (DbType = DateTime)], CommandType='Text', CommandTimeout='30']
DELETE FROM "CartItems"
WHERE "Id" = @p0;
INSERT INTO "Orders" ("Id", "CancelReason", "CancelledAt", "ConfirmedAt", "CreatedAt", "DeliveredAt", "Note", "ShippingAddressId", "ShippingAt", "Status", "TotalAmount", "UpdatedAt", "UserId")
VALUES (@p1, @p2, @p3, @p4, @p5, @p6, @p7, @p8, @p9, @p10, @p11, @p12, @p13);
UPDATE "Products" SET "Stock" = @p14, "UpdatedAt" = @p15
WHERE "Id" = @p16;
INSERT INTO "OrderItems" ("Id", "CreatedAt", "OrderId", "ProductId", "Quantity", "UnitPrice", "UpdatedAt")
VALUES (@p17, @p18, @p19, @p20, @p21, @p22, @p23); 
2026-05-19 11:45:35.4319 [ERROR] Microsoft.EntityFrameworkCore.Update - An exception occurred in the database while saving changes for context type 'TapHoa.Persistence.Data.AppDbContext'.
Microsoft.EntityFrameworkCore.DbUpdateException: An error occurred while saving the entity changes. See the inner exception for details.
 ---> Npgsql.PostgresException (0x80004005): 42703: column "CancelReason" of relation "Orders" does not exist

POSITION: 29
   at Npgsql.Internal.NpgsqlConnector.ReadMessageLong(Boolean async, DataRowLoadingMode dataRowLoadingMode, Boolean readingNotifications, Boolean isReadingPrependedMessage)
   at System.Runtime.CompilerServices.PoolingAsyncValueTaskMethodBuilder`1.StateMachineBox`1.System.Threading.Tasks.Sources.IValueTaskSource<TResult>.GetResult(Int16 token)
   at Npgsql.NpgsqlDataReader.NextResult(Boolean async, Boolean isConsuming, CancellationToken cancellationToken)
   at Npgsql.NpgsqlDataReader.NextResult(Boolean async, Boolean isConsuming, CancellationToken cancellationToken)
   at Npgsql.NpgsqlCommand.ExecuteReader(Boolean async, CommandBehavior behavior, CancellationToken cancellationToken)
   at Npgsql.NpgsqlCommand.ExecuteReader(Boolean async, CommandBehavior behavior, CancellationToken cancellationToken)
   at Npgsql.NpgsqlCommand.ExecuteDbDataReaderAsync(CommandBehavior behavior, CancellationToken cancellationToken)
   at Microsoft.EntityFrameworkCore.Storage.RelationalCommand.ExecuteReaderAsync(RelationalCommandParameterObject parameterObject, CancellationToken cancellationToken)
   at Microsoft.EntityFrameworkCore.Storage.RelationalCommand.ExecuteReaderAsync(RelationalCommandParameterObject parameterObject, CancellationToken cancellationToken)
   at Microsoft.EntityFrameworkCore.Update.ReaderModificationCommandBatch.ExecuteAsync(IRelationalConnection connection, CancellationToken cancellationToken)
  Exception data:
    Severity: ERROR
    SqlState: 42703
    MessageText: column "CancelReason" of relation "Orders" does not exist
    Position: 29
    File: parse_target.c
    Line: 1066
    Routine: checkInsertTargets
   --- End of inner exception stack trace ---
   at Microsoft.EntityFrameworkCore.Update.ReaderModificationCommandBatch.ExecuteAsync(IRelationalConnection connection, CancellationToken cancellationToken)
   at Microsoft.EntityFrameworkCore.Update.Internal.BatchExecutor.ExecuteAsync(IEnumerable`1 commandBatches, IRelationalConnection connection, CancellationToken cancellationToken)
   at Microsoft.EntityFrameworkCore.Update.Internal.BatchExecutor.ExecuteAsync(IEnumerable`1 commandBatches, IRelationalConnection connection, CancellationToken cancellationToken)
   at Microsoft.EntityFrameworkCore.Update.Internal.BatchExecutor.ExecuteAsync(IEnumerable`1 commandBatches, IRelationalConnection connection, CancellationToken cancellationToken)
   at Microsoft.EntityFrameworkCore.Storage.RelationalDatabase.SaveChangesAsync(IList`1 entries, CancellationToken cancellationToken)
   at Microsoft.EntityFrameworkCore.ChangeTracking.Internal.StateManager.SaveChangesAsync(IList`1 entriesToSave, CancellationToken cancellationToken)
   at Microsoft.EntityFrameworkCore.ChangeTracking.Internal.StateManager.SaveChangesAsync(StateManager stateManager, Boolean acceptAllChangesOnSuccess, CancellationToken cancellationToken)
   at Npgsql.EntityFrameworkCore.PostgreSQL.Storage.Internal.NpgsqlExecutionStrategy.ExecuteAsync[TState,TResult](TState state, Func`4 operation, Func`4 verifySucceeded, CancellationToken cancellationToken)
   at Microsoft.EntityFrameworkCore.DbContext.SaveChangesAsync(Boolean acceptAllChangesOnSuccess, CancellationToken cancellationToken) Microsoft.EntityFrameworkCore.DbUpdateException: An error occurred while saving the entity changes. See the inner exception for details.
 ---> Npgsql.PostgresException (0x80004005): 42703: column "CancelReason" of relation "Orders" does not exist

POSITION: 29
   at Npgsql.Internal.NpgsqlConnector.ReadMessageLong(Boolean async, DataRowLoadingMode dataRowLoadingMode, Boolean readingNotifications, Boolean isReadingPrependedMessage)
   at System.Runtime.CompilerServices.PoolingAsyncValueTaskMethodBuilder`1.StateMachineBox`1.System.Threading.Tasks.Sources.IValueTaskSource<TResult>.GetResult(Int16 token)
   at Npgsql.NpgsqlDataReader.NextResult(Boolean async, Boolean isConsuming, CancellationToken cancellationToken)
   at Npgsql.NpgsqlDataReader.NextResult(Boolean async, Boolean isConsuming, CancellationToken cancellationToken)
   at Npgsql.NpgsqlCommand.ExecuteReader(Boolean async, CommandBehavior behavior, CancellationToken cancellationToken)
   at Npgsql.NpgsqlCommand.ExecuteReader(Boolean async, CommandBehavior behavior, CancellationToken cancellationToken)
   at Npgsql.NpgsqlCommand.ExecuteDbDataReaderAsync(CommandBehavior behavior, CancellationToken cancellationToken)
   at Microsoft.EntityFrameworkCore.Storage.RelationalCommand.ExecuteReaderAsync(RelationalCommandParameterObject parameterObject, CancellationToken cancellationToken)
   at Microsoft.EntityFrameworkCore.Storage.RelationalCommand.ExecuteReaderAsync(RelationalCommandParameterObject parameterObject, CancellationToken cancellationToken)
   at Microsoft.EntityFrameworkCore.Update.ReaderModificationCommandBatch.ExecuteAsync(IRelationalConnection connection, CancellationToken cancellationToken)
  Exception data:
    Severity: ERROR
    SqlState: 42703
    MessageText: column "CancelReason" of relation "Orders" does not exist
    Position: 29
    File: parse_target.c
    Line: 1066
    Routine: checkInsertTargets
   --- End of inner exception stack trace ---
   at Microsoft.EntityFrameworkCore.Update.ReaderModificationCommandBatch.ExecuteAsync(IRelationalConnection connection, CancellationToken cancellationToken)
   at Microsoft.EntityFrameworkCore.Update.Internal.BatchExecutor.ExecuteAsync(IEnumerable`1 commandBatches, IRelationalConnection connection, CancellationToken cancellationToken)
   at Microsoft.EntityFrameworkCore.Update.Internal.BatchExecutor.ExecuteAsync(IEnumerable`1 commandBatches, IRelationalConnection connection, CancellationToken cancellationToken)
   at Microsoft.EntityFrameworkCore.Update.Internal.BatchExecutor.ExecuteAsync(IEnumerable`1 commandBatches, IRelationalConnection connection, CancellationToken cancellationToken)
   at Microsoft.EntityFrameworkCore.Storage.RelationalDatabase.SaveChangesAsync(IList`1 entries, CancellationToken cancellationToken)
   at Microsoft.EntityFrameworkCore.ChangeTracking.Internal.StateManager.SaveChangesAsync(IList`1 entriesToSave, CancellationToken cancellationToken)
   at Microsoft.EntityFrameworkCore.ChangeTracking.Internal.StateManager.SaveChangesAsync(StateManager stateManager, Boolean acceptAllChangesOnSuccess, CancellationToken cancellationToken)
   at Npgsql.EntityFrameworkCore.PostgreSQL.Storage.Internal.NpgsqlExecutionStrategy.ExecuteAsync[TState,TResult](TState state, Func`4 operation, Func`4 verifySucceeded, CancellationToken cancellationToken)
   at Microsoft.EntityFrameworkCore.DbContext.SaveChangesAsync(Boolean acceptAllChangesOnSuccess, CancellationToken cancellationToken)
2026-05-19 11:45:35.4319 [ERROR] TapHoa.Api.Middleware.ExceptionHandlingMiddleware - Unhandled exception for POST /api/v1/orders Microsoft.EntityFrameworkCore.DbUpdateException: An error occurred while saving the entity changes. See the inner exception for details.
 ---> Npgsql.PostgresException (0x80004005): 42703: column "CancelReason" of relation "Orders" does not exist

POSITION: 29
   at Npgsql.Internal.NpgsqlConnector.ReadMessageLong(Boolean async, DataRowLoadingMode dataRowLoadingMode, Boolean readingNotifications, Boolean isReadingPrependedMessage)
   at System.Runtime.CompilerServices.PoolingAsyncValueTaskMethodBuilder`1.StateMachineBox`1.System.Threading.Tasks.Sources.IValueTaskSource<TResult>.GetResult(Int16 token)
   at Npgsql.NpgsqlDataReader.NextResult(Boolean async, Boolean isConsuming, CancellationToken cancellationToken)
   at Npgsql.NpgsqlDataReader.NextResult(Boolean async, Boolean isConsuming, CancellationToken cancellationToken)
   at Npgsql.NpgsqlCommand.ExecuteReader(Boolean async, CommandBehavior behavior, CancellationToken cancellationToken)
   at Npgsql.NpgsqlCommand.ExecuteReader(Boolean async, CommandBehavior behavior, CancellationToken cancellationToken)
   at Npgsql.NpgsqlCommand.ExecuteDbDataReaderAsync(CommandBehavior behavior, CancellationToken cancellationToken)
   at Microsoft.EntityFrameworkCore.Storage.RelationalCommand.ExecuteReaderAsync(RelationalCommandParameterObject parameterObject, CancellationToken cancellationToken)
   at Microsoft.EntityFrameworkCore.Storage.RelationalCommand.ExecuteReaderAsync(RelationalCommandParameterObject parameterObject, CancellationToken cancellationToken)
   at Microsoft.EntityFrameworkCore.Update.ReaderModificationCommandBatch.ExecuteAsync(IRelationalConnection connection, CancellationToken cancellationToken)
  Exception data:
    Severity: ERROR
    SqlState: 42703
    MessageText: column "CancelReason" of relation "Orders" does not exist
    Position: 29
    File: parse_target.c
    Line: 1066
    Routine: checkInsertTargets
   --- End of inner exception stack trace ---
   at Microsoft.EntityFrameworkCore.Update.ReaderModificationCommandBatch.ExecuteAsync(IRelationalConnection connection, CancellationToken cancellationToken)
   at Microsoft.EntityFrameworkCore.Update.Internal.BatchExecutor.ExecuteAsync(IEnumerable`1 commandBatches, IRelationalConnection connection, CancellationToken cancellationToken)
   at Microsoft.EntityFrameworkCore.Update.Internal.BatchExecutor.ExecuteAsync(IEnumerable`1 commandBatches, IRelationalConnection connection, CancellationToken cancellationToken)
   at Microsoft.EntityFrameworkCore.Update.Internal.BatchExecutor.ExecuteAsync(IEnumerable`1 commandBatches, IRelationalConnection connection, CancellationToken cancellationToken)
   at Microsoft.EntityFrameworkCore.Storage.RelationalDatabase.SaveChangesAsync(IList`1 entries, CancellationToken cancellationToken)
   at Microsoft.EntityFrameworkCore.ChangeTracking.Internal.StateManager.SaveChangesAsync(IList`1 entriesToSave, CancellationToken cancellationToken)
   at Microsoft.EntityFrameworkCore.ChangeTracking.Internal.StateManager.SaveChangesAsync(StateManager stateManager, Boolean acceptAllChangesOnSuccess, CancellationToken cancellationToken)
   at Npgsql.EntityFrameworkCore.PostgreSQL.Storage.Internal.NpgsqlExecutionStrategy.ExecuteAsync[TState,TResult](TState state, Func`4 operation, Func`4 verifySucceeded, CancellationToken cancellationToken)
   at Microsoft.EntityFrameworkCore.DbContext.SaveChangesAsync(Boolean acceptAllChangesOnSuccess, CancellationToken cancellationToken)
   at Microsoft.EntityFrameworkCore.DbContext.SaveChangesAsync(Boolean acceptAllChangesOnSuccess, CancellationToken cancellationToken)
   at TapHoa.Persistence.Repositories.Repository`1.SaveChangesAsync() in C:\code\dotnet\TapHoa2\src\Infrastructure\TapHoa.Persistence\Repositories\Repository.cs:line 23
   at TapHoa.Application.Orders.V1.CreateOrder.CreateOrderCommandHandler.Handle(CreateOrderCommand request, CancellationToken cancellationToken) in C:\code\dotnet\TapHoa2\src\Core\TapHoa.Application\Orders\V1\CreateOrder\CreateOrderCommandHandler.cs:line 68
   at TapHoa.Application.Common.ValidationBehavior`2.Handle(TRequest request, RequestHandlerDelegate`1 next, CancellationToken cancellationToken) in C:\code\dotnet\TapHoa2\src\Core\TapHoa.Application\Common\ValidationBehavior.cs:line 29
   at TapHoa.Api.Endpoints.V1.Orders.OrderEndpoints.<>c.<<MapOrderEndpoints>b__0_3>d.MoveNext() in C:\code\dotnet\TapHoa2\src\Presentation\TapHoa.Api\Endpoints\V1\Orders\OrderEndpoints.cs:line 35
--- End of stack trace from previous location ---
   at Microsoft.AspNetCore.Http.RequestDelegateFactory.ExecuteTaskResult[T](Task`1 task, HttpContext httpContext)
   at Microsoft.AspNetCore.Http.RequestDelegateFactory.<>c__DisplayClass102_2.<<HandleRequestBodyAndCompileRequestDelegateForJson>b__2>d.MoveNext()
--- End of stack trace from previous location ---
   at Microsoft.AspNetCore.Authorization.AuthorizationMiddleware.Invoke(HttpContext context)
   at Microsoft.AspNetCore.Authentication.AuthenticationMiddleware.Invoke(HttpContext context)
   at TapHoa.Api.Middleware.ExceptionHandlingMiddleware.InvokeAsync(HttpContext context) in C:\code\dotnet\TapHoa2\src\Presentation\TapHoa.Api\Middleware\ExceptionHandlingMiddleware.cs:line 12
2026-05-19 11:45:35.6289 [ERROR] Microsoft.EntityFrameworkCore.Database.Command - Failed executing DbCommand (2ms) [Parameters=[@p0='?' (DbType = Guid), @p1='?' (DbType = Guid), @p2='?', @p3='?' (DbType = DateTime), @p4='?' (DbType = DateTime), @p5='?' (DbType = DateTime), @p6='?' (DbType = DateTime), @p7='?', @p8='?' (DbType = Guid), @p9='?' (DbType = DateTime), @p10='?', @p11='?' (DbType = Decimal), @p12='?' (DbType = DateTime), @p13='?' (DbType = Guid), @p16='?' (DbType = Guid), @p14='?' (DbType = Int32), @p15='?' (DbType = DateTime), @p17='?' (DbType = Guid), @p18='?' (DbType = DateTime), @p19='?' (DbType = Guid), @p20='?' (DbType = Guid), @p21='?' (DbType = Int32), @p22='?' (DbType = Decimal), @p23='?' (DbType = DateTime)], CommandType='Text', CommandTimeout='30']
DELETE FROM "CartItems"
WHERE "Id" = @p0;
INSERT INTO "Orders" ("Id", "CancelReason", "CancelledAt", "ConfirmedAt", "CreatedAt", "DeliveredAt", "Note", "ShippingAddressId", "ShippingAt", "Status", "TotalAmount", "UpdatedAt", "UserId")
VALUES (@p1, @p2, @p3, @p4, @p5, @p6, @p7, @p8, @p9, @p10, @p11, @p12, @p13);
UPDATE "Products" SET "Stock" = @p14, "UpdatedAt" = @p15
WHERE "Id" = @p16;
INSERT INTO "OrderItems" ("Id", "CreatedAt", "OrderId", "ProductId", "Quantity", "UnitPrice", "UpdatedAt")
VALUES (@p17, @p18, @p19, @p20, @p21, @p22, @p23); 
2026-05-19 11:45:35.6289 [ERROR] Microsoft.EntityFrameworkCore.Update - An exception occurred in the database while saving changes for context type 'TapHoa.Persistence.Data.AppDbContext'.
Microsoft.EntityFrameworkCore.DbUpdateException: An error occurred while saving the entity changes. See the inner exception for details.
 ---> Npgsql.PostgresException (0x80004005): 42703: column "CancelReason" of relation "Orders" does not exist

POSITION: 29
   at Npgsql.Internal.NpgsqlConnector.ReadMessageLong(Boolean async, DataRowLoadingMode dataRowLoadingMode, Boolean readingNotifications, Boolean isReadingPrependedMessage)
   at System.Runtime.CompilerServices.PoolingAsyncValueTaskMethodBuilder`1.StateMachineBox`1.System.Threading.Tasks.Sources.IValueTaskSource<TResult>.GetResult(Int16 token)
   at Npgsql.NpgsqlDataReader.NextResult(Boolean async, Boolean isConsuming, CancellationToken cancellationToken)
   at Npgsql.NpgsqlDataReader.NextResult(Boolean async, Boolean isConsuming, CancellationToken cancellationToken)
   at Npgsql.NpgsqlCommand.ExecuteReader(Boolean async, CommandBehavior behavior, CancellationToken cancellationToken)
   at Npgsql.NpgsqlCommand.ExecuteReader(Boolean async, CommandBehavior behavior, CancellationToken cancellationToken)
   at Npgsql.NpgsqlCommand.ExecuteDbDataReaderAsync(CommandBehavior behavior, CancellationToken cancellationToken)
   at Microsoft.EntityFrameworkCore.Storage.RelationalCommand.ExecuteReaderAsync(RelationalCommandParameterObject parameterObject, CancellationToken cancellationToken)
   at Microsoft.EntityFrameworkCore.Storage.RelationalCommand.ExecuteReaderAsync(RelationalCommandParameterObject parameterObject, CancellationToken cancellationToken)
   at Microsoft.EntityFrameworkCore.Update.ReaderModificationCommandBatch.ExecuteAsync(IRelationalConnection connection, CancellationToken cancellationToken)
  Exception data:
    Severity: ERROR
    SqlState: 42703
    MessageText: column "CancelReason" of relation "Orders" does not exist
    Position: 29
    File: parse_target.c
    Line: 1066
    Routine: checkInsertTargets
   --- End of inner exception stack trace ---
   at Microsoft.EntityFrameworkCore.Update.ReaderModificationCommandBatch.ExecuteAsync(IRelationalConnection connection, CancellationToken cancellationToken)
   at Microsoft.EntityFrameworkCore.Update.Internal.BatchExecutor.ExecuteAsync(IEnumerable`1 commandBatches, IRelationalConnection connection, CancellationToken cancellationToken)
   at Microsoft.EntityFrameworkCore.Update.Internal.BatchExecutor.ExecuteAsync(IEnumerable`1 commandBatches, IRelationalConnection connection, CancellationToken cancellationToken)
   at Microsoft.EntityFrameworkCore.Update.Internal.BatchExecutor.ExecuteAsync(IEnumerable`1 commandBatches, IRelationalConnection connection, CancellationToken cancellationToken)
   at Microsoft.EntityFrameworkCore.Storage.RelationalDatabase.SaveChangesAsync(IList`1 entries, CancellationToken cancellationToken)
   at Microsoft.EntityFrameworkCore.ChangeTracking.Internal.StateManager.SaveChangesAsync(IList`1 entriesToSave, CancellationToken cancellationToken)
   at Microsoft.EntityFrameworkCore.ChangeTracking.Internal.StateManager.SaveChangesAsync(StateManager stateManager, Boolean acceptAllChangesOnSuccess, CancellationToken cancellationToken)
   at Npgsql.EntityFrameworkCore.PostgreSQL.Storage.Internal.NpgsqlExecutionStrategy.ExecuteAsync[TState,TResult](TState state, Func`4 operation, Func`4 verifySucceeded, CancellationToken cancellationToken)
   at Microsoft.EntityFrameworkCore.DbContext.SaveChangesAsync(Boolean acceptAllChangesOnSuccess, CancellationToken cancellationToken) Microsoft.EntityFrameworkCore.DbUpdateException: An error occurred while saving the entity changes. See the inner exception for details.
 ---> Npgsql.PostgresException (0x80004005): 42703: column "CancelReason" of relation "Orders" does not exist

POSITION: 29
   at Npgsql.Internal.NpgsqlConnector.ReadMessageLong(Boolean async, DataRowLoadingMode dataRowLoadingMode, Boolean readingNotifications, Boolean isReadingPrependedMessage)
   at System.Runtime.CompilerServices.PoolingAsyncValueTaskMethodBuilder`1.StateMachineBox`1.System.Threading.Tasks.Sources.IValueTaskSource<TResult>.GetResult(Int16 token)
   at Npgsql.NpgsqlDataReader.NextResult(Boolean async, Boolean isConsuming, CancellationToken cancellationToken)
   at Npgsql.NpgsqlDataReader.NextResult(Boolean async, Boolean isConsuming, CancellationToken cancellationToken)
   at Npgsql.NpgsqlCommand.ExecuteReader(Boolean async, CommandBehavior behavior, CancellationToken cancellationToken)
   at Npgsql.NpgsqlCommand.ExecuteReader(Boolean async, CommandBehavior behavior, CancellationToken cancellationToken)
   at Npgsql.NpgsqlCommand.ExecuteDbDataReaderAsync(CommandBehavior behavior, CancellationToken cancellationToken)
   at Microsoft.EntityFrameworkCore.Storage.RelationalCommand.ExecuteReaderAsync(RelationalCommandParameterObject parameterObject, CancellationToken cancellationToken)
   at Microsoft.EntityFrameworkCore.Storage.RelationalCommand.ExecuteReaderAsync(RelationalCommandParameterObject parameterObject, CancellationToken cancellationToken)
   at Microsoft.EntityFrameworkCore.Update.ReaderModificationCommandBatch.ExecuteAsync(IRelationalConnection connection, CancellationToken cancellationToken)
  Exception data:
    Severity: ERROR
    SqlState: 42703
    MessageText: column "CancelReason" of relation "Orders" does not exist
    Position: 29
    File: parse_target.c
    Line: 1066
    Routine: checkInsertTargets
   --- End of inner exception stack trace ---
   at Microsoft.EntityFrameworkCore.Update.ReaderModificationCommandBatch.ExecuteAsync(IRelationalConnection connection, CancellationToken cancellationToken)
   at Microsoft.EntityFrameworkCore.Update.Internal.BatchExecutor.ExecuteAsync(IEnumerable`1 commandBatches, IRelationalConnection connection, CancellationToken cancellationToken)
   at Microsoft.EntityFrameworkCore.Update.Internal.BatchExecutor.ExecuteAsync(IEnumerable`1 commandBatches, IRelationalConnection connection, CancellationToken cancellationToken)
   at Microsoft.EntityFrameworkCore.Update.Internal.BatchExecutor.ExecuteAsync(IEnumerable`1 commandBatches, IRelationalConnection connection, CancellationToken cancellationToken)
   at Microsoft.EntityFrameworkCore.Storage.RelationalDatabase.SaveChangesAsync(IList`1 entries, CancellationToken cancellationToken)
   at Microsoft.EntityFrameworkCore.ChangeTracking.Internal.StateManager.SaveChangesAsync(IList`1 entriesToSave, CancellationToken cancellationToken)
   at Microsoft.EntityFrameworkCore.ChangeTracking.Internal.StateManager.SaveChangesAsync(StateManager stateManager, Boolean acceptAllChangesOnSuccess, CancellationToken cancellationToken)
   at Npgsql.EntityFrameworkCore.PostgreSQL.Storage.Internal.NpgsqlExecutionStrategy.ExecuteAsync[TState,TResult](TState state, Func`4 operation, Func`4 verifySucceeded, CancellationToken cancellationToken)
   at Microsoft.EntityFrameworkCore.DbContext.SaveChangesAsync(Boolean acceptAllChangesOnSuccess, CancellationToken cancellationToken)
2026-05-19 11:45:35.6340 [ERROR] TapHoa.Api.Middleware.ExceptionHandlingMiddleware - Unhandled exception for POST /api/v1/orders Microsoft.EntityFrameworkCore.DbUpdateException: An error occurred while saving the entity changes. See the inner exception for details.
 ---> Npgsql.PostgresException (0x80004005): 42703: column "CancelReason" of relation "Orders" does not exist

POSITION: 29
   at Npgsql.Internal.NpgsqlConnector.ReadMessageLong(Boolean async, DataRowLoadingMode dataRowLoadingMode, Boolean readingNotifications, Boolean isReadingPrependedMessage)
   at System.Runtime.CompilerServices.PoolingAsyncValueTaskMethodBuilder`1.StateMachineBox`1.System.Threading.Tasks.Sources.IValueTaskSource<TResult>.GetResult(Int16 token)
   at Npgsql.NpgsqlDataReader.NextResult(Boolean async, Boolean isConsuming, CancellationToken cancellationToken)
   at Npgsql.NpgsqlDataReader.NextResult(Boolean async, Boolean isConsuming, CancellationToken cancellationToken)
   at Npgsql.NpgsqlCommand.ExecuteReader(Boolean async, CommandBehavior behavior, CancellationToken cancellationToken)
   at Npgsql.NpgsqlCommand.ExecuteReader(Boolean async, CommandBehavior behavior, CancellationToken cancellationToken)
   at Npgsql.NpgsqlCommand.ExecuteDbDataReaderAsync(CommandBehavior behavior, CancellationToken cancellationToken)
   at Microsoft.EntityFrameworkCore.Storage.RelationalCommand.ExecuteReaderAsync(RelationalCommandParameterObject parameterObject, CancellationToken cancellationToken)
   at Microsoft.EntityFrameworkCore.Storage.RelationalCommand.ExecuteReaderAsync(RelationalCommandParameterObject parameterObject, CancellationToken cancellationToken)
   at Microsoft.EntityFrameworkCore.Update.ReaderModificationCommandBatch.ExecuteAsync(IRelationalConnection connection, CancellationToken cancellationToken)
  Exception data:
    Severity: ERROR
    SqlState: 42703
    MessageText: column "CancelReason" of relation "Orders" does not exist
    Position: 29
    File: parse_target.c
    Line: 1066
    Routine: checkInsertTargets
   --- End of inner exception stack trace ---
   at Microsoft.EntityFrameworkCore.Update.ReaderModificationCommandBatch.ExecuteAsync(IRelationalConnection connection, CancellationToken cancellationToken)
   at Microsoft.EntityFrameworkCore.Update.Internal.BatchExecutor.ExecuteAsync(IEnumerable`1 commandBatches, IRelationalConnection connection, CancellationToken cancellationToken)
   at Microsoft.EntityFrameworkCore.Update.Internal.BatchExecutor.ExecuteAsync(IEnumerable`1 commandBatches, IRelationalConnection connection, CancellationToken cancellationToken)
   at Microsoft.EntityFrameworkCore.Update.Internal.BatchExecutor.ExecuteAsync(IEnumerable`1 commandBatches, IRelationalConnection connection, CancellationToken cancellationToken)
   at Microsoft.EntityFrameworkCore.Storage.RelationalDatabase.SaveChangesAsync(IList`1 entries, CancellationToken cancellationToken)
   at Microsoft.EntityFrameworkCore.ChangeTracking.Internal.StateManager.SaveChangesAsync(IList`1 entriesToSave, CancellationToken cancellationToken)
   at Microsoft.EntityFrameworkCore.ChangeTracking.Internal.StateManager.SaveChangesAsync(StateManager stateManager, Boolean acceptAllChangesOnSuccess, CancellationToken cancellationToken)
   at Npgsql.EntityFrameworkCore.PostgreSQL.Storage.Internal.NpgsqlExecutionStrategy.ExecuteAsync[TState,TResult](TState state, Func`4 operation, Func`4 verifySucceeded, CancellationToken cancellationToken)
   at Microsoft.EntityFrameworkCore.DbContext.SaveChangesAsync(Boolean acceptAllChangesOnSuccess, CancellationToken cancellationToken)
   at Microsoft.EntityFrameworkCore.DbContext.SaveChangesAsync(Boolean acceptAllChangesOnSuccess, CancellationToken cancellationToken)
   at TapHoa.Persistence.Repositories.Repository`1.SaveChangesAsync() in C:\code\dotnet\TapHoa2\src\Infrastructure\TapHoa.Persistence\Repositories\Repository.cs:line 23
   at TapHoa.Application.Orders.V1.CreateOrder.CreateOrderCommandHandler.Handle(CreateOrderCommand request, CancellationToken cancellationToken) in C:\code\dotnet\TapHoa2\src\Core\TapHoa.Application\Orders\V1\CreateOrder\CreateOrderCommandHandler.cs:line 68
   at TapHoa.Application.Common.ValidationBehavior`2.Handle(TRequest request, RequestHandlerDelegate`1 next, CancellationToken cancellationToken) in C:\code\dotnet\TapHoa2\src\Core\TapHoa.Application\Common\ValidationBehavior.cs:line 29
   at TapHoa.Api.Endpoints.V1.Orders.OrderEndpoints.<>c.<<MapOrderEndpoints>b__0_3>d.MoveNext() in C:\code\dotnet\TapHoa2\src\Presentation\TapHoa.Api\Endpoints\V1\Orders\OrderEndpoints.cs:line 35
--- End of stack trace from previous location ---
   at Microsoft.AspNetCore.Http.RequestDelegateFactory.ExecuteTaskResult[T](Task`1 task, HttpContext httpContext)
   at Microsoft.AspNetCore.Http.RequestDelegateFactory.<>c__DisplayClass102_2.<<HandleRequestBodyAndCompileRequestDelegateForJson>b__2>d.MoveNext()
--- End of stack trace from previous location ---
   at Microsoft.AspNetCore.Authorization.AuthorizationMiddleware.Invoke(HttpContext context)
   at Microsoft.AspNetCore.Authentication.AuthenticationMiddleware.Invoke(HttpContext context)
   at TapHoa.Api.Middleware.ExceptionHandlingMiddleware.InvokeAsync(HttpContext context) in C:\code\dotnet\TapHoa2\src\Presentation\TapHoa.Api\Middleware\ExceptionHandlingMiddleware.cs:line 12
2026-05-19 12:00:05.7986 [INFO] TapHoa.Api.Program - Starting TapHoa API 
2026-05-19 12:00:05.9633 [ERROR] TapHoa.Api.Program - Application stopped due to exception Microsoft.Extensions.Hosting.HostAbortedException: The host was aborted.
   at Microsoft.Extensions.Hosting.HostFactoryResolver.HostingListener.ThrowHostAborted()
   at Microsoft.Extensions.Hosting.HostFactoryResolver.HostingListener.OnNext(KeyValuePair`2 value)
   at System.Diagnostics.DiagnosticListener.Write(String name, Object value)
   at Microsoft.Extensions.Hosting.HostBuilder.ResolveHost(IServiceProvider serviceProvider, DiagnosticListener diagnosticListener)
   at Microsoft.Extensions.Hosting.HostApplicationBuilder.Build()
   at Microsoft.AspNetCore.Builder.WebApplicationBuilder.Build()
   at Program.<Main>$(String[] args) in C:\code\dotnet\TapHoa2\src\Presentation\TapHoa.Api\Program.cs:line 49
2026-05-19 12:00:19.7609 [INFO] TapHoa.Api.Program - Starting TapHoa API 
2026-05-19 12:00:19.9028 [ERROR] TapHoa.Api.Program - Application stopped due to exception Microsoft.Extensions.Hosting.HostAbortedException: The host was aborted.
   at Microsoft.Extensions.Hosting.HostFactoryResolver.HostingListener.ThrowHostAborted()
   at Microsoft.Extensions.Hosting.HostFactoryResolver.HostingListener.OnNext(KeyValuePair`2 value)
   at System.Diagnostics.DiagnosticListener.Write(String name, Object value)
   at Microsoft.Extensions.Hosting.HostBuilder.ResolveHost(IServiceProvider serviceProvider, DiagnosticListener diagnosticListener)
   at Microsoft.Extensions.Hosting.HostApplicationBuilder.Build()
   at Microsoft.AspNetCore.Builder.WebApplicationBuilder.Build()
   at Program.<Main>$(String[] args) in C:\code\dotnet\TapHoa2\src\Presentation\TapHoa.Api\Program.cs:line 49
2026-05-19 12:00:46.8170 [INFO] TapHoa.Api.Program - Starting TapHoa API 
2026-05-19 12:00:46.9822 [ERROR] TapHoa.Api.Program - Application stopped due to exception Microsoft.Extensions.Hosting.HostAbortedException: The host was aborted.
   at Microsoft.Extensions.Hosting.HostFactoryResolver.HostingListener.ThrowHostAborted()
   at Microsoft.Extensions.Hosting.HostFactoryResolver.HostingListener.OnNext(KeyValuePair`2 value)
   at System.Diagnostics.DiagnosticListener.Write(String name, Object value)
   at Microsoft.Extensions.Hosting.HostBuilder.ResolveHost(IServiceProvider serviceProvider, DiagnosticListener diagnosticListener)
   at Microsoft.Extensions.Hosting.HostApplicationBuilder.Build()
   at Microsoft.AspNetCore.Builder.WebApplicationBuilder.Build()
   at Program.<Main>$(String[] args) in C:\code\dotnet\TapHoa2\src\Presentation\TapHoa.Api\Program.cs:line 49
2026-05-19 13:32:44.1715 [INFO] TapHoa.Api.Program - Starting TapHoa API 
2026-05-19 13:32:53.7577 [WARN] LuckyPennySoftware.MediatR.License - You do not have a valid license key for the Lucky Penny software MediatR. This is allowed for development and testing scenarios. If you are running in production you are required to have a licensed version. Please visit https://luckypennysoftware.com to obtain a valid license. 
2026-05-19 13:38:22.2414 [INFO] TapHoa.Api.Program - Starting TapHoa API 
2026-05-19 13:38:22.9498 [WARN] LuckyPennySoftware.MediatR.License - You do not have a valid license key for the Lucky Penny software MediatR. This is allowed for development and testing scenarios. If you are running in production you are required to have a licensed version. Please visit https://luckypennysoftware.com to obtain a valid license. 
2026-05-19 13:38:22.9498 [WARN] LuckyPennySoftware.MediatR.License - You do not have a valid license key for the Lucky Penny software MediatR. This is allowed for development and testing scenarios. If you are running in production you are required to have a licensed version. Please visit https://luckypennysoftware.com to obtain a valid license. 
2026-05-19 13:41:38.2812 [INFO] TapHoa.Api.Program - Starting TapHoa API 
2026-05-19 13:41:38.9023 [WARN] LuckyPennySoftware.MediatR.License - You do not have a valid license key for the Lucky Penny software MediatR. This is allowed for development and testing scenarios. If you are running in production you are required to have a licensed version. Please visit https://luckypennysoftware.com to obtain a valid license. 
2026-05-19 13:41:38.9023 [WARN] LuckyPennySoftware.MediatR.License - You do not have a valid license key for the Lucky Penny software MediatR. This is allowed for development and testing scenarios. If you are running in production you are required to have a licensed version. Please visit https://luckypennysoftware.com to obtain a valid license. 
2026-05-19 13:47:31.6803 [INFO] TapHoa.Api.Program - Starting TapHoa API 
2026-05-19 13:47:36.7434 [WARN] LuckyPennySoftware.MediatR.License - You do not have a valid license key for the Lucky Penny software MediatR. This is allowed for development and testing scenarios. If you are running in production you are required to have a licensed version. Please visit https://luckypennysoftware.com to obtain a valid license. 
2026-05-19 13:47:36.7434 [WARN] LuckyPennySoftware.MediatR.License - You do not have a valid license key for the Lucky Penny software MediatR. This is allowed for development and testing scenarios. If you are running in production you are required to have a licensed version. Please visit https://luckypennysoftware.com to obtain a valid license. 
2026-05-19 14:00:40.5919 [ERROR] TapHoa.Api.Middleware.ExceptionHandlingMiddleware - Unhandled exception for GET /api/v1/orders/all System.Runtime.CompilerServices.HotReloadException: Attempted to invoke lambda or local function with an unsupported change made while the application is running: C:\code\dotnet\TapHoa2\src\Presentation\TapHoa.Api\Endpoints\V1\Orders\OrderEndpoints.cs(34,36): error ENC0053: Changing the parameters of lambda requires restarting the application.
   at TapHoa.Api.Endpoints.V1.Orders.OrderEndpoints.<>c.<MapOrderEndpoints>b__0_2(IMediator mediator, Int32 page, Int32 pageSize, Nullable`1 status)
   at lambda_method49(Closure, Object, HttpContext)
   at Microsoft.AspNetCore.Authorization.AuthorizationMiddleware.Invoke(HttpContext context)
   at Microsoft.AspNetCore.Authentication.AuthenticationMiddleware.Invoke(HttpContext context)
   at TapHoa.Api.Middleware.ExceptionHandlingMiddleware.InvokeAsync(HttpContext context)
2026-05-19 14:00:41.6273 [ERROR] TapHoa.Api.Middleware.ExceptionHandlingMiddleware - Unhandled exception for GET /api/v1/orders/all System.Runtime.CompilerServices.HotReloadException: Attempted to invoke lambda or local function with an unsupported change made while the application is running: C:\code\dotnet\TapHoa2\src\Presentation\TapHoa.Api\Endpoints\V1\Orders\OrderEndpoints.cs(34,36): error ENC0053: Changing the parameters of lambda requires restarting the application.
   at TapHoa.Api.Endpoints.V1.Orders.OrderEndpoints.<>c.<MapOrderEndpoints>b__0_2(IMediator mediator, Int32 page, Int32 pageSize, Nullable`1 status)
   at lambda_method49(Closure, Object, HttpContext)
   at Microsoft.AspNetCore.Authorization.AuthorizationMiddleware.Invoke(HttpContext context)
   at Microsoft.AspNetCore.Authentication.AuthenticationMiddleware.Invoke(HttpContext context)
   at TapHoa.Api.Middleware.ExceptionHandlingMiddleware.InvokeAsync(HttpContext context)
2026-05-19 14:00:44.7648 [ERROR] TapHoa.Api.Middleware.ExceptionHandlingMiddleware - Unhandled exception for GET /api/v1/orders/all System.Runtime.CompilerServices.HotReloadException: Attempted to invoke lambda or local function with an unsupported change made while the application is running: C:\code\dotnet\TapHoa2\src\Presentation\TapHoa.Api\Endpoints\V1\Orders\OrderEndpoints.cs(34,36): error ENC0053: Changing the parameters of lambda requires restarting the application.
   at TapHoa.Api.Endpoints.V1.Orders.OrderEndpoints.<>c.<MapOrderEndpoints>b__0_2(IMediator mediator, Int32 page, Int32 pageSize, Nullable`1 status)
   at lambda_method49(Closure, Object, HttpContext)
   at Microsoft.AspNetCore.Authorization.AuthorizationMiddleware.Invoke(HttpContext context)
   at Microsoft.AspNetCore.Authentication.AuthenticationMiddleware.Invoke(HttpContext context)
   at TapHoa.Api.Middleware.ExceptionHandlingMiddleware.InvokeAsync(HttpContext context)
2026-05-19 14:01:07.0298 [ERROR] TapHoa.Api.Middleware.ExceptionHandlingMiddleware - Unhandled exception for GET /api/v1/orders/all System.Runtime.CompilerServices.HotReloadException: Attempted to invoke lambda or local function with an unsupported change made while the application is running: C:\code\dotnet\TapHoa2\src\Presentation\TapHoa.Api\Endpoints\V1\Orders\OrderEndpoints.cs(34,36): error ENC0053: Changing the parameters of lambda requires restarting the application.
   at TapHoa.Api.Endpoints.V1.Orders.OrderEndpoints.<>c.<MapOrderEndpoints>b__0_2(IMediator mediator, Int32 page, Int32 pageSize, Nullable`1 status)
   at lambda_method49(Closure, Object, HttpContext)
   at Microsoft.AspNetCore.Authorization.AuthorizationMiddleware.Invoke(HttpContext context)
   at Microsoft.AspNetCore.Authentication.AuthenticationMiddleware.Invoke(HttpContext context)
   at TapHoa.Api.Middleware.ExceptionHandlingMiddleware.InvokeAsync(HttpContext context)
2026-05-19 14:01:07.9803 [ERROR] TapHoa.Api.Middleware.ExceptionHandlingMiddleware - Unhandled exception for GET /api/v1/orders/all System.Runtime.CompilerServices.HotReloadException: Attempted to invoke lambda or local function with an unsupported change made while the application is running: C:\code\dotnet\TapHoa2\src\Presentation\TapHoa.Api\Endpoints\V1\Orders\OrderEndpoints.cs(34,36): error ENC0053: Changing the parameters of lambda requires restarting the application.
   at TapHoa.Api.Endpoints.V1.Orders.OrderEndpoints.<>c.<MapOrderEndpoints>b__0_2(IMediator mediator, Int32 page, Int32 pageSize, Nullable`1 status)
   at lambda_method49(Closure, Object, HttpContext)
   at Microsoft.AspNetCore.Routing.EndpointMiddleware.Invoke(HttpContext httpContext)
   at Microsoft.AspNetCore.Authorization.AuthorizationMiddleware.Invoke(HttpContext context)
   at Microsoft.AspNetCore.Authentication.AuthenticationMiddleware.Invoke(HttpContext context)
   at TapHoa.Api.Middleware.ExceptionHandlingMiddleware.InvokeAsync(HttpContext context)
2026-05-19 14:01:08.9958 [ERROR] TapHoa.Api.Middleware.ExceptionHandlingMiddleware - Unhandled exception for GET /api/v1/orders/all System.Runtime.CompilerServices.HotReloadException: Attempted to invoke lambda or local function with an unsupported change made while the application is running: C:\code\dotnet\TapHoa2\src\Presentation\TapHoa.Api\Endpoints\V1\Orders\OrderEndpoints.cs(34,36): error ENC0053: Changing the parameters of lambda requires restarting the application.
   at TapHoa.Api.Endpoints.V1.Orders.OrderEndpoints.<>c.<MapOrderEndpoints>b__0_2(IMediator mediator, Int32 page, Int32 pageSize, Nullable`1 status)
   at lambda_method49(Closure, Object, HttpContext)
   at Microsoft.AspNetCore.Routing.EndpointMiddleware.Invoke(HttpContext httpContext)
   at Microsoft.AspNetCore.Authorization.AuthorizationMiddleware.Invoke(HttpContext context)
   at Microsoft.AspNetCore.Authentication.AuthenticationMiddleware.Invoke(HttpContext context)
   at TapHoa.Api.Middleware.ExceptionHandlingMiddleware.InvokeAsync(HttpContext context)
2026-05-19 14:01:21.0161 [ERROR] TapHoa.Api.Middleware.ExceptionHandlingMiddleware - Unhandled exception for GET /api/v1/orders/all System.Runtime.CompilerServices.HotReloadException: Attempted to invoke lambda or local function with an unsupported change made while the application is running: C:\code\dotnet\TapHoa2\src\Presentation\TapHoa.Api\Endpoints\V1\Orders\OrderEndpoints.cs(34,36): error ENC0053: Changing the parameters of lambda requires restarting the application.
   at TapHoa.Api.Endpoints.V1.Orders.OrderEndpoints.<>c.<MapOrderEndpoints>b__0_2(IMediator mediator, Int32 page, Int32 pageSize, Nullable`1 status)
   at lambda_method49(Closure, Object, HttpContext)
   at Microsoft.AspNetCore.Routing.EndpointMiddleware.Invoke(HttpContext httpContext)
   at Microsoft.AspNetCore.Authorization.AuthorizationMiddleware.Invoke(HttpContext context)
   at Microsoft.AspNetCore.Authentication.AuthenticationMiddleware.Invoke(HttpContext context)
   at TapHoa.Api.Middleware.ExceptionHandlingMiddleware.InvokeAsync(HttpContext context)
2026-05-19 14:01:22.0236 [ERROR] TapHoa.Api.Middleware.ExceptionHandlingMiddleware - Unhandled exception for GET /api/v1/orders/all System.Runtime.CompilerServices.HotReloadException: Attempted to invoke lambda or local function with an unsupported change made while the application is running: C:\code\dotnet\TapHoa2\src\Presentation\TapHoa.Api\Endpoints\V1\Orders\OrderEndpoints.cs(34,36): error ENC0053: Changing the parameters of lambda requires restarting the application.
   at TapHoa.Api.Endpoints.V1.Orders.OrderEndpoints.<>c.<MapOrderEndpoints>b__0_2(IMediator mediator, Int32 page, Int32 pageSize, Nullable`1 status)
   at lambda_method49(Closure, Object, HttpContext)
   at Microsoft.AspNetCore.Routing.EndpointMiddleware.Invoke(HttpContext httpContext)
   at Microsoft.AspNetCore.Authorization.AuthorizationMiddleware.Invoke(HttpContext context)
   at Microsoft.AspNetCore.Authentication.AuthenticationMiddleware.Invoke(HttpContext context)
   at TapHoa.Api.Middleware.ExceptionHandlingMiddleware.InvokeAsync(HttpContext context)
2026-05-19 14:01:26.0504 [ERROR] TapHoa.Api.Middleware.ExceptionHandlingMiddleware - Unhandled exception for GET /api/v1/orders/all System.Runtime.CompilerServices.HotReloadException: Attempted to invoke lambda or local function with an unsupported change made while the application is running: C:\code\dotnet\TapHoa2\src\Presentation\TapHoa.Api\Endpoints\V1\Orders\OrderEndpoints.cs(34,36): error ENC0053: Changing the parameters of lambda requires restarting the application.
   at TapHoa.Api.Endpoints.V1.Orders.OrderEndpoints.<>c.<MapOrderEndpoints>b__0_2(IMediator mediator, Int32 page, Int32 pageSize, Nullable`1 status)
   at lambda_method49(Closure, Object, HttpContext)
   at Microsoft.AspNetCore.Routing.EndpointMiddleware.Invoke(HttpContext httpContext)
   at Microsoft.AspNetCore.Authorization.AuthorizationMiddleware.Invoke(HttpContext context)
   at Microsoft.AspNetCore.Authentication.AuthenticationMiddleware.Invoke(HttpContext context)
   at TapHoa.Api.Middleware.ExceptionHandlingMiddleware.InvokeAsync(HttpContext context)
2026-05-19 14:02:08.4870 [ERROR] TapHoa.Api.Middleware.ExceptionHandlingMiddleware - Unhandled exception for GET /api/v1/orders/all System.Runtime.CompilerServices.HotReloadException: Attempted to invoke lambda or local function with an unsupported change made while the application is running: C:\code\dotnet\TapHoa2\src\Presentation\TapHoa.Api\Endpoints\V1\Orders\OrderEndpoints.cs(34,36): error ENC0053: Changing the parameters of lambda requires restarting the application.
   at TapHoa.Api.Endpoints.V1.Orders.OrderEndpoints.<>c.<MapOrderEndpoints>b__0_2(IMediator mediator, Int32 page, Int32 pageSize, Nullable`1 status)
   at lambda_method49(Closure, Object, HttpContext)
   at Microsoft.AspNetCore.Routing.EndpointMiddleware.Invoke(HttpContext httpContext)
   at Microsoft.AspNetCore.Authorization.AuthorizationMiddleware.Invoke(HttpContext context)
   at Microsoft.AspNetCore.Authentication.AuthenticationMiddleware.Invoke(HttpContext context)
   at TapHoa.Api.Middleware.ExceptionHandlingMiddleware.InvokeAsync(HttpContext context)
2026-05-19 14:02:09.8769 [ERROR] TapHoa.Api.Middleware.ExceptionHandlingMiddleware - Unhandled exception for GET /api/v1/orders/all System.Runtime.CompilerServices.HotReloadException: Attempted to invoke lambda or local function with an unsupported change made while the application is running: C:\code\dotnet\TapHoa2\src\Presentation\TapHoa.Api\Endpoints\V1\Orders\OrderEndpoints.cs(34,36): error ENC0053: Changing the parameters of lambda requires restarting the application.
   at TapHoa.Api.Endpoints.V1.Orders.OrderEndpoints.<>c.<MapOrderEndpoints>b__0_2(IMediator mediator, Int32 page, Int32 pageSize, Nullable`1 status)
   at lambda_method49(Closure, Object, HttpContext)
   at Microsoft.AspNetCore.Routing.EndpointMiddleware.Invoke(HttpContext httpContext)
   at Microsoft.AspNetCore.Authorization.AuthorizationMiddleware.Invoke(HttpContext context)
   at Microsoft.AspNetCore.Authentication.AuthenticationMiddleware.Invoke(HttpContext context)
   at TapHoa.Api.Middleware.ExceptionHandlingMiddleware.InvokeAsync(HttpContext context)
2026-05-19 14:03:33.2862 [ERROR] TapHoa.Api.Middleware.ExceptionHandlingMiddleware - Unhandled exception for GET /api/v1/orders/all System.Runtime.CompilerServices.HotReloadException: Attempted to invoke lambda or local function with an unsupported change made while the application is running: C:\code\dotnet\TapHoa2\src\Presentation\TapHoa.Api\Endpoints\V1\Orders\OrderEndpoints.cs(34,36): error ENC0053: Changing the parameters of lambda requires restarting the application.
   at TapHoa.Api.Endpoints.V1.Orders.OrderEndpoints.<>c.<MapOrderEndpoints>b__0_2(IMediator mediator, Int32 page, Int32 pageSize, Nullable`1 status)
   at lambda_method49(Closure, Object, HttpContext)
   at Microsoft.AspNetCore.Routing.EndpointMiddleware.Invoke(HttpContext httpContext)
   at Microsoft.AspNetCore.Authorization.AuthorizationMiddleware.Invoke(HttpContext context)
   at Microsoft.AspNetCore.Authentication.AuthenticationMiddleware.Invoke(HttpContext context)
   at TapHoa.Api.Middleware.ExceptionHandlingMiddleware.InvokeAsync(HttpContext context)
2026-05-19 14:04:40.0089 [ERROR] TapHoa.Api.Middleware.ExceptionHandlingMiddleware - Unhandled exception for GET /api/v1/orders/all System.Runtime.CompilerServices.HotReloadException: Attempted to invoke lambda or local function with an unsupported change made while the application is running: C:\code\dotnet\TapHoa2\src\Presentation\TapHoa.Api\Endpoints\V1\Orders\OrderEndpoints.cs(34,36): error ENC0053: Changing the parameters of lambda requires restarting the application.
   at TapHoa.Api.Endpoints.V1.Orders.OrderEndpoints.<>c.<MapOrderEndpoints>b__0_2(IMediator mediator, Int32 page, Int32 pageSize, Nullable`1 status)
   at lambda_method49(Closure, Object, HttpContext)
   at Microsoft.AspNetCore.Routing.EndpointMiddleware.Invoke(HttpContext httpContext)
   at Microsoft.AspNetCore.Authorization.AuthorizationMiddleware.Invoke(HttpContext context)
   at Microsoft.AspNetCore.Authentication.AuthenticationMiddleware.Invoke(HttpContext context)
   at TapHoa.Api.Middleware.ExceptionHandlingMiddleware.InvokeAsync(HttpContext context)
2026-05-19 14:04:41.7647 [ERROR] TapHoa.Api.Middleware.ExceptionHandlingMiddleware - Unhandled exception for GET /api/v1/orders/all System.Runtime.CompilerServices.HotReloadException: Attempted to invoke lambda or local function with an unsupported change made while the application is running: C:\code\dotnet\TapHoa2\src\Presentation\TapHoa.Api\Endpoints\V1\Orders\OrderEndpoints.cs(34,36): error ENC0053: Changing the parameters of lambda requires restarting the application.
   at TapHoa.Api.Endpoints.V1.Orders.OrderEndpoints.<>c.<MapOrderEndpoints>b__0_2(IMediator mediator, Int32 page, Int32 pageSize, Nullable`1 status)
   at lambda_method49(Closure, Object, HttpContext)
   at Microsoft.AspNetCore.Routing.EndpointMiddleware.Invoke(HttpContext httpContext)
   at Microsoft.AspNetCore.Authorization.AuthorizationMiddleware.Invoke(HttpContext context)
   at Microsoft.AspNetCore.Authentication.AuthenticationMiddleware.Invoke(HttpContext context)
   at TapHoa.Api.Middleware.ExceptionHandlingMiddleware.InvokeAsync(HttpContext context)
2026-05-19 14:04:42.7779 [ERROR] TapHoa.Api.Middleware.ExceptionHandlingMiddleware - Unhandled exception for GET /api/v1/orders/all System.Runtime.CompilerServices.HotReloadException: Attempted to invoke lambda or local function with an unsupported change made while the application is running: C:\code\dotnet\TapHoa2\src\Presentation\TapHoa.Api\Endpoints\V1\Orders\OrderEndpoints.cs(34,36): error ENC0053: Changing the parameters of lambda requires restarting the application.
   at TapHoa.Api.Endpoints.V1.Orders.OrderEndpoints.<>c.<MapOrderEndpoints>b__0_2(IMediator mediator, Int32 page, Int32 pageSize, Nullable`1 status)
   at lambda_method49(Closure, Object, HttpContext)
   at Microsoft.AspNetCore.Routing.EndpointMiddleware.Invoke(HttpContext httpContext)
   at Microsoft.AspNetCore.Authorization.AuthorizationMiddleware.Invoke(HttpContext context)
   at Microsoft.AspNetCore.Authentication.AuthenticationMiddleware.Invoke(HttpContext context)
   at TapHoa.Api.Middleware.ExceptionHandlingMiddleware.InvokeAsync(HttpContext context)
2026-05-19 14:04:46.1154 [ERROR] TapHoa.Api.Middleware.ExceptionHandlingMiddleware - Unhandled exception for GET /api/v1/orders/all System.Runtime.CompilerServices.HotReloadException: Attempted to invoke lambda or local function with an unsupported change made while the application is running: C:\code\dotnet\TapHoa2\src\Presentation\TapHoa.Api\Endpoints\V1\Orders\OrderEndpoints.cs(34,36): error ENC0053: Changing the parameters of lambda requires restarting the application.
   at TapHoa.Api.Endpoints.V1.Orders.OrderEndpoints.<>c.<MapOrderEndpoints>b__0_2(IMediator mediator, Int32 page, Int32 pageSize, Nullable`1 status)
   at lambda_method49(Closure, Object, HttpContext)
   at Microsoft.AspNetCore.Routing.EndpointMiddleware.Invoke(HttpContext httpContext)
   at Microsoft.AspNetCore.Authorization.AuthorizationMiddleware.Invoke(HttpContext context)
   at Microsoft.AspNetCore.Authentication.AuthenticationMiddleware.Invoke(HttpContext context)
   at TapHoa.Api.Middleware.ExceptionHandlingMiddleware.InvokeAsync(HttpContext context)
2026-05-19 14:04:47.1231 [ERROR] TapHoa.Api.Middleware.ExceptionHandlingMiddleware - Unhandled exception for GET /api/v1/orders/all System.Runtime.CompilerServices.HotReloadException: Attempted to invoke lambda or local function with an unsupported change made while the application is running: C:\code\dotnet\TapHoa2\src\Presentation\TapHoa.Api\Endpoints\V1\Orders\OrderEndpoints.cs(34,36): error ENC0053: Changing the parameters of lambda requires restarting the application.
   at TapHoa.Api.Endpoints.V1.Orders.OrderEndpoints.<>c.<MapOrderEndpoints>b__0_2(IMediator mediator, Int32 page, Int32 pageSize, Nullable`1 status)
   at lambda_method49(Closure, Object, HttpContext)
   at Microsoft.AspNetCore.Routing.EndpointMiddleware.Invoke(HttpContext httpContext)
   at Microsoft.AspNetCore.Authorization.AuthorizationMiddleware.Invoke(HttpContext context)
   at Microsoft.AspNetCore.Authentication.AuthenticationMiddleware.Invoke(HttpContext context)
   at TapHoa.Api.Middleware.ExceptionHandlingMiddleware.InvokeAsync(HttpContext context)
2026-05-19 14:04:47.6330 [ERROR] TapHoa.Api.Middleware.ExceptionHandlingMiddleware - Unhandled exception for GET /api/v1/orders/all System.Runtime.CompilerServices.HotReloadException: Attempted to invoke lambda or local function with an unsupported change made while the application is running: C:\code\dotnet\TapHoa2\src\Presentation\TapHoa.Api\Endpoints\V1\Orders\OrderEndpoints.cs(34,36): error ENC0053: Changing the parameters of lambda requires restarting the application.
   at TapHoa.Api.Endpoints.V1.Orders.OrderEndpoints.<>c.<MapOrderEndpoints>b__0_2(IMediator mediator, Int32 page, Int32 pageSize, Nullable`1 status)
   at lambda_method49(Closure, Object, HttpContext)
   at Microsoft.AspNetCore.Routing.EndpointMiddleware.Invoke(HttpContext httpContext)
   at Microsoft.AspNetCore.Authorization.AuthorizationMiddleware.Invoke(HttpContext context)
   at Microsoft.AspNetCore.Authentication.AuthenticationMiddleware.Invoke(HttpContext context)
   at TapHoa.Api.Middleware.ExceptionHandlingMiddleware.InvokeAsync(HttpContext context)
2026-05-19 14:04:48.6428 [ERROR] TapHoa.Api.Middleware.ExceptionHandlingMiddleware - Unhandled exception for GET /api/v1/orders/all System.Runtime.CompilerServices.HotReloadException: Attempted to invoke lambda or local function with an unsupported change made while the application is running: C:\code\dotnet\TapHoa2\src\Presentation\TapHoa.Api\Endpoints\V1\Orders\OrderEndpoints.cs(34,36): error ENC0053: Changing the parameters of lambda requires restarting the application.
   at TapHoa.Api.Endpoints.V1.Orders.OrderEndpoints.<>c.<MapOrderEndpoints>b__0_2(IMediator mediator, Int32 page, Int32 pageSize, Nullable`1 status)
   at lambda_method49(Closure, Object, HttpContext)
   at Microsoft.AspNetCore.Routing.EndpointMiddleware.Invoke(HttpContext httpContext)
   at Microsoft.AspNetCore.Authorization.AuthorizationMiddleware.Invoke(HttpContext context)
   at Microsoft.AspNetCore.Authentication.AuthenticationMiddleware.Invoke(HttpContext context)
   at TapHoa.Api.Middleware.ExceptionHandlingMiddleware.InvokeAsync(HttpContext context)
2026-05-19 14:04:49.1649 [ERROR] TapHoa.Api.Middleware.ExceptionHandlingMiddleware - Unhandled exception for GET /api/v1/orders/all System.Runtime.CompilerServices.HotReloadException: Attempted to invoke lambda or local function with an unsupported change made while the application is running: C:\code\dotnet\TapHoa2\src\Presentation\TapHoa.Api\Endpoints\V1\Orders\OrderEndpoints.cs(34,36): error ENC0053: Changing the parameters of lambda requires restarting the application.
   at TapHoa.Api.Endpoints.V1.Orders.OrderEndpoints.<>c.<MapOrderEndpoints>b__0_2(IMediator mediator, Int32 page, Int32 pageSize, Nullable`1 status)
   at lambda_method49(Closure, Object, HttpContext)
   at Microsoft.AspNetCore.Routing.EndpointMiddleware.Invoke(HttpContext httpContext)
   at Microsoft.AspNetCore.Authorization.AuthorizationMiddleware.Invoke(HttpContext context)
   at Microsoft.AspNetCore.Authentication.AuthenticationMiddleware.Invoke(HttpContext context)
   at TapHoa.Api.Middleware.ExceptionHandlingMiddleware.InvokeAsync(HttpContext context)
2026-05-19 14:04:50.1728 [ERROR] TapHoa.Api.Middleware.ExceptionHandlingMiddleware - Unhandled exception for GET /api/v1/orders/all System.Runtime.CompilerServices.HotReloadException: Attempted to invoke lambda or local function with an unsupported change made while the application is running: C:\code\dotnet\TapHoa2\src\Presentation\TapHoa.Api\Endpoints\V1\Orders\OrderEndpoints.cs(34,36): error ENC0053: Changing the parameters of lambda requires restarting the application.
   at TapHoa.Api.Endpoints.V1.Orders.OrderEndpoints.<>c.<MapOrderEndpoints>b__0_2(IMediator mediator, Int32 page, Int32 pageSize, Nullable`1 status)
   at lambda_method49(Closure, Object, HttpContext)
   at Microsoft.AspNetCore.Routing.EndpointMiddleware.Invoke(HttpContext httpContext)
   at Microsoft.AspNetCore.Authorization.AuthorizationMiddleware.Invoke(HttpContext context)
   at Microsoft.AspNetCore.Authentication.AuthenticationMiddleware.Invoke(HttpContext context)
   at TapHoa.Api.Middleware.ExceptionHandlingMiddleware.InvokeAsync(HttpContext context)
2026-05-19 14:04:51.5287 [ERROR] TapHoa.Api.Middleware.ExceptionHandlingMiddleware - Unhandled exception for GET /api/v1/orders/all System.Runtime.CompilerServices.HotReloadException: Attempted to invoke lambda or local function with an unsupported change made while the application is running: C:\code\dotnet\TapHoa2\src\Presentation\TapHoa.Api\Endpoints\V1\Orders\OrderEndpoints.cs(34,36): error ENC0053: Changing the parameters of lambda requires restarting the application.
   at TapHoa.Api.Endpoints.V1.Orders.OrderEndpoints.<>c.<MapOrderEndpoints>b__0_2(IMediator mediator, Int32 page, Int32 pageSize, Nullable`1 status)
   at lambda_method49(Closure, Object, HttpContext)
   at Microsoft.AspNetCore.Routing.EndpointMiddleware.Invoke(HttpContext httpContext)
   at Microsoft.AspNetCore.Authorization.AuthorizationMiddleware.Invoke(HttpContext context)
   at Microsoft.AspNetCore.Authentication.AuthenticationMiddleware.Invoke(HttpContext context)
   at TapHoa.Api.Middleware.ExceptionHandlingMiddleware.InvokeAsync(HttpContext context)
2026-05-19 14:04:52.5373 [ERROR] TapHoa.Api.Middleware.ExceptionHandlingMiddleware - Unhandled exception for GET /api/v1/orders/all System.Runtime.CompilerServices.HotReloadException: Attempted to invoke lambda or local function with an unsupported change made while the application is running: C:\code\dotnet\TapHoa2\src\Presentation\TapHoa.Api\Endpoints\V1\Orders\OrderEndpoints.cs(34,36): error ENC0053: Changing the parameters of lambda requires restarting the application.
   at TapHoa.Api.Endpoints.V1.Orders.OrderEndpoints.<>c.<MapOrderEndpoints>b__0_2(IMediator mediator, Int32 page, Int32 pageSize, Nullable`1 status)
   at lambda_method49(Closure, Object, HttpContext)
   at Microsoft.AspNetCore.Routing.EndpointMiddleware.Invoke(HttpContext httpContext)
   at Microsoft.AspNetCore.Authorization.AuthorizationMiddleware.Invoke(HttpContext context)
   at Microsoft.AspNetCore.Authentication.AuthenticationMiddleware.Invoke(HttpContext context)
   at TapHoa.Api.Middleware.ExceptionHandlingMiddleware.InvokeAsync(HttpContext context)
2026-05-19 14:04:53.4725 [ERROR] TapHoa.Api.Middleware.ExceptionHandlingMiddleware - Unhandled exception for GET /api/v1/orders/all System.Runtime.CompilerServices.HotReloadException: Attempted to invoke lambda or local function with an unsupported change made while the application is running: C:\code\dotnet\TapHoa2\src\Presentation\TapHoa.Api\Endpoints\V1\Orders\OrderEndpoints.cs(34,36): error ENC0053: Changing the parameters of lambda requires restarting the application.
   at TapHoa.Api.Endpoints.V1.Orders.OrderEndpoints.<>c.<MapOrderEndpoints>b__0_2(IMediator mediator, Int32 page, Int32 pageSize, Nullable`1 status)
   at lambda_method49(Closure, Object, HttpContext)
   at Microsoft.AspNetCore.Routing.EndpointMiddleware.Invoke(HttpContext httpContext)
   at Microsoft.AspNetCore.Authorization.AuthorizationMiddleware.Invoke(HttpContext context)
   at Microsoft.AspNetCore.Authentication.AuthenticationMiddleware.Invoke(HttpContext context)
   at TapHoa.Api.Middleware.ExceptionHandlingMiddleware.InvokeAsync(HttpContext context)
2026-05-19 14:04:54.4830 [ERROR] TapHoa.Api.Middleware.ExceptionHandlingMiddleware - Unhandled exception for GET /api/v1/orders/all System.Runtime.CompilerServices.HotReloadException: Attempted to invoke lambda or local function with an unsupported change made while the application is running: C:\code\dotnet\TapHoa2\src\Presentation\TapHoa.Api\Endpoints\V1\Orders\OrderEndpoints.cs(34,36): error ENC0053: Changing the parameters of lambda requires restarting the application.
   at TapHoa.Api.Endpoints.V1.Orders.OrderEndpoints.<>c.<MapOrderEndpoints>b__0_2(IMediator mediator, Int32 page, Int32 pageSize, Nullable`1 status)
   at lambda_method49(Closure, Object, HttpContext)
   at Microsoft.AspNetCore.Routing.EndpointMiddleware.Invoke(HttpContext httpContext)
   at Microsoft.AspNetCore.Authorization.AuthorizationMiddleware.Invoke(HttpContext context)
   at Microsoft.AspNetCore.Authentication.AuthenticationMiddleware.Invoke(HttpContext context)
   at TapHoa.Api.Middleware.ExceptionHandlingMiddleware.InvokeAsync(HttpContext context)
2026-05-19 14:05:03.4926 [ERROR] TapHoa.Api.Middleware.ExceptionHandlingMiddleware - Unhandled exception for GET /api/v1/orders/all System.Runtime.CompilerServices.HotReloadException: Attempted to invoke lambda or local function with an unsupported change made while the application is running: C:\code\dotnet\TapHoa2\src\Presentation\TapHoa.Api\Endpoints\V1\Orders\OrderEndpoints.cs(34,36): error ENC0053: Changing the parameters of lambda requires restarting the application.
   at TapHoa.Api.Endpoints.V1.Orders.OrderEndpoints.<>c.<MapOrderEndpoints>b__0_2(IMediator mediator, Int32 page, Int32 pageSize, Nullable`1 status)
   at lambda_method49(Closure, Object, HttpContext)
   at Microsoft.AspNetCore.Routing.EndpointMiddleware.Invoke(HttpContext httpContext)
   at Microsoft.AspNetCore.Authorization.AuthorizationMiddleware.Invoke(HttpContext context)
   at Microsoft.AspNetCore.Authentication.AuthenticationMiddleware.Invoke(HttpContext context)
   at TapHoa.Api.Middleware.ExceptionHandlingMiddleware.InvokeAsync(HttpContext context)
2026-05-19 14:05:04.5301 [ERROR] TapHoa.Api.Middleware.ExceptionHandlingMiddleware - Unhandled exception for GET /api/v1/orders/all System.Runtime.CompilerServices.HotReloadException: Attempted to invoke lambda or local function with an unsupported change made while the application is running: C:\code\dotnet\TapHoa2\src\Presentation\TapHoa.Api\Endpoints\V1\Orders\OrderEndpoints.cs(34,36): error ENC0053: Changing the parameters of lambda requires restarting the application.
   at TapHoa.Api.Endpoints.V1.Orders.OrderEndpoints.<>c.<MapOrderEndpoints>b__0_2(IMediator mediator, Int32 page, Int32 pageSize, Nullable`1 status)
   at lambda_method49(Closure, Object, HttpContext)
   at Microsoft.AspNetCore.Routing.EndpointMiddleware.Invoke(HttpContext httpContext)
   at Microsoft.AspNetCore.Authorization.AuthorizationMiddleware.Invoke(HttpContext context)
   at Microsoft.AspNetCore.Authentication.AuthenticationMiddleware.Invoke(HttpContext context)
   at TapHoa.Api.Middleware.ExceptionHandlingMiddleware.InvokeAsync(HttpContext context)
2026-05-19 14:05:14.7618 [ERROR] TapHoa.Api.Middleware.ExceptionHandlingMiddleware - Unhandled exception for GET /api/v1/orders/all System.Runtime.CompilerServices.HotReloadException: Attempted to invoke lambda or local function with an unsupported change made while the application is running: C:\code\dotnet\TapHoa2\src\Presentation\TapHoa.Api\Endpoints\V1\Orders\OrderEndpoints.cs(34,36): error ENC0053: Changing the parameters of lambda requires restarting the application.
   at TapHoa.Api.Endpoints.V1.Orders.OrderEndpoints.<>c.<MapOrderEndpoints>b__0_2(IMediator mediator, Int32 page, Int32 pageSize, Nullable`1 status)
   at lambda_method49(Closure, Object, HttpContext)
   at Microsoft.AspNetCore.Routing.EndpointMiddleware.Invoke(HttpContext httpContext)
   at Microsoft.AspNetCore.Authorization.AuthorizationMiddleware.Invoke(HttpContext context)
   at Microsoft.AspNetCore.Authentication.AuthenticationMiddleware.Invoke(HttpContext context)
   at TapHoa.Api.Middleware.ExceptionHandlingMiddleware.InvokeAsync(HttpContext context)
2026-05-19 14:05:15.7853 [ERROR] TapHoa.Api.Middleware.ExceptionHandlingMiddleware - Unhandled exception for GET /api/v1/orders/all System.Runtime.CompilerServices.HotReloadException: Attempted to invoke lambda or local function with an unsupported change made while the application is running: C:\code\dotnet\TapHoa2\src\Presentation\TapHoa.Api\Endpoints\V1\Orders\OrderEndpoints.cs(34,36): error ENC0053: Changing the parameters of lambda requires restarting the application.
   at TapHoa.Api.Endpoints.V1.Orders.OrderEndpoints.<>c.<MapOrderEndpoints>b__0_2(IMediator mediator, Int32 page, Int32 pageSize, Nullable`1 status)
   at lambda_method49(Closure, Object, HttpContext)
   at Microsoft.AspNetCore.Routing.EndpointMiddleware.Invoke(HttpContext httpContext)
   at Microsoft.AspNetCore.Authorization.AuthorizationMiddleware.Invoke(HttpContext context)
   at Microsoft.AspNetCore.Authentication.AuthenticationMiddleware.Invoke(HttpContext context)
   at TapHoa.Api.Middleware.ExceptionHandlingMiddleware.InvokeAsync(HttpContext context)
2026-05-19 14:05:16.3023 [ERROR] TapHoa.Api.Middleware.ExceptionHandlingMiddleware - Unhandled exception for GET /api/v1/orders/all System.Runtime.CompilerServices.HotReloadException: Attempted to invoke lambda or local function with an unsupported change made while the application is running: C:\code\dotnet\TapHoa2\src\Presentation\TapHoa.Api\Endpoints\V1\Orders\OrderEndpoints.cs(34,36): error ENC0053: Changing the parameters of lambda requires restarting the application.
   at TapHoa.Api.Endpoints.V1.Orders.OrderEndpoints.<>c.<MapOrderEndpoints>b__0_2(IMediator mediator, Int32 page, Int32 pageSize, Nullable`1 status)
   at lambda_method49(Closure, Object, HttpContext)
   at Microsoft.AspNetCore.Routing.EndpointMiddleware.Invoke(HttpContext httpContext)
   at Microsoft.AspNetCore.Authorization.AuthorizationMiddleware.Invoke(HttpContext context)
   at Microsoft.AspNetCore.Authentication.AuthenticationMiddleware.Invoke(HttpContext context)
   at TapHoa.Api.Middleware.ExceptionHandlingMiddleware.InvokeAsync(HttpContext context)
2026-05-19 14:05:17.3255 [ERROR] TapHoa.Api.Middleware.ExceptionHandlingMiddleware - Unhandled exception for GET /api/v1/orders/all System.Runtime.CompilerServices.HotReloadException: Attempted to invoke lambda or local function with an unsupported change made while the application is running: C:\code\dotnet\TapHoa2\src\Presentation\TapHoa.Api\Endpoints\V1\Orders\OrderEndpoints.cs(34,36): error ENC0053: Changing the parameters of lambda requires restarting the application.
   at TapHoa.Api.Endpoints.V1.Orders.OrderEndpoints.<>c.<MapOrderEndpoints>b__0_2(IMediator mediator, Int32 page, Int32 pageSize, Nullable`1 status)
   at lambda_method49(Closure, Object, HttpContext)
   at Microsoft.AspNetCore.Routing.EndpointMiddleware.Invoke(HttpContext httpContext)
   at Microsoft.AspNetCore.Authorization.AuthorizationMiddleware.Invoke(HttpContext context)
   at Microsoft.AspNetCore.Authentication.AuthenticationMiddleware.Invoke(HttpContext context)
   at TapHoa.Api.Middleware.ExceptionHandlingMiddleware.InvokeAsync(HttpContext context)
2026-05-19 14:05:18.0229 [ERROR] TapHoa.Api.Middleware.ExceptionHandlingMiddleware - Unhandled exception for GET /api/v1/orders/all System.Runtime.CompilerServices.HotReloadException: Attempted to invoke lambda or local function with an unsupported change made while the application is running: C:\code\dotnet\TapHoa2\src\Presentation\TapHoa.Api\Endpoints\V1\Orders\OrderEndpoints.cs(34,36): error ENC0053: Changing the parameters of lambda requires restarting the application.
   at TapHoa.Api.Endpoints.V1.Orders.OrderEndpoints.<>c.<MapOrderEndpoints>b__0_2(IMediator mediator, Int32 page, Int32 pageSize, Nullable`1 status)
   at lambda_method49(Closure, Object, HttpContext)
   at Microsoft.AspNetCore.Routing.EndpointMiddleware.Invoke(HttpContext httpContext)
   at Microsoft.AspNetCore.Authorization.AuthorizationMiddleware.Invoke(HttpContext context)
   at Microsoft.AspNetCore.Authentication.AuthenticationMiddleware.Invoke(HttpContext context)
   at TapHoa.Api.Middleware.ExceptionHandlingMiddleware.InvokeAsync(HttpContext context)
2026-05-19 14:05:19.0486 [ERROR] TapHoa.Api.Middleware.ExceptionHandlingMiddleware - Unhandled exception for GET /api/v1/orders/all System.Runtime.CompilerServices.HotReloadException: Attempted to invoke lambda or local function with an unsupported change made while the application is running: C:\code\dotnet\TapHoa2\src\Presentation\TapHoa.Api\Endpoints\V1\Orders\OrderEndpoints.cs(34,36): error ENC0053: Changing the parameters of lambda requires restarting the application.
   at TapHoa.Api.Endpoints.V1.Orders.OrderEndpoints.<>c.<MapOrderEndpoints>b__0_2(IMediator mediator, Int32 page, Int32 pageSize, Nullable`1 status)
   at lambda_method49(Closure, Object, HttpContext)
   at Microsoft.AspNetCore.Routing.EndpointMiddleware.Invoke(HttpContext httpContext)
   at Microsoft.AspNetCore.Authorization.AuthorizationMiddleware.Invoke(HttpContext context)
   at Microsoft.AspNetCore.Authentication.AuthenticationMiddleware.Invoke(HttpContext context)
   at TapHoa.Api.Middleware.ExceptionHandlingMiddleware.InvokeAsync(HttpContext context)
2026-05-19 14:05:20.0498 [ERROR] TapHoa.Api.Middleware.ExceptionHandlingMiddleware - Unhandled exception for GET /api/v1/orders/all System.Runtime.CompilerServices.HotReloadException: Attempted to invoke lambda or local function with an unsupported change made while the application is running: C:\code\dotnet\TapHoa2\src\Presentation\TapHoa.Api\Endpoints\V1\Orders\OrderEndpoints.cs(34,36): error ENC0053: Changing the parameters of lambda requires restarting the application.
   at TapHoa.Api.Endpoints.V1.Orders.OrderEndpoints.<>c.<MapOrderEndpoints>b__0_2(IMediator mediator, Int32 page, Int32 pageSize, Nullable`1 status)
   at lambda_method49(Closure, Object, HttpContext)
   at Microsoft.AspNetCore.Routing.EndpointMiddleware.Invoke(HttpContext httpContext)
   at Microsoft.AspNetCore.Authorization.AuthorizationMiddleware.Invoke(HttpContext context)
   at Microsoft.AspNetCore.Authentication.AuthenticationMiddleware.Invoke(HttpContext context)
   at TapHoa.Api.Middleware.ExceptionHandlingMiddleware.InvokeAsync(HttpContext context)
2026-05-19 14:05:21.0751 [ERROR] TapHoa.Api.Middleware.ExceptionHandlingMiddleware - Unhandled exception for GET /api/v1/orders/all System.Runtime.CompilerServices.HotReloadException: Attempted to invoke lambda or local function with an unsupported change made while the application is running: C:\code\dotnet\TapHoa2\src\Presentation\TapHoa.Api\Endpoints\V1\Orders\OrderEndpoints.cs(34,36): error ENC0053: Changing the parameters of lambda requires restarting the application.
   at TapHoa.Api.Endpoints.V1.Orders.OrderEndpoints.<>c.<MapOrderEndpoints>b__0_2(IMediator mediator, Int32 page, Int32 pageSize, Nullable`1 status)
   at lambda_method49(Closure, Object, HttpContext)
   at Microsoft.AspNetCore.Routing.EndpointMiddleware.Invoke(HttpContext httpContext)
   at Microsoft.AspNetCore.Authorization.AuthorizationMiddleware.Invoke(HttpContext context)
   at Microsoft.AspNetCore.Authentication.AuthenticationMiddleware.Invoke(HttpContext context)
   at TapHoa.Api.Middleware.ExceptionHandlingMiddleware.InvokeAsync(HttpContext context)
2026-05-19 14:11:45.4904 [INFO] TapHoa.Api.Program - Starting TapHoa API 
2026-05-19 14:11:46.3638 [WARN] LuckyPennySoftware.MediatR.License - You do not have a valid license key for the Lucky Penny software MediatR. This is allowed for development and testing scenarios. If you are running in production you are required to have a licensed version. Please visit https://luckypennysoftware.com to obtain a valid license. 
2026-05-19 14:11:46.3638 [WARN] LuckyPennySoftware.MediatR.License - You do not have a valid license key for the Lucky Penny software MediatR. This is allowed for development and testing scenarios. If you are running in production you are required to have a licensed version. Please visit https://luckypennysoftware.com to obtain a valid license. 
2026-05-19 14:20:48.3758 [ERROR] TapHoa.Api.Middleware.ExceptionHandlingMiddleware - Unhandled exception for PATCH /api/v1/orders/94525e7f-f61e-4579-bb24-6065a324050d/status Microsoft.AspNetCore.Http.BadHttpRequestException: Failed to read parameter "UpdateStatusRequest body" from the request body as JSON.
 ---> System.Text.Json.JsonException: The JSON value could not be converted to TapHoa.Api.Endpoints.V1.Orders.UpdateStatusRequest. Path: $.status | LineNumber: 0 | BytePositionInLine: 21.
   at System.Text.Json.ThrowHelper.ThrowJsonException(String message)
   at System.Text.Json.Serialization.Converters.EnumConverter`1.Read(Utf8JsonReader& reader, Type typeToConvert, JsonSerializerOptions options)
   at System.Text.Json.Serialization.JsonConverter`1.TryRead(Utf8JsonReader& reader, Type typeToConvert, JsonSerializerOptions options, ReadStack& state, T& value, Boolean& isPopulatedValue)
   at System.Text.Json.Serialization.Converters.SmallObjectWithParameterizedConstructorConverter`5.TryRead[TArg](ReadStack& state, Utf8JsonReader& reader, JsonParameterInfo jsonParameterInfo, TArg& arg)
   at System.Text.Json.Serialization.Converters.SmallObjectWithParameterizedConstructorConverter`5.ReadAndCacheConstructorArgument(ReadStack& state, Utf8JsonReader& reader, JsonParameterInfo jsonParameterInfo)
   at System.Text.Json.Serialization.Converters.ObjectWithParameterizedConstructorConverter`1.ReadConstructorArgumentsWithContinuation(ReadStack& state, Utf8JsonReader& reader, JsonSerializerOptions options)
   at System.Text.Json.Serialization.Converters.ObjectWithParameterizedConstructorConverter`1.OnTryRead(Utf8JsonReader& reader, Type typeToConvert, JsonSerializerOptions options, ReadStack& state, T& value)
   at System.Text.Json.Serialization.JsonConverter`1.TryRead(Utf8JsonReader& reader, Type typeToConvert, JsonSerializerOptions options, ReadStack& state, T& value, Boolean& isPopulatedValue)
   at System.Text.Json.Serialization.JsonConverter`1.ReadCore(Utf8JsonReader& reader, T& value, JsonSerializerOptions options, ReadStack& state)
   at System.Text.Json.Serialization.Metadata.JsonTypeInfo`1.ContinueDeserialize[TReadBufferState,TStream](TReadBufferState& bufferState, JsonReaderState& jsonReaderState, ReadStack& readStack, T& value)
   at System.Text.Json.Serialization.Metadata.JsonTypeInfo`1.DeserializeAsync[TReadBufferState,TStream](TStream utf8Json, TReadBufferState bufferState, CancellationToken cancellationToken)
   at System.Text.Json.Serialization.Metadata.JsonTypeInfo`1.DeserializeAsObjectAsync(PipeReader utf8Json, CancellationToken cancellationToken)
   at Microsoft.AspNetCore.Http.HttpRequestJsonExtensions.ReadFromJsonAsync(HttpRequest request, JsonTypeInfo jsonTypeInfo, CancellationToken cancellationToken)
   at Microsoft.AspNetCore.Http.HttpRequestJsonExtensions.ReadFromJsonAsync(HttpRequest request, JsonTypeInfo jsonTypeInfo, CancellationToken cancellationToken)
   at Microsoft.AspNetCore.Http.RequestDelegateFactory.<HandleRequestBodyAndCompileRequestDelegateForJson>g__TryReadBodyAsync|102_0(HttpContext httpContext, Type bodyType, String parameterTypeName, String parameterName, Boolean allowEmptyRequestBody, Boolean throwOnBadRequest, JsonTypeInfo jsonTypeInfo)
   --- End of inner exception stack trace ---
   at Microsoft.AspNetCore.Http.RequestDelegateFactory.Log.InvalidJsonRequestBody(HttpContext httpContext, String parameterTypeName, String parameterName, Exception exception, Boolean shouldThrow)
   at Microsoft.AspNetCore.Http.RequestDelegateFactory.<HandleRequestBodyAndCompileRequestDelegateForJson>g__TryReadBodyAsync|102_0(HttpContext httpContext, Type bodyType, String parameterTypeName, String parameterName, Boolean allowEmptyRequestBody, Boolean throwOnBadRequest, JsonTypeInfo jsonTypeInfo)
   at Microsoft.AspNetCore.Http.RequestDelegateFactory.<>c__DisplayClass102_2.<<HandleRequestBodyAndCompileRequestDelegateForJson>b__2>d.MoveNext()
--- End of stack trace from previous location ---
   at Microsoft.AspNetCore.Authorization.AuthorizationMiddleware.Invoke(HttpContext context)
   at Microsoft.AspNetCore.Authentication.AuthenticationMiddleware.Invoke(HttpContext context)
   at TapHoa.Api.Middleware.ExceptionHandlingMiddleware.InvokeAsync(HttpContext context) in C:\code\dotnet\TapHoa2\src\Presentation\TapHoa.Api\Middleware\ExceptionHandlingMiddleware.cs:line 12
2026-05-19 14:20:49.4432 [ERROR] TapHoa.Api.Middleware.ExceptionHandlingMiddleware - Unhandled exception for PATCH /api/v1/orders/94525e7f-f61e-4579-bb24-6065a324050d/status Microsoft.AspNetCore.Http.BadHttpRequestException: Failed to read parameter "UpdateStatusRequest body" from the request body as JSON.
 ---> System.Text.Json.JsonException: The JSON value could not be converted to TapHoa.Api.Endpoints.V1.Orders.UpdateStatusRequest. Path: $.status | LineNumber: 0 | BytePositionInLine: 21.
   at System.Text.Json.ThrowHelper.ThrowJsonException(String message)
   at System.Text.Json.Serialization.Converters.EnumConverter`1.Read(Utf8JsonReader& reader, Type typeToConvert, JsonSerializerOptions options)
   at System.Text.Json.Serialization.JsonConverter`1.TryRead(Utf8JsonReader& reader, Type typeToConvert, JsonSerializerOptions options, ReadStack& state, T& value, Boolean& isPopulatedValue)
   at System.Text.Json.Serialization.Converters.SmallObjectWithParameterizedConstructorConverter`5.TryRead[TArg](ReadStack& state, Utf8JsonReader& reader, JsonParameterInfo jsonParameterInfo, TArg& arg)
   at System.Text.Json.Serialization.Converters.SmallObjectWithParameterizedConstructorConverter`5.ReadAndCacheConstructorArgument(ReadStack& state, Utf8JsonReader& reader, JsonParameterInfo jsonParameterInfo)
   at System.Text.Json.Serialization.Converters.ObjectWithParameterizedConstructorConverter`1.ReadConstructorArgumentsWithContinuation(ReadStack& state, Utf8JsonReader& reader, JsonSerializerOptions options)
   at System.Text.Json.Serialization.Converters.ObjectWithParameterizedConstructorConverter`1.OnTryRead(Utf8JsonReader& reader, Type typeToConvert, JsonSerializerOptions options, ReadStack& state, T& value)
   at System.Text.Json.Serialization.JsonConverter`1.TryRead(Utf8JsonReader& reader, Type typeToConvert, JsonSerializerOptions options, ReadStack& state, T& value, Boolean& isPopulatedValue)
   at System.Text.Json.Serialization.JsonConverter`1.ReadCore(Utf8JsonReader& reader, T& value, JsonSerializerOptions options, ReadStack& state)
   at System.Text.Json.Serialization.Metadata.JsonTypeInfo`1.ContinueDeserialize[TReadBufferState,TStream](TReadBufferState& bufferState, JsonReaderState& jsonReaderState, ReadStack& readStack, T& value)
   at System.Text.Json.Serialization.Metadata.JsonTypeInfo`1.DeserializeAsync[TReadBufferState,TStream](TStream utf8Json, TReadBufferState bufferState, CancellationToken cancellationToken)
   at System.Text.Json.Serialization.Metadata.JsonTypeInfo`1.DeserializeAsObjectAsync(PipeReader utf8Json, CancellationToken cancellationToken)
   at Microsoft.AspNetCore.Http.HttpRequestJsonExtensions.ReadFromJsonAsync(HttpRequest request, JsonTypeInfo jsonTypeInfo, CancellationToken cancellationToken)
   at Microsoft.AspNetCore.Http.HttpRequestJsonExtensions.ReadFromJsonAsync(HttpRequest request, JsonTypeInfo jsonTypeInfo, CancellationToken cancellationToken)
   at Microsoft.AspNetCore.Http.RequestDelegateFactory.<HandleRequestBodyAndCompileRequestDelegateForJson>g__TryReadBodyAsync|102_0(HttpContext httpContext, Type bodyType, String parameterTypeName, String parameterName, Boolean allowEmptyRequestBody, Boolean throwOnBadRequest, JsonTypeInfo jsonTypeInfo)
   --- End of inner exception stack trace ---
   at Microsoft.AspNetCore.Http.RequestDelegateFactory.Log.InvalidJsonRequestBody(HttpContext httpContext, String parameterTypeName, String parameterName, Exception exception, Boolean shouldThrow)
   at Microsoft.AspNetCore.Http.RequestDelegateFactory.<HandleRequestBodyAndCompileRequestDelegateForJson>g__TryReadBodyAsync|102_0(HttpContext httpContext, Type bodyType, String parameterTypeName, String parameterName, Boolean allowEmptyRequestBody, Boolean throwOnBadRequest, JsonTypeInfo jsonTypeInfo)
   at Microsoft.AspNetCore.Http.RequestDelegateFactory.<>c__DisplayClass102_2.<<HandleRequestBodyAndCompileRequestDelegateForJson>b__2>d.MoveNext()
--- End of stack trace from previous location ---
   at Microsoft.AspNetCore.Authorization.AuthorizationMiddleware.Invoke(HttpContext context)
   at Microsoft.AspNetCore.Authentication.AuthenticationMiddleware.Invoke(HttpContext context)
   at TapHoa.Api.Middleware.ExceptionHandlingMiddleware.InvokeAsync(HttpContext context) in C:\code\dotnet\TapHoa2\src\Presentation\TapHoa.Api\Middleware\ExceptionHandlingMiddleware.cs:line 12
2026-05-19 14:20:52.6655 [ERROR] TapHoa.Api.Middleware.ExceptionHandlingMiddleware - Unhandled exception for PATCH /api/v1/orders/248c1dae-ded4-4ca1-8915-4f8868a4c04b/status Microsoft.AspNetCore.Http.BadHttpRequestException: Failed to read parameter "UpdateStatusRequest body" from the request body as JSON.
 ---> System.Text.Json.JsonException: The JSON value could not be converted to TapHoa.Api.Endpoints.V1.Orders.UpdateStatusRequest. Path: $.status | LineNumber: 0 | BytePositionInLine: 21.
   at System.Text.Json.ThrowHelper.ThrowJsonException(String message)
   at System.Text.Json.Serialization.Converters.EnumConverter`1.Read(Utf8JsonReader& reader, Type typeToConvert, JsonSerializerOptions options)
   at System.Text.Json.Serialization.JsonConverter`1.TryRead(Utf8JsonReader& reader, Type typeToConvert, JsonSerializerOptions options, ReadStack& state, T& value, Boolean& isPopulatedValue)
   at System.Text.Json.Serialization.Converters.SmallObjectWithParameterizedConstructorConverter`5.TryRead[TArg](ReadStack& state, Utf8JsonReader& reader, JsonParameterInfo jsonParameterInfo, TArg& arg)
   at System.Text.Json.Serialization.Converters.SmallObjectWithParameterizedConstructorConverter`5.ReadAndCacheConstructorArgument(ReadStack& state, Utf8JsonReader& reader, JsonParameterInfo jsonParameterInfo)
   at System.Text.Json.Serialization.Converters.ObjectWithParameterizedConstructorConverter`1.ReadConstructorArgumentsWithContinuation(ReadStack& state, Utf8JsonReader& reader, JsonSerializerOptions options)
   at System.Text.Json.Serialization.Converters.ObjectWithParameterizedConstructorConverter`1.OnTryRead(Utf8JsonReader& reader, Type typeToConvert, JsonSerializerOptions options, ReadStack& state, T& value)
   at System.Text.Json.Serialization.JsonConverter`1.TryRead(Utf8JsonReader& reader, Type typeToConvert, JsonSerializerOptions options, ReadStack& state, T& value, Boolean& isPopulatedValue)
   at System.Text.Json.Serialization.JsonConverter`1.ReadCore(Utf8JsonReader& reader, T& value, JsonSerializerOptions options, ReadStack& state)
   at System.Text.Json.Serialization.Metadata.JsonTypeInfo`1.ContinueDeserialize[TReadBufferState,TStream](TReadBufferState& bufferState, JsonReaderState& jsonReaderState, ReadStack& readStack, T& value)
   at System.Text.Json.Serialization.Metadata.JsonTypeInfo`1.DeserializeAsync[TReadBufferState,TStream](TStream utf8Json, TReadBufferState bufferState, CancellationToken cancellationToken)
   at System.Text.Json.Serialization.Metadata.JsonTypeInfo`1.DeserializeAsObjectAsync(PipeReader utf8Json, CancellationToken cancellationToken)
   at Microsoft.AspNetCore.Http.HttpRequestJsonExtensions.ReadFromJsonAsync(HttpRequest request, JsonTypeInfo jsonTypeInfo, CancellationToken cancellationToken)
   at Microsoft.AspNetCore.Http.HttpRequestJsonExtensions.ReadFromJsonAsync(HttpRequest request, JsonTypeInfo jsonTypeInfo, CancellationToken cancellationToken)
   at Microsoft.AspNetCore.Http.RequestDelegateFactory.<HandleRequestBodyAndCompileRequestDelegateForJson>g__TryReadBodyAsync|102_0(HttpContext httpContext, Type bodyType, String parameterTypeName, String parameterName, Boolean allowEmptyRequestBody, Boolean throwOnBadRequest, JsonTypeInfo jsonTypeInfo)
   --- End of inner exception stack trace ---
   at Microsoft.AspNetCore.Http.RequestDelegateFactory.Log.InvalidJsonRequestBody(HttpContext httpContext, String parameterTypeName, String parameterName, Exception exception, Boolean shouldThrow)
   at Microsoft.AspNetCore.Http.RequestDelegateFactory.<HandleRequestBodyAndCompileRequestDelegateForJson>g__TryReadBodyAsync|102_0(HttpContext httpContext, Type bodyType, String parameterTypeName, String parameterName, Boolean allowEmptyRequestBody, Boolean throwOnBadRequest, JsonTypeInfo jsonTypeInfo)
   at Microsoft.AspNetCore.Http.RequestDelegateFactory.<>c__DisplayClass102_2.<<HandleRequestBodyAndCompileRequestDelegateForJson>b__2>d.MoveNext()
--- End of stack trace from previous location ---
   at Microsoft.AspNetCore.Authorization.AuthorizationMiddleware.Invoke(HttpContext context)
   at Microsoft.AspNetCore.Authentication.AuthenticationMiddleware.Invoke(HttpContext context)
   at TapHoa.Api.Middleware.ExceptionHandlingMiddleware.InvokeAsync(HttpContext context) in C:\code\dotnet\TapHoa2\src\Presentation\TapHoa.Api\Middleware\ExceptionHandlingMiddleware.cs:line 12
2026-05-19 14:21:16.1921 [ERROR] TapHoa.Api.Middleware.ExceptionHandlingMiddleware - Unhandled exception for PATCH /api/v1/orders/248c1dae-ded4-4ca1-8915-4f8868a4c04b/status Microsoft.AspNetCore.Http.BadHttpRequestException: Failed to read parameter "UpdateStatusRequest body" from the request body as JSON.
 ---> System.Text.Json.JsonException: The JSON value could not be converted to TapHoa.Api.Endpoints.V1.Orders.UpdateStatusRequest. Path: $.status | LineNumber: 0 | BytePositionInLine: 21.
   at System.Text.Json.ThrowHelper.ThrowJsonException(String message)
   at System.Text.Json.Serialization.Converters.EnumConverter`1.Read(Utf8JsonReader& reader, Type typeToConvert, JsonSerializerOptions options)
   at System.Text.Json.Serialization.JsonConverter`1.TryRead(Utf8JsonReader& reader, Type typeToConvert, JsonSerializerOptions options, ReadStack& state, T& value, Boolean& isPopulatedValue)
   at System.Text.Json.Serialization.Converters.SmallObjectWithParameterizedConstructorConverter`5.TryRead[TArg](ReadStack& state, Utf8JsonReader& reader, JsonParameterInfo jsonParameterInfo, TArg& arg)
   at System.Text.Json.Serialization.Converters.SmallObjectWithParameterizedConstructorConverter`5.ReadAndCacheConstructorArgument(ReadStack& state, Utf8JsonReader& reader, JsonParameterInfo jsonParameterInfo)
   at System.Text.Json.Serialization.Converters.ObjectWithParameterizedConstructorConverter`1.ReadConstructorArgumentsWithContinuation(ReadStack& state, Utf8JsonReader& reader, JsonSerializerOptions options)
   at System.Text.Json.Serialization.Converters.ObjectWithParameterizedConstructorConverter`1.OnTryRead(Utf8JsonReader& reader, Type typeToConvert, JsonSerializerOptions options, ReadStack& state, T& value)
   at System.Text.Json.Serialization.JsonConverter`1.TryRead(Utf8JsonReader& reader, Type typeToConvert, JsonSerializerOptions options, ReadStack& state, T& value, Boolean& isPopulatedValue)
   at System.Text.Json.Serialization.JsonConverter`1.ReadCore(Utf8JsonReader& reader, T& value, JsonSerializerOptions options, ReadStack& state)
   at System.Text.Json.Serialization.Metadata.JsonTypeInfo`1.ContinueDeserialize[TReadBufferState,TStream](TReadBufferState& bufferState, JsonReaderState& jsonReaderState, ReadStack& readStack, T& value)
   at System.Text.Json.Serialization.Metadata.JsonTypeInfo`1.DeserializeAsync[TReadBufferState,TStream](TStream utf8Json, TReadBufferState bufferState, CancellationToken cancellationToken)
   at System.Text.Json.Serialization.Metadata.JsonTypeInfo`1.DeserializeAsObjectAsync(PipeReader utf8Json, CancellationToken cancellationToken)
   at Microsoft.AspNetCore.Http.HttpRequestJsonExtensions.ReadFromJsonAsync(HttpRequest request, JsonTypeInfo jsonTypeInfo, CancellationToken cancellationToken)
   at Microsoft.AspNetCore.Http.HttpRequestJsonExtensions.ReadFromJsonAsync(HttpRequest request, JsonTypeInfo jsonTypeInfo, CancellationToken cancellationToken)
   at Microsoft.AspNetCore.Http.RequestDelegateFactory.<HandleRequestBodyAndCompileRequestDelegateForJson>g__TryReadBodyAsync|102_0(HttpContext httpContext, Type bodyType, String parameterTypeName, String parameterName, Boolean allowEmptyRequestBody, Boolean throwOnBadRequest, JsonTypeInfo jsonTypeInfo)
   --- End of inner exception stack trace ---
   at Microsoft.AspNetCore.Http.RequestDelegateFactory.Log.InvalidJsonRequestBody(HttpContext httpContext, String parameterTypeName, String parameterName, Exception exception, Boolean shouldThrow)
   at Microsoft.AspNetCore.Http.RequestDelegateFactory.<HandleRequestBodyAndCompileRequestDelegateForJson>g__TryReadBodyAsync|102_0(HttpContext httpContext, Type bodyType, String parameterTypeName, String parameterName, Boolean allowEmptyRequestBody, Boolean throwOnBadRequest, JsonTypeInfo jsonTypeInfo)
   at Microsoft.AspNetCore.Http.RequestDelegateFactory.<>c__DisplayClass102_2.<<HandleRequestBodyAndCompileRequestDelegateForJson>b__2>d.MoveNext()
--- End of stack trace from previous location ---
   at Microsoft.AspNetCore.Authorization.AuthorizationMiddleware.Invoke(HttpContext context)
   at Microsoft.AspNetCore.Authentication.AuthenticationMiddleware.Invoke(HttpContext context)
   at TapHoa.Api.Middleware.ExceptionHandlingMiddleware.InvokeAsync(HttpContext context) in C:\code\dotnet\TapHoa2\src\Presentation\TapHoa.Api\Middleware\ExceptionHandlingMiddleware.cs:line 12
2026-05-19 14:25:47.0389 [ERROR] TapHoa.Api.Middleware.ExceptionHandlingMiddleware - Unhandled exception for PATCH /api/v1/orders/248c1dae-ded4-4ca1-8915-4f8868a4c04b/status Microsoft.AspNetCore.Http.BadHttpRequestException: Failed to read parameter "UpdateStatusRequest body" from the request body as JSON.
 ---> System.Text.Json.JsonException: The JSON value could not be converted to TapHoa.Api.Endpoints.V1.Orders.UpdateStatusRequest. Path: $.status | LineNumber: 0 | BytePositionInLine: 21.
   at System.Text.Json.ThrowHelper.ThrowJsonException(String message)
   at System.Text.Json.Serialization.Converters.EnumConverter`1.Read(Utf8JsonReader& reader, Type typeToConvert, JsonSerializerOptions options)
   at System.Text.Json.Serialization.JsonConverter`1.TryRead(Utf8JsonReader& reader, Type typeToConvert, JsonSerializerOptions options, ReadStack& state, T& value, Boolean& isPopulatedValue)
   at System.Text.Json.Serialization.Converters.SmallObjectWithParameterizedConstructorConverter`5.TryRead[TArg](ReadStack& state, Utf8JsonReader& reader, JsonParameterInfo jsonParameterInfo, TArg& arg)
   at System.Text.Json.Serialization.Converters.SmallObjectWithParameterizedConstructorConverter`5.ReadAndCacheConstructorArgument(ReadStack& state, Utf8JsonReader& reader, JsonParameterInfo jsonParameterInfo)
   at System.Text.Json.Serialization.Converters.ObjectWithParameterizedConstructorConverter`1.ReadConstructorArgumentsWithContinuation(ReadStack& state, Utf8JsonReader& reader, JsonSerializerOptions options)
   at System.Text.Json.Serialization.Converters.ObjectWithParameterizedConstructorConverter`1.OnTryRead(Utf8JsonReader& reader, Type typeToConvert, JsonSerializerOptions options, ReadStack& state, T& value)
   at System.Text.Json.Serialization.JsonConverter`1.TryRead(Utf8JsonReader& reader, Type typeToConvert, JsonSerializerOptions options, ReadStack& state, T& value, Boolean& isPopulatedValue)
   at System.Text.Json.Serialization.JsonConverter`1.ReadCore(Utf8JsonReader& reader, T& value, JsonSerializerOptions options, ReadStack& state)
   at System.Text.Json.Serialization.Metadata.JsonTypeInfo`1.ContinueDeserialize[TReadBufferState,TStream](TReadBufferState& bufferState, JsonReaderState& jsonReaderState, ReadStack& readStack, T& value)
   at System.Text.Json.Serialization.Metadata.JsonTypeInfo`1.DeserializeAsync[TReadBufferState,TStream](TStream utf8Json, TReadBufferState bufferState, CancellationToken cancellationToken)
   at System.Text.Json.Serialization.Metadata.JsonTypeInfo`1.DeserializeAsObjectAsync(PipeReader utf8Json, CancellationToken cancellationToken)
   at Microsoft.AspNetCore.Http.HttpRequestJsonExtensions.ReadFromJsonAsync(HttpRequest request, JsonTypeInfo jsonTypeInfo, CancellationToken cancellationToken)
   at Microsoft.AspNetCore.Http.HttpRequestJsonExtensions.ReadFromJsonAsync(HttpRequest request, JsonTypeInfo jsonTypeInfo, CancellationToken cancellationToken)
   at Microsoft.AspNetCore.Http.RequestDelegateFactory.<HandleRequestBodyAndCompileRequestDelegateForJson>g__TryReadBodyAsync|102_0(HttpContext httpContext, Type bodyType, String parameterTypeName, String parameterName, Boolean allowEmptyRequestBody, Boolean throwOnBadRequest, JsonTypeInfo jsonTypeInfo)
   --- End of inner exception stack trace ---
   at Microsoft.AspNetCore.Http.RequestDelegateFactory.Log.InvalidJsonRequestBody(HttpContext httpContext, String parameterTypeName, String parameterName, Exception exception, Boolean shouldThrow)
   at Microsoft.AspNetCore.Http.RequestDelegateFactory.<HandleRequestBodyAndCompileRequestDelegateForJson>g__TryReadBodyAsync|102_0(HttpContext httpContext, Type bodyType, String parameterTypeName, String parameterName, Boolean allowEmptyRequestBody, Boolean throwOnBadRequest, JsonTypeInfo jsonTypeInfo)
   at Microsoft.AspNetCore.Http.RequestDelegateFactory.<>c__DisplayClass102_2.<<HandleRequestBodyAndCompileRequestDelegateForJson>b__2>d.MoveNext()
--- End of stack trace from previous location ---
   at Microsoft.AspNetCore.Authorization.AuthorizationMiddleware.Invoke(HttpContext context)
   at Microsoft.AspNetCore.Authentication.AuthenticationMiddleware.Invoke(HttpContext context)
   at TapHoa.Api.Middleware.ExceptionHandlingMiddleware.InvokeAsync(HttpContext context)
2026-05-19 14:25:51.2376 [ERROR] TapHoa.Api.Middleware.ExceptionHandlingMiddleware - Unhandled exception for PATCH /api/v1/orders/94525e7f-f61e-4579-bb24-6065a324050d/status Microsoft.AspNetCore.Http.BadHttpRequestException: Failed to read parameter "UpdateStatusRequest body" from the request body as JSON.
 ---> System.Text.Json.JsonException: The JSON value could not be converted to TapHoa.Api.Endpoints.V1.Orders.UpdateStatusRequest. Path: $.status | LineNumber: 0 | BytePositionInLine: 21.
   at System.Text.Json.ThrowHelper.ThrowJsonException(String message)
   at System.Text.Json.Serialization.Converters.EnumConverter`1.Read(Utf8JsonReader& reader, Type typeToConvert, JsonSerializerOptions options)
   at System.Text.Json.Serialization.JsonConverter`1.TryRead(Utf8JsonReader& reader, Type typeToConvert, JsonSerializerOptions options, ReadStack& state, T& value, Boolean& isPopulatedValue)
   at System.Text.Json.Serialization.Converters.SmallObjectWithParameterizedConstructorConverter`5.TryRead[TArg](ReadStack& state, Utf8JsonReader& reader, JsonParameterInfo jsonParameterInfo, TArg& arg)
   at System.Text.Json.Serialization.Converters.SmallObjectWithParameterizedConstructorConverter`5.ReadAndCacheConstructorArgument(ReadStack& state, Utf8JsonReader& reader, JsonParameterInfo jsonParameterInfo)
   at System.Text.Json.Serialization.Converters.ObjectWithParameterizedConstructorConverter`1.ReadConstructorArgumentsWithContinuation(ReadStack& state, Utf8JsonReader& reader, JsonSerializerOptions options)
   at System.Text.Json.Serialization.Converters.ObjectWithParameterizedConstructorConverter`1.OnTryRead(Utf8JsonReader& reader, Type typeToConvert, JsonSerializerOptions options, ReadStack& state, T& value)
   at System.Text.Json.Serialization.JsonConverter`1.TryRead(Utf8JsonReader& reader, Type typeToConvert, JsonSerializerOptions options, ReadStack& state, T& value, Boolean& isPopulatedValue)
   at System.Text.Json.Serialization.JsonConverter`1.ReadCore(Utf8JsonReader& reader, T& value, JsonSerializerOptions options, ReadStack& state)
   at System.Text.Json.Serialization.Metadata.JsonTypeInfo`1.ContinueDeserialize[TReadBufferState,TStream](TReadBufferState& bufferState, JsonReaderState& jsonReaderState, ReadStack& readStack, T& value)
   at System.Text.Json.Serialization.Metadata.JsonTypeInfo`1.DeserializeAsync[TReadBufferState,TStream](TStream utf8Json, TReadBufferState bufferState, CancellationToken cancellationToken)
   at System.Text.Json.Serialization.Metadata.JsonTypeInfo`1.DeserializeAsObjectAsync(PipeReader utf8Json, CancellationToken cancellationToken)
   at Microsoft.AspNetCore.Http.HttpRequestJsonExtensions.ReadFromJsonAsync(HttpRequest request, JsonTypeInfo jsonTypeInfo, CancellationToken cancellationToken)
   at Microsoft.AspNetCore.Http.HttpRequestJsonExtensions.ReadFromJsonAsync(HttpRequest request, JsonTypeInfo jsonTypeInfo, CancellationToken cancellationToken)
   at Microsoft.AspNetCore.Http.RequestDelegateFactory.<HandleRequestBodyAndCompileRequestDelegateForJson>g__TryReadBodyAsync|102_0(HttpContext httpContext, Type bodyType, String parameterTypeName, String parameterName, Boolean allowEmptyRequestBody, Boolean throwOnBadRequest, JsonTypeInfo jsonTypeInfo)
   --- End of inner exception stack trace ---
   at Microsoft.AspNetCore.Http.RequestDelegateFactory.Log.InvalidJsonRequestBody(HttpContext httpContext, String parameterTypeName, String parameterName, Exception exception, Boolean shouldThrow)
   at Microsoft.AspNetCore.Http.RequestDelegateFactory.<HandleRequestBodyAndCompileRequestDelegateForJson>g__TryReadBodyAsync|102_0(HttpContext httpContext, Type bodyType, String parameterTypeName, String parameterName, Boolean allowEmptyRequestBody, Boolean throwOnBadRequest, JsonTypeInfo jsonTypeInfo)
   at Microsoft.AspNetCore.Http.RequestDelegateFactory.<>c__DisplayClass102_2.<<HandleRequestBodyAndCompileRequestDelegateForJson>b__2>d.MoveNext()
--- End of stack trace from previous location ---
   at Microsoft.AspNetCore.Authorization.AuthorizationMiddleware.Invoke(HttpContext context)
   at Microsoft.AspNetCore.Authentication.AuthenticationMiddleware.Invoke(HttpContext context)
   at TapHoa.Api.Middleware.ExceptionHandlingMiddleware.InvokeAsync(HttpContext context)
2026-05-19 14:26:20.5459 [ERROR] TapHoa.Api.Middleware.ExceptionHandlingMiddleware - Unhandled exception for PATCH /api/v1/orders/248c1dae-ded4-4ca1-8915-4f8868a4c04b/status Microsoft.AspNetCore.Http.BadHttpRequestException: Failed to read parameter "UpdateStatusRequest body" from the request body as JSON.
 ---> System.Text.Json.JsonException: The JSON value could not be converted to TapHoa.Api.Endpoints.V1.Orders.UpdateStatusRequest. Path: $.status | LineNumber: 0 | BytePositionInLine: 21.
   at System.Text.Json.ThrowHelper.ThrowJsonException(String message)
   at System.Text.Json.Serialization.Converters.EnumConverter`1.Read(Utf8JsonReader& reader, Type typeToConvert, JsonSerializerOptions options)
   at System.Text.Json.Serialization.JsonConverter`1.TryRead(Utf8JsonReader& reader, Type typeToConvert, JsonSerializerOptions options, ReadStack& state, T& value, Boolean& isPopulatedValue)
   at System.Text.Json.Serialization.Converters.SmallObjectWithParameterizedConstructorConverter`5.TryRead[TArg](ReadStack& state, Utf8JsonReader& reader, JsonParameterInfo jsonParameterInfo, TArg& arg)
   at System.Text.Json.Serialization.Converters.SmallObjectWithParameterizedConstructorConverter`5.ReadAndCacheConstructorArgument(ReadStack& state, Utf8JsonReader& reader, JsonParameterInfo jsonParameterInfo)
   at System.Text.Json.Serialization.Converters.ObjectWithParameterizedConstructorConverter`1.ReadConstructorArgumentsWithContinuation(ReadStack& state, Utf8JsonReader& reader, JsonSerializerOptions options)
   at System.Text.Json.Serialization.Converters.ObjectWithParameterizedConstructorConverter`1.OnTryRead(Utf8JsonReader& reader, Type typeToConvert, JsonSerializerOptions options, ReadStack& state, T& value)
   at System.Text.Json.Serialization.JsonConverter`1.TryRead(Utf8JsonReader& reader, Type typeToConvert, JsonSerializerOptions options, ReadStack& state, T& value, Boolean& isPopulatedValue)
   at System.Text.Json.Serialization.JsonConverter`1.ReadCore(Utf8JsonReader& reader, T& value, JsonSerializerOptions options, ReadStack& state)
   at System.Text.Json.Serialization.Metadata.JsonTypeInfo`1.ContinueDeserialize[TReadBufferState,TStream](TReadBufferState& bufferState, JsonReaderState& jsonReaderState, ReadStack& readStack, T& value)
   at System.Text.Json.Serialization.Metadata.JsonTypeInfo`1.DeserializeAsync[TReadBufferState,TStream](TStream utf8Json, TReadBufferState bufferState, CancellationToken cancellationToken)
   at System.Text.Json.Serialization.Metadata.JsonTypeInfo`1.DeserializeAsObjectAsync(PipeReader utf8Json, CancellationToken cancellationToken)
   at Microsoft.AspNetCore.Http.HttpRequestJsonExtensions.ReadFromJsonAsync(HttpRequest request, JsonTypeInfo jsonTypeInfo, CancellationToken cancellationToken)
   at Microsoft.AspNetCore.Http.HttpRequestJsonExtensions.ReadFromJsonAsync(HttpRequest request, JsonTypeInfo jsonTypeInfo, CancellationToken cancellationToken)
   at Microsoft.AspNetCore.Http.RequestDelegateFactory.<HandleRequestBodyAndCompileRequestDelegateForJson>g__TryReadBodyAsync|102_0(HttpContext httpContext, Type bodyType, String parameterTypeName, String parameterName, Boolean allowEmptyRequestBody, Boolean throwOnBadRequest, JsonTypeInfo jsonTypeInfo)
   --- End of inner exception stack trace ---
   at Microsoft.AspNetCore.Http.RequestDelegateFactory.Log.InvalidJsonRequestBody(HttpContext httpContext, String parameterTypeName, String parameterName, Exception exception, Boolean shouldThrow)
   at Microsoft.AspNetCore.Http.RequestDelegateFactory.<HandleRequestBodyAndCompileRequestDelegateForJson>g__TryReadBodyAsync|102_0(HttpContext httpContext, Type bodyType, String parameterTypeName, String parameterName, Boolean allowEmptyRequestBody, Boolean throwOnBadRequest, JsonTypeInfo jsonTypeInfo)
   at Microsoft.AspNetCore.Http.RequestDelegateFactory.<>c__DisplayClass102_2.<<HandleRequestBodyAndCompileRequestDelegateForJson>b__2>d.MoveNext()
--- End of stack trace from previous location ---
   at Microsoft.AspNetCore.Authorization.AuthorizationMiddleware.Invoke(HttpContext context)
   at Microsoft.AspNetCore.Authentication.AuthenticationMiddleware.Invoke(HttpContext context)
   at TapHoa.Api.Middleware.ExceptionHandlingMiddleware.InvokeAsync(HttpContext context)
2026-05-19 14:26:21.0045 [ERROR] TapHoa.Api.Middleware.ExceptionHandlingMiddleware - Unhandled exception for PATCH /api/v1/orders/248c1dae-ded4-4ca1-8915-4f8868a4c04b/status Microsoft.AspNetCore.Http.BadHttpRequestException: Failed to read parameter "UpdateStatusRequest body" from the request body as JSON.
 ---> System.Text.Json.JsonException: The JSON value could not be converted to TapHoa.Api.Endpoints.V1.Orders.UpdateStatusRequest. Path: $.status | LineNumber: 0 | BytePositionInLine: 21.
   at System.Text.Json.ThrowHelper.ThrowJsonException(String message)
   at System.Text.Json.Serialization.Converters.EnumConverter`1.Read(Utf8JsonReader& reader, Type typeToConvert, JsonSerializerOptions options)
   at System.Text.Json.Serialization.JsonConverter`1.TryRead(Utf8JsonReader& reader, Type typeToConvert, JsonSerializerOptions options, ReadStack& state, T& value, Boolean& isPopulatedValue)
   at System.Text.Json.Serialization.Converters.SmallObjectWithParameterizedConstructorConverter`5.TryRead[TArg](ReadStack& state, Utf8JsonReader& reader, JsonParameterInfo jsonParameterInfo, TArg& arg)
   at System.Text.Json.Serialization.Converters.SmallObjectWithParameterizedConstructorConverter`5.ReadAndCacheConstructorArgument(ReadStack& state, Utf8JsonReader& reader, JsonParameterInfo jsonParameterInfo)
   at System.Text.Json.Serialization.Converters.ObjectWithParameterizedConstructorConverter`1.ReadConstructorArgumentsWithContinuation(ReadStack& state, Utf8JsonReader& reader, JsonSerializerOptions options)
   at System.Text.Json.Serialization.Converters.ObjectWithParameterizedConstructorConverter`1.OnTryRead(Utf8JsonReader& reader, Type typeToConvert, JsonSerializerOptions options, ReadStack& state, T& value)
   at System.Text.Json.Serialization.JsonConverter`1.TryRead(Utf8JsonReader& reader, Type typeToConvert, JsonSerializerOptions options, ReadStack& state, T& value, Boolean& isPopulatedValue)
   at System.Text.Json.Serialization.JsonConverter`1.ReadCore(Utf8JsonReader& reader, T& value, JsonSerializerOptions options, ReadStack& state)
   at System.Text.Json.Serialization.Metadata.JsonTypeInfo`1.ContinueDeserialize[TReadBufferState,TStream](TReadBufferState& bufferState, JsonReaderState& jsonReaderState, ReadStack& readStack, T& value)
   at System.Text.Json.Serialization.Metadata.JsonTypeInfo`1.DeserializeAsync[TReadBufferState,TStream](TStream utf8Json, TReadBufferState bufferState, CancellationToken cancellationToken)
   at System.Text.Json.Serialization.Metadata.JsonTypeInfo`1.DeserializeAsObjectAsync(PipeReader utf8Json, CancellationToken cancellationToken)
   at Microsoft.AspNetCore.Http.HttpRequestJsonExtensions.ReadFromJsonAsync(HttpRequest request, JsonTypeInfo jsonTypeInfo, CancellationToken cancellationToken)
   at Microsoft.AspNetCore.Http.HttpRequestJsonExtensions.ReadFromJsonAsync(HttpRequest request, JsonTypeInfo jsonTypeInfo, CancellationToken cancellationToken)
   at Microsoft.AspNetCore.Http.RequestDelegateFactory.<HandleRequestBodyAndCompileRequestDelegateForJson>g__TryReadBodyAsync|102_0(HttpContext httpContext, Type bodyType, String parameterTypeName, String parameterName, Boolean allowEmptyRequestBody, Boolean throwOnBadRequest, JsonTypeInfo jsonTypeInfo)
   --- End of inner exception stack trace ---
   at Microsoft.AspNetCore.Http.RequestDelegateFactory.Log.InvalidJsonRequestBody(HttpContext httpContext, String parameterTypeName, String parameterName, Exception exception, Boolean shouldThrow)
   at Microsoft.AspNetCore.Http.RequestDelegateFactory.<HandleRequestBodyAndCompileRequestDelegateForJson>g__TryReadBodyAsync|102_0(HttpContext httpContext, Type bodyType, String parameterTypeName, String parameterName, Boolean allowEmptyRequestBody, Boolean throwOnBadRequest, JsonTypeInfo jsonTypeInfo)
   at Microsoft.AspNetCore.Http.RequestDelegateFactory.<>c__DisplayClass102_2.<<HandleRequestBodyAndCompileRequestDelegateForJson>b__2>d.MoveNext()
--- End of stack trace from previous location ---
   at Microsoft.AspNetCore.Authorization.AuthorizationMiddleware.Invoke(HttpContext context)
   at Microsoft.AspNetCore.Authentication.AuthenticationMiddleware.Invoke(HttpContext context)
   at TapHoa.Api.Middleware.ExceptionHandlingMiddleware.InvokeAsync(HttpContext context)
2026-05-19 14:26:21.1747 [ERROR] TapHoa.Api.Middleware.ExceptionHandlingMiddleware - Unhandled exception for PATCH /api/v1/orders/248c1dae-ded4-4ca1-8915-4f8868a4c04b/status Microsoft.AspNetCore.Http.BadHttpRequestException: Failed to read parameter "UpdateStatusRequest body" from the request body as JSON.
 ---> System.Text.Json.JsonException: The JSON value could not be converted to TapHoa.Api.Endpoints.V1.Orders.UpdateStatusRequest. Path: $.status | LineNumber: 0 | BytePositionInLine: 21.
   at System.Text.Json.ThrowHelper.ThrowJsonException(String message)
   at System.Text.Json.Serialization.Converters.EnumConverter`1.Read(Utf8JsonReader& reader, Type typeToConvert, JsonSerializerOptions options)
   at System.Text.Json.Serialization.JsonConverter`1.TryRead(Utf8JsonReader& reader, Type typeToConvert, JsonSerializerOptions options, ReadStack& state, T& value, Boolean& isPopulatedValue)
   at System.Text.Json.Serialization.Converters.SmallObjectWithParameterizedConstructorConverter`5.TryRead[TArg](ReadStack& state, Utf8JsonReader& reader, JsonParameterInfo jsonParameterInfo, TArg& arg)
   at System.Text.Json.Serialization.Converters.SmallObjectWithParameterizedConstructorConverter`5.ReadAndCacheConstructorArgument(ReadStack& state, Utf8JsonReader& reader, JsonParameterInfo jsonParameterInfo)
   at System.Text.Json.Serialization.Converters.ObjectWithParameterizedConstructorConverter`1.ReadConstructorArgumentsWithContinuation(ReadStack& state, Utf8JsonReader& reader, JsonSerializerOptions options)
   at System.Text.Json.Serialization.Converters.ObjectWithParameterizedConstructorConverter`1.OnTryRead(Utf8JsonReader& reader, Type typeToConvert, JsonSerializerOptions options, ReadStack& state, T& value)
   at System.Text.Json.Serialization.JsonConverter`1.TryRead(Utf8JsonReader& reader, Type typeToConvert, JsonSerializerOptions options, ReadStack& state, T& value, Boolean& isPopulatedValue)
   at System.Text.Json.Serialization.JsonConverter`1.ReadCore(Utf8JsonReader& reader, T& value, JsonSerializerOptions options, ReadStack& state)
   at System.Text.Json.Serialization.Metadata.JsonTypeInfo`1.ContinueDeserialize[TReadBufferState,TStream](TReadBufferState& bufferState, JsonReaderState& jsonReaderState, ReadStack& readStack, T& value)
   at System.Text.Json.Serialization.Metadata.JsonTypeInfo`1.DeserializeAsync[TReadBufferState,TStream](TStream utf8Json, TReadBufferState bufferState, CancellationToken cancellationToken)
   at System.Text.Json.Serialization.Metadata.JsonTypeInfo`1.DeserializeAsObjectAsync(PipeReader utf8Json, CancellationToken cancellationToken)
   at Microsoft.AspNetCore.Http.HttpRequestJsonExtensions.ReadFromJsonAsync(HttpRequest request, JsonTypeInfo jsonTypeInfo, CancellationToken cancellationToken)
   at Microsoft.AspNetCore.Http.HttpRequestJsonExtensions.ReadFromJsonAsync(HttpRequest request, JsonTypeInfo jsonTypeInfo, CancellationToken cancellationToken)
   at Microsoft.AspNetCore.Http.RequestDelegateFactory.<HandleRequestBodyAndCompileRequestDelegateForJson>g__TryReadBodyAsync|102_0(HttpContext httpContext, Type bodyType, String parameterTypeName, String parameterName, Boolean allowEmptyRequestBody, Boolean throwOnBadRequest, JsonTypeInfo jsonTypeInfo)
   --- End of inner exception stack trace ---
   at Microsoft.AspNetCore.Http.RequestDelegateFactory.Log.InvalidJsonRequestBody(HttpContext httpContext, String parameterTypeName, String parameterName, Exception exception, Boolean shouldThrow)
   at Microsoft.AspNetCore.Http.RequestDelegateFactory.<HandleRequestBodyAndCompileRequestDelegateForJson>g__TryReadBodyAsync|102_0(HttpContext httpContext, Type bodyType, String parameterTypeName, String parameterName, Boolean allowEmptyRequestBody, Boolean throwOnBadRequest, JsonTypeInfo jsonTypeInfo)
   at Microsoft.AspNetCore.Http.RequestDelegateFactory.<>c__DisplayClass102_2.<<HandleRequestBodyAndCompileRequestDelegateForJson>b__2>d.MoveNext()
--- End of stack trace from previous location ---
   at Microsoft.AspNetCore.Authorization.AuthorizationMiddleware.Invoke(HttpContext context)
   at Microsoft.AspNetCore.Authentication.AuthenticationMiddleware.Invoke(HttpContext context)
   at TapHoa.Api.Middleware.ExceptionHandlingMiddleware.InvokeAsync(HttpContext context)
2026-05-19 14:26:21.3352 [ERROR] TapHoa.Api.Middleware.ExceptionHandlingMiddleware - Unhandled exception for PATCH /api/v1/orders/248c1dae-ded4-4ca1-8915-4f8868a4c04b/status Microsoft.AspNetCore.Http.BadHttpRequestException: Failed to read parameter "UpdateStatusRequest body" from the request body as JSON.
 ---> System.Text.Json.JsonException: The JSON value could not be converted to TapHoa.Api.Endpoints.V1.Orders.UpdateStatusRequest. Path: $.status | LineNumber: 0 | BytePositionInLine: 21.
   at System.Text.Json.ThrowHelper.ThrowJsonException(String message)
   at System.Text.Json.Serialization.Converters.EnumConverter`1.Read(Utf8JsonReader& reader, Type typeToConvert, JsonSerializerOptions options)
   at System.Text.Json.Serialization.JsonConverter`1.TryRead(Utf8JsonReader& reader, Type typeToConvert, JsonSerializerOptions options, ReadStack& state, T& value, Boolean& isPopulatedValue)
   at System.Text.Json.Serialization.Converters.SmallObjectWithParameterizedConstructorConverter`5.TryRead[TArg](ReadStack& state, Utf8JsonReader& reader, JsonParameterInfo jsonParameterInfo, TArg& arg)
   at System.Text.Json.Serialization.Converters.SmallObjectWithParameterizedConstructorConverter`5.ReadAndCacheConstructorArgument(ReadStack& state, Utf8JsonReader& reader, JsonParameterInfo jsonParameterInfo)
   at System.Text.Json.Serialization.Converters.ObjectWithParameterizedConstructorConverter`1.ReadConstructorArgumentsWithContinuation(ReadStack& state, Utf8JsonReader& reader, JsonSerializerOptions options)
   at System.Text.Json.Serialization.Converters.ObjectWithParameterizedConstructorConverter`1.OnTryRead(Utf8JsonReader& reader, Type typeToConvert, JsonSerializerOptions options, ReadStack& state, T& value)
   at System.Text.Json.Serialization.JsonConverter`1.TryRead(Utf8JsonReader& reader, Type typeToConvert, JsonSerializerOptions options, ReadStack& state, T& value, Boolean& isPopulatedValue)
   at System.Text.Json.Serialization.JsonConverter`1.ReadCore(Utf8JsonReader& reader, T& value, JsonSerializerOptions options, ReadStack& state)
   at System.Text.Json.Serialization.Metadata.JsonTypeInfo`1.ContinueDeserialize[TReadBufferState,TStream](TReadBufferState& bufferState, JsonReaderState& jsonReaderState, ReadStack& readStack, T& value)
   at System.Text.Json.Serialization.Metadata.JsonTypeInfo`1.DeserializeAsync[TReadBufferState,TStream](TStream utf8Json, TReadBufferState bufferState, CancellationToken cancellationToken)
   at System.Text.Json.Serialization.Metadata.JsonTypeInfo`1.DeserializeAsObjectAsync(PipeReader utf8Json, CancellationToken cancellationToken)
   at Microsoft.AspNetCore.Http.HttpRequestJsonExtensions.ReadFromJsonAsync(HttpRequest request, JsonTypeInfo jsonTypeInfo, CancellationToken cancellationToken)
   at Microsoft.AspNetCore.Http.HttpRequestJsonExtensions.ReadFromJsonAsync(HttpRequest request, JsonTypeInfo jsonTypeInfo, CancellationToken cancellationToken)
   at Microsoft.AspNetCore.Http.RequestDelegateFactory.<HandleRequestBodyAndCompileRequestDelegateForJson>g__TryReadBodyAsync|102_0(HttpContext httpContext, Type bodyType, String parameterTypeName, String parameterName, Boolean allowEmptyRequestBody, Boolean throwOnBadRequest, JsonTypeInfo jsonTypeInfo)
   --- End of inner exception stack trace ---
   at Microsoft.AspNetCore.Http.RequestDelegateFactory.Log.InvalidJsonRequestBody(HttpContext httpContext, String parameterTypeName, String parameterName, Exception exception, Boolean shouldThrow)
   at Microsoft.AspNetCore.Http.RequestDelegateFactory.<HandleRequestBodyAndCompileRequestDelegateForJson>g__TryReadBodyAsync|102_0(HttpContext httpContext, Type bodyType, String parameterTypeName, String parameterName, Boolean allowEmptyRequestBody, Boolean throwOnBadRequest, JsonTypeInfo jsonTypeInfo)
   at Microsoft.AspNetCore.Http.RequestDelegateFactory.<>c__DisplayClass102_2.<<HandleRequestBodyAndCompileRequestDelegateForJson>b__2>d.MoveNext()
--- End of stack trace from previous location ---
   at Microsoft.AspNetCore.Authorization.AuthorizationMiddleware.Invoke(HttpContext context)
   at Microsoft.AspNetCore.Authentication.AuthenticationMiddleware.Invoke(HttpContext context)
   at TapHoa.Api.Middleware.ExceptionHandlingMiddleware.InvokeAsync(HttpContext context)
2026-05-19 14:26:21.4811 [ERROR] TapHoa.Api.Middleware.ExceptionHandlingMiddleware - Unhandled exception for PATCH /api/v1/orders/248c1dae-ded4-4ca1-8915-4f8868a4c04b/status Microsoft.AspNetCore.Http.BadHttpRequestException: Failed to read parameter "UpdateStatusRequest body" from the request body as JSON.
 ---> System.Text.Json.JsonException: The JSON value could not be converted to TapHoa.Api.Endpoints.V1.Orders.UpdateStatusRequest. Path: $.status | LineNumber: 0 | BytePositionInLine: 21.
   at System.Text.Json.ThrowHelper.ThrowJsonException(String message)
   at System.Text.Json.Serialization.Converters.EnumConverter`1.Read(Utf8JsonReader& reader, Type typeToConvert, JsonSerializerOptions options)
   at System.Text.Json.Serialization.JsonConverter`1.TryRead(Utf8JsonReader& reader, Type typeToConvert, JsonSerializerOptions options, ReadStack& state, T& value, Boolean& isPopulatedValue)
   at System.Text.Json.Serialization.Converters.SmallObjectWithParameterizedConstructorConverter`5.TryRead[TArg](ReadStack& state, Utf8JsonReader& reader, JsonParameterInfo jsonParameterInfo, TArg& arg)
   at System.Text.Json.Serialization.Converters.SmallObjectWithParameterizedConstructorConverter`5.ReadAndCacheConstructorArgument(ReadStack& state, Utf8JsonReader& reader, JsonParameterInfo jsonParameterInfo)
   at System.Text.Json.Serialization.Converters.ObjectWithParameterizedConstructorConverter`1.ReadConstructorArgumentsWithContinuation(ReadStack& state, Utf8JsonReader& reader, JsonSerializerOptions options)
   at System.Text.Json.Serialization.Converters.ObjectWithParameterizedConstructorConverter`1.OnTryRead(Utf8JsonReader& reader, Type typeToConvert, JsonSerializerOptions options, ReadStack& state, T& value)
   at System.Text.Json.Serialization.JsonConverter`1.TryRead(Utf8JsonReader& reader, Type typeToConvert, JsonSerializerOptions options, ReadStack& state, T& value, Boolean& isPopulatedValue)
   at System.Text.Json.Serialization.JsonConverter`1.ReadCore(Utf8JsonReader& reader, T& value, JsonSerializerOptions options, ReadStack& state)
   at System.Text.Json.Serialization.Metadata.JsonTypeInfo`1.ContinueDeserialize[TReadBufferState,TStream](TReadBufferState& bufferState, JsonReaderState& jsonReaderState, ReadStack& readStack, T& value)
   at System.Text.Json.Serialization.Metadata.JsonTypeInfo`1.DeserializeAsync[TReadBufferState,TStream](TStream utf8Json, TReadBufferState bufferState, CancellationToken cancellationToken)
   at System.Text.Json.Serialization.Metadata.JsonTypeInfo`1.DeserializeAsObjectAsync(PipeReader utf8Json, CancellationToken cancellationToken)
   at Microsoft.AspNetCore.Http.HttpRequestJsonExtensions.ReadFromJsonAsync(HttpRequest request, JsonTypeInfo jsonTypeInfo, CancellationToken cancellationToken)
   at Microsoft.AspNetCore.Http.HttpRequestJsonExtensions.ReadFromJsonAsync(HttpRequest request, JsonTypeInfo jsonTypeInfo, CancellationToken cancellationToken)
   at Microsoft.AspNetCore.Http.RequestDelegateFactory.<HandleRequestBodyAndCompileRequestDelegateForJson>g__TryReadBodyAsync|102_0(HttpContext httpContext, Type bodyType, String parameterTypeName, String parameterName, Boolean allowEmptyRequestBody, Boolean throwOnBadRequest, JsonTypeInfo jsonTypeInfo)
   --- End of inner exception stack trace ---
   at Microsoft.AspNetCore.Http.RequestDelegateFactory.Log.InvalidJsonRequestBody(HttpContext httpContext, String parameterTypeName, String parameterName, Exception exception, Boolean shouldThrow)
   at Microsoft.AspNetCore.Http.RequestDelegateFactory.<HandleRequestBodyAndCompileRequestDelegateForJson>g__TryReadBodyAsync|102_0(HttpContext httpContext, Type bodyType, String parameterTypeName, String parameterName, Boolean allowEmptyRequestBody, Boolean throwOnBadRequest, JsonTypeInfo jsonTypeInfo)
   at Microsoft.AspNetCore.Http.RequestDelegateFactory.<>c__DisplayClass102_2.<<HandleRequestBodyAndCompileRequestDelegateForJson>b__2>d.MoveNext()
--- End of stack trace from previous location ---
   at Microsoft.AspNetCore.Authorization.AuthorizationMiddleware.Invoke(HttpContext context)
   at Microsoft.AspNetCore.Authentication.AuthenticationMiddleware.Invoke(HttpContext context)
   at TapHoa.Api.Middleware.ExceptionHandlingMiddleware.InvokeAsync(HttpContext context)
2026-05-19 14:26:21.6231 [ERROR] TapHoa.Api.Middleware.ExceptionHandlingMiddleware - Unhandled exception for PATCH /api/v1/orders/248c1dae-ded4-4ca1-8915-4f8868a4c04b/status Microsoft.AspNetCore.Http.BadHttpRequestException: Failed to read parameter "UpdateStatusRequest body" from the request body as JSON.
 ---> System.Text.Json.JsonException: The JSON value could not be converted to TapHoa.Api.Endpoints.V1.Orders.UpdateStatusRequest. Path: $.status | LineNumber: 0 | BytePositionInLine: 21.
   at System.Text.Json.ThrowHelper.ThrowJsonException(String message)
   at System.Text.Json.Serialization.Converters.EnumConverter`1.Read(Utf8JsonReader& reader, Type typeToConvert, JsonSerializerOptions options)
   at System.Text.Json.Serialization.JsonConverter`1.TryRead(Utf8JsonReader& reader, Type typeToConvert, JsonSerializerOptions options, ReadStack& state, T& value, Boolean& isPopulatedValue)
   at System.Text.Json.Serialization.Converters.SmallObjectWithParameterizedConstructorConverter`5.TryRead[TArg](ReadStack& state, Utf8JsonReader& reader, JsonParameterInfo jsonParameterInfo, TArg& arg)
   at System.Text.Json.Serialization.Converters.SmallObjectWithParameterizedConstructorConverter`5.ReadAndCacheConstructorArgument(ReadStack& state, Utf8JsonReader& reader, JsonParameterInfo jsonParameterInfo)
   at System.Text.Json.Serialization.Converters.ObjectWithParameterizedConstructorConverter`1.ReadConstructorArgumentsWithContinuation(ReadStack& state, Utf8JsonReader& reader, JsonSerializerOptions options)
   at System.Text.Json.Serialization.Converters.ObjectWithParameterizedConstructorConverter`1.OnTryRead(Utf8JsonReader& reader, Type typeToConvert, JsonSerializerOptions options, ReadStack& state, T& value)
   at System.Text.Json.Serialization.JsonConverter`1.TryRead(Utf8JsonReader& reader, Type typeToConvert, JsonSerializerOptions options, ReadStack& state, T& value, Boolean& isPopulatedValue)
   at System.Text.Json.Serialization.JsonConverter`1.ReadCore(Utf8JsonReader& reader, T& value, JsonSerializerOptions options, ReadStack& state)
   at System.Text.Json.Serialization.Metadata.JsonTypeInfo`1.ContinueDeserialize[TReadBufferState,TStream](TReadBufferState& bufferState, JsonReaderState& jsonReaderState, ReadStack& readStack, T& value)
   at System.Text.Json.Serialization.Metadata.JsonTypeInfo`1.DeserializeAsync[TReadBufferState,TStream](TStream utf8Json, TReadBufferState bufferState, CancellationToken cancellationToken)
   at System.Text.Json.Serialization.Metadata.JsonTypeInfo`1.DeserializeAsObjectAsync(PipeReader utf8Json, CancellationToken cancellationToken)
   at Microsoft.AspNetCore.Http.HttpRequestJsonExtensions.ReadFromJsonAsync(HttpRequest request, JsonTypeInfo jsonTypeInfo, CancellationToken cancellationToken)
   at Microsoft.AspNetCore.Http.HttpRequestJsonExtensions.ReadFromJsonAsync(HttpRequest request, JsonTypeInfo jsonTypeInfo, CancellationToken cancellationToken)
   at Microsoft.AspNetCore.Http.RequestDelegateFactory.<HandleRequestBodyAndCompileRequestDelegateForJson>g__TryReadBodyAsync|102_0(HttpContext httpContext, Type bodyType, String parameterTypeName, String parameterName, Boolean allowEmptyRequestBody, Boolean throwOnBadRequest, JsonTypeInfo jsonTypeInfo)
   --- End of inner exception stack trace ---
   at Microsoft.AspNetCore.Http.RequestDelegateFactory.Log.InvalidJsonRequestBody(HttpContext httpContext, String parameterTypeName, String parameterName, Exception exception, Boolean shouldThrow)
   at Microsoft.AspNetCore.Http.RequestDelegateFactory.<HandleRequestBodyAndCompileRequestDelegateForJson>g__TryReadBodyAsync|102_0(HttpContext httpContext, Type bodyType, String parameterTypeName, String parameterName, Boolean allowEmptyRequestBody, Boolean throwOnBadRequest, JsonTypeInfo jsonTypeInfo)
   at Microsoft.AspNetCore.Http.RequestDelegateFactory.<>c__DisplayClass102_2.<<HandleRequestBodyAndCompileRequestDelegateForJson>b__2>d.MoveNext()
--- End of stack trace from previous location ---
   at Microsoft.AspNetCore.Authorization.AuthorizationMiddleware.Invoke(HttpContext context)
   at Microsoft.AspNetCore.Authentication.AuthenticationMiddleware.Invoke(HttpContext context)
   at TapHoa.Api.Middleware.ExceptionHandlingMiddleware.InvokeAsync(HttpContext context)
2026-05-19 14:26:21.7583 [ERROR] TapHoa.Api.Middleware.ExceptionHandlingMiddleware - Unhandled exception for PATCH /api/v1/orders/248c1dae-ded4-4ca1-8915-4f8868a4c04b/status Microsoft.AspNetCore.Http.BadHttpRequestException: Failed to read parameter "UpdateStatusRequest body" from the request body as JSON.
 ---> System.Text.Json.JsonException: The JSON value could not be converted to TapHoa.Api.Endpoints.V1.Orders.UpdateStatusRequest. Path: $.status | LineNumber: 0 | BytePositionInLine: 21.
   at System.Text.Json.ThrowHelper.ThrowJsonException(String message)
   at System.Text.Json.Serialization.Converters.EnumConverter`1.Read(Utf8JsonReader& reader, Type typeToConvert, JsonSerializerOptions options)
   at System.Text.Json.Serialization.JsonConverter`1.TryRead(Utf8JsonReader& reader, Type typeToConvert, JsonSerializerOptions options, ReadStack& state, T& value, Boolean& isPopulatedValue)
   at System.Text.Json.Serialization.Converters.SmallObjectWithParameterizedConstructorConverter`5.TryRead[TArg](ReadStack& state, Utf8JsonReader& reader, JsonParameterInfo jsonParameterInfo, TArg& arg)
   at System.Text.Json.Serialization.Converters.SmallObjectWithParameterizedConstructorConverter`5.ReadAndCacheConstructorArgument(ReadStack& state, Utf8JsonReader& reader, JsonParameterInfo jsonParameterInfo)
   at System.Text.Json.Serialization.Converters.ObjectWithParameterizedConstructorConverter`1.ReadConstructorArgumentsWithContinuation(ReadStack& state, Utf8JsonReader& reader, JsonSerializerOptions options)
   at System.Text.Json.Serialization.Converters.ObjectWithParameterizedConstructorConverter`1.OnTryRead(Utf8JsonReader& reader, Type typeToConvert, JsonSerializerOptions options, ReadStack& state, T& value)
   at System.Text.Json.Serialization.JsonConverter`1.TryRead(Utf8JsonReader& reader, Type typeToConvert, JsonSerializerOptions options, ReadStack& state, T& value, Boolean& isPopulatedValue)
   at System.Text.Json.Serialization.JsonConverter`1.ReadCore(Utf8JsonReader& reader, T& value, JsonSerializerOptions options, ReadStack& state)
   at System.Text.Json.Serialization.Metadata.JsonTypeInfo`1.ContinueDeserialize[TReadBufferState,TStream](TReadBufferState& bufferState, JsonReaderState& jsonReaderState, ReadStack& readStack, T& value)
   at System.Text.Json.Serialization.Metadata.JsonTypeInfo`1.DeserializeAsync[TReadBufferState,TStream](TStream utf8Json, TReadBufferState bufferState, CancellationToken cancellationToken)
   at System.Text.Json.Serialization.Metadata.JsonTypeInfo`1.DeserializeAsObjectAsync(PipeReader utf8Json, CancellationToken cancellationToken)
   at Microsoft.AspNetCore.Http.HttpRequestJsonExtensions.ReadFromJsonAsync(HttpRequest request, JsonTypeInfo jsonTypeInfo, CancellationToken cancellationToken)
   at Microsoft.AspNetCore.Http.HttpRequestJsonExtensions.ReadFromJsonAsync(HttpRequest request, JsonTypeInfo jsonTypeInfo, CancellationToken cancellationToken)
   at Microsoft.AspNetCore.Http.RequestDelegateFactory.<HandleRequestBodyAndCompileRequestDelegateForJson>g__TryReadBodyAsync|102_0(HttpContext httpContext, Type bodyType, String parameterTypeName, String parameterName, Boolean allowEmptyRequestBody, Boolean throwOnBadRequest, JsonTypeInfo jsonTypeInfo)
   --- End of inner exception stack trace ---
   at Microsoft.AspNetCore.Http.RequestDelegateFactory.Log.InvalidJsonRequestBody(HttpContext httpContext, String parameterTypeName, String parameterName, Exception exception, Boolean shouldThrow)
   at Microsoft.AspNetCore.Http.RequestDelegateFactory.<HandleRequestBodyAndCompileRequestDelegateForJson>g__TryReadBodyAsync|102_0(HttpContext httpContext, Type bodyType, String parameterTypeName, String parameterName, Boolean allowEmptyRequestBody, Boolean throwOnBadRequest, JsonTypeInfo jsonTypeInfo)
   at Microsoft.AspNetCore.Http.RequestDelegateFactory.<>c__DisplayClass102_2.<<HandleRequestBodyAndCompileRequestDelegateForJson>b__2>d.MoveNext()
--- End of stack trace from previous location ---
   at Microsoft.AspNetCore.Authorization.AuthorizationMiddleware.Invoke(HttpContext context)
   at Microsoft.AspNetCore.Authentication.AuthenticationMiddleware.Invoke(HttpContext context)
   at TapHoa.Api.Middleware.ExceptionHandlingMiddleware.InvokeAsync(HttpContext context)
2026-05-19 14:26:21.9048 [ERROR] TapHoa.Api.Middleware.ExceptionHandlingMiddleware - Unhandled exception for PATCH /api/v1/orders/248c1dae-ded4-4ca1-8915-4f8868a4c04b/status Microsoft.AspNetCore.Http.BadHttpRequestException: Failed to read parameter "UpdateStatusRequest body" from the request body as JSON.
 ---> System.Text.Json.JsonException: The JSON value could not be converted to TapHoa.Api.Endpoints.V1.Orders.UpdateStatusRequest. Path: $.status | LineNumber: 0 | BytePositionInLine: 21.
   at System.Text.Json.ThrowHelper.ThrowJsonException(String message)
   at System.Text.Json.Serialization.Converters.EnumConverter`1.Read(Utf8JsonReader& reader, Type typeToConvert, JsonSerializerOptions options)
   at System.Text.Json.Serialization.JsonConverter`1.TryRead(Utf8JsonReader& reader, Type typeToConvert, JsonSerializerOptions options, ReadStack& state, T& value, Boolean& isPopulatedValue)
   at System.Text.Json.Serialization.Converters.SmallObjectWithParameterizedConstructorConverter`5.TryRead[TArg](ReadStack& state, Utf8JsonReader& reader, JsonParameterInfo jsonParameterInfo, TArg& arg)
   at System.Text.Json.Serialization.Converters.SmallObjectWithParameterizedConstructorConverter`5.ReadAndCacheConstructorArgument(ReadStack& state, Utf8JsonReader& reader, JsonParameterInfo jsonParameterInfo)
   at System.Text.Json.Serialization.Converters.ObjectWithParameterizedConstructorConverter`1.ReadConstructorArgumentsWithContinuation(ReadStack& state, Utf8JsonReader& reader, JsonSerializerOptions options)
   at System.Text.Json.Serialization.Converters.ObjectWithParameterizedConstructorConverter`1.OnTryRead(Utf8JsonReader& reader, Type typeToConvert, JsonSerializerOptions options, ReadStack& state, T& value)
   at System.Text.Json.Serialization.JsonConverter`1.TryRead(Utf8JsonReader& reader, Type typeToConvert, JsonSerializerOptions options, ReadStack& state, T& value, Boolean& isPopulatedValue)
   at System.Text.Json.Serialization.JsonConverter`1.ReadCore(Utf8JsonReader& reader, T& value, JsonSerializerOptions options, ReadStack& state)
   at System.Text.Json.Serialization.Metadata.JsonTypeInfo`1.ContinueDeserialize[TReadBufferState,TStream](TReadBufferState& bufferState, JsonReaderState& jsonReaderState, ReadStack& readStack, T& value)
   at System.Text.Json.Serialization.Metadata.JsonTypeInfo`1.DeserializeAsync[TReadBufferState,TStream](TStream utf8Json, TReadBufferState bufferState, CancellationToken cancellationToken)
   at System.Text.Json.Serialization.Metadata.JsonTypeInfo`1.DeserializeAsObjectAsync(PipeReader utf8Json, CancellationToken cancellationToken)
   at Microsoft.AspNetCore.Http.HttpRequestJsonExtensions.ReadFromJsonAsync(HttpRequest request, JsonTypeInfo jsonTypeInfo, CancellationToken cancellationToken)
   at Microsoft.AspNetCore.Http.HttpRequestJsonExtensions.ReadFromJsonAsync(HttpRequest request, JsonTypeInfo jsonTypeInfo, CancellationToken cancellationToken)
   at Microsoft.AspNetCore.Http.RequestDelegateFactory.<HandleRequestBodyAndCompileRequestDelegateForJson>g__TryReadBodyAsync|102_0(HttpContext httpContext, Type bodyType, String parameterTypeName, String parameterName, Boolean allowEmptyRequestBody, Boolean throwOnBadRequest, JsonTypeInfo jsonTypeInfo)
   --- End of inner exception stack trace ---
   at Microsoft.AspNetCore.Http.RequestDelegateFactory.Log.InvalidJsonRequestBody(HttpContext httpContext, String parameterTypeName, String parameterName, Exception exception, Boolean shouldThrow)
   at Microsoft.AspNetCore.Http.RequestDelegateFactory.<HandleRequestBodyAndCompileRequestDelegateForJson>g__TryReadBodyAsync|102_0(HttpContext httpContext, Type bodyType, String parameterTypeName, String parameterName, Boolean allowEmptyRequestBody, Boolean throwOnBadRequest, JsonTypeInfo jsonTypeInfo)
   at Microsoft.AspNetCore.Http.RequestDelegateFactory.<>c__DisplayClass102_2.<<HandleRequestBodyAndCompileRequestDelegateForJson>b__2>d.MoveNext()
--- End of stack trace from previous location ---
   at Microsoft.AspNetCore.Authorization.AuthorizationMiddleware.Invoke(HttpContext context)
   at Microsoft.AspNetCore.Authentication.AuthenticationMiddleware.Invoke(HttpContext context)
   at TapHoa.Api.Middleware.ExceptionHandlingMiddleware.InvokeAsync(HttpContext context)
2026-05-19 14:26:22.0585 [ERROR] TapHoa.Api.Middleware.ExceptionHandlingMiddleware - Unhandled exception for PATCH /api/v1/orders/248c1dae-ded4-4ca1-8915-4f8868a4c04b/status Microsoft.AspNetCore.Http.BadHttpRequestException: Failed to read parameter "UpdateStatusRequest body" from the request body as JSON.
 ---> System.Text.Json.JsonException: The JSON value could not be converted to TapHoa.Api.Endpoints.V1.Orders.UpdateStatusRequest. Path: $.status | LineNumber: 0 | BytePositionInLine: 21.
   at System.Text.Json.ThrowHelper.ThrowJsonException(String message)
   at System.Text.Json.Serialization.Converters.EnumConverter`1.Read(Utf8JsonReader& reader, Type typeToConvert, JsonSerializerOptions options)
   at System.Text.Json.Serialization.JsonConverter`1.TryRead(Utf8JsonReader& reader, Type typeToConvert, JsonSerializerOptions options, ReadStack& state, T& value, Boolean& isPopulatedValue)
   at System.Text.Json.Serialization.Converters.SmallObjectWithParameterizedConstructorConverter`5.TryRead[TArg](ReadStack& state, Utf8JsonReader& reader, JsonParameterInfo jsonParameterInfo, TArg& arg)
   at System.Text.Json.Serialization.Converters.SmallObjectWithParameterizedConstructorConverter`5.ReadAndCacheConstructorArgument(ReadStack& state, Utf8JsonReader& reader, JsonParameterInfo jsonParameterInfo)
   at System.Text.Json.Serialization.Converters.ObjectWithParameterizedConstructorConverter`1.ReadConstructorArgumentsWithContinuation(ReadStack& state, Utf8JsonReader& reader, JsonSerializerOptions options)
   at System.Text.Json.Serialization.Converters.ObjectWithParameterizedConstructorConverter`1.OnTryRead(Utf8JsonReader& reader, Type typeToConvert, JsonSerializerOptions options, ReadStack& state, T& value)
   at System.Text.Json.Serialization.JsonConverter`1.TryRead(Utf8JsonReader& reader, Type typeToConvert, JsonSerializerOptions options, ReadStack& state, T& value, Boolean& isPopulatedValue)
   at System.Text.Json.Serialization.JsonConverter`1.ReadCore(Utf8JsonReader& reader, T& value, JsonSerializerOptions options, ReadStack& state)
   at System.Text.Json.Serialization.Metadata.JsonTypeInfo`1.ContinueDeserialize[TReadBufferState,TStream](TReadBufferState& bufferState, JsonReaderState& jsonReaderState, ReadStack& readStack, T& value)
   at System.Text.Json.Serialization.Metadata.JsonTypeInfo`1.DeserializeAsync[TReadBufferState,TStream](TStream utf8Json, TReadBufferState bufferState, CancellationToken cancellationToken)
   at System.Text.Json.Serialization.Metadata.JsonTypeInfo`1.DeserializeAsObjectAsync(PipeReader utf8Json, CancellationToken cancellationToken)
   at Microsoft.AspNetCore.Http.HttpRequestJsonExtensions.ReadFromJsonAsync(HttpRequest request, JsonTypeInfo jsonTypeInfo, CancellationToken cancellationToken)
   at Microsoft.AspNetCore.Http.HttpRequestJsonExtensions.ReadFromJsonAsync(HttpRequest request, JsonTypeInfo jsonTypeInfo, CancellationToken cancellationToken)
   at Microsoft.AspNetCore.Http.RequestDelegateFactory.<HandleRequestBodyAndCompileRequestDelegateForJson>g__TryReadBodyAsync|102_0(HttpContext httpContext, Type bodyType, String parameterTypeName, String parameterName, Boolean allowEmptyRequestBody, Boolean throwOnBadRequest, JsonTypeInfo jsonTypeInfo)
   --- End of inner exception stack trace ---
   at Microsoft.AspNetCore.Http.RequestDelegateFactory.Log.InvalidJsonRequestBody(HttpContext httpContext, String parameterTypeName, String parameterName, Exception exception, Boolean shouldThrow)
   at Microsoft.AspNetCore.Http.RequestDelegateFactory.<HandleRequestBodyAndCompileRequestDelegateForJson>g__TryReadBodyAsync|102_0(HttpContext httpContext, Type bodyType, String parameterTypeName, String parameterName, Boolean allowEmptyRequestBody, Boolean throwOnBadRequest, JsonTypeInfo jsonTypeInfo)
   at Microsoft.AspNetCore.Http.RequestDelegateFactory.<>c__DisplayClass102_2.<<HandleRequestBodyAndCompileRequestDelegateForJson>b__2>d.MoveNext()
--- End of stack trace from previous location ---
   at Microsoft.AspNetCore.Authorization.AuthorizationMiddleware.Invoke(HttpContext context)
   at Microsoft.AspNetCore.Authentication.AuthenticationMiddleware.Invoke(HttpContext context)
   at TapHoa.Api.Middleware.ExceptionHandlingMiddleware.InvokeAsync(HttpContext context)
2026-05-19 14:29:34.2838 [ERROR] TapHoa.Api.Middleware.ExceptionHandlingMiddleware - Unhandled exception for PATCH /api/v1/orders/248c1dae-ded4-4ca1-8915-4f8868a4c04b/status Microsoft.AspNetCore.Http.BadHttpRequestException: Failed to read parameter "UpdateStatusRequest body" from the request body as JSON.
 ---> System.Text.Json.JsonException: The JSON value could not be converted to TapHoa.Api.Endpoints.V1.Orders.UpdateStatusRequest. Path: $.status | LineNumber: 0 | BytePositionInLine: 21.
   at System.Text.Json.ThrowHelper.ThrowJsonException(String message)
   at System.Text.Json.Serialization.Converters.EnumConverter`1.Read(Utf8JsonReader& reader, Type typeToConvert, JsonSerializerOptions options)
   at System.Text.Json.Serialization.JsonConverter`1.TryRead(Utf8JsonReader& reader, Type typeToConvert, JsonSerializerOptions options, ReadStack& state, T& value, Boolean& isPopulatedValue)
   at System.Text.Json.Serialization.Converters.SmallObjectWithParameterizedConstructorConverter`5.TryRead[TArg](ReadStack& state, Utf8JsonReader& reader, JsonParameterInfo jsonParameterInfo, TArg& arg)
   at System.Text.Json.Serialization.Converters.SmallObjectWithParameterizedConstructorConverter`5.ReadAndCacheConstructorArgument(ReadStack& state, Utf8JsonReader& reader, JsonParameterInfo jsonParameterInfo)
   at System.Text.Json.Serialization.Converters.ObjectWithParameterizedConstructorConverter`1.ReadConstructorArgumentsWithContinuation(ReadStack& state, Utf8JsonReader& reader, JsonSerializerOptions options)
   at System.Text.Json.Serialization.Converters.ObjectWithParameterizedConstructorConverter`1.OnTryRead(Utf8JsonReader& reader, Type typeToConvert, JsonSerializerOptions options, ReadStack& state, T& value)
   at System.Text.Json.Serialization.JsonConverter`1.TryRead(Utf8JsonReader& reader, Type typeToConvert, JsonSerializerOptions options, ReadStack& state, T& value, Boolean& isPopulatedValue)
   at System.Text.Json.Serialization.JsonConverter`1.ReadCore(Utf8JsonReader& reader, T& value, JsonSerializerOptions options, ReadStack& state)
   at System.Text.Json.Serialization.Metadata.JsonTypeInfo`1.ContinueDeserialize[TReadBufferState,TStream](TReadBufferState& bufferState, JsonReaderState& jsonReaderState, ReadStack& readStack, T& value)
   at System.Text.Json.Serialization.Metadata.JsonTypeInfo`1.DeserializeAsync[TReadBufferState,TStream](TStream utf8Json, TReadBufferState bufferState, CancellationToken cancellationToken)
   at System.Text.Json.Serialization.Metadata.JsonTypeInfo`1.DeserializeAsObjectAsync(PipeReader utf8Json, CancellationToken cancellationToken)
   at Microsoft.AspNetCore.Http.HttpRequestJsonExtensions.ReadFromJsonAsync(HttpRequest request, JsonTypeInfo jsonTypeInfo, CancellationToken cancellationToken)
   at Microsoft.AspNetCore.Http.HttpRequestJsonExtensions.ReadFromJsonAsync(HttpRequest request, JsonTypeInfo jsonTypeInfo, CancellationToken cancellationToken)
   at Microsoft.AspNetCore.Http.RequestDelegateFactory.<HandleRequestBodyAndCompileRequestDelegateForJson>g__TryReadBodyAsync|102_0(HttpContext httpContext, Type bodyType, String parameterTypeName, String parameterName, Boolean allowEmptyRequestBody, Boolean throwOnBadRequest, JsonTypeInfo jsonTypeInfo)
   --- End of inner exception stack trace ---
   at Microsoft.AspNetCore.Http.RequestDelegateFactory.Log.InvalidJsonRequestBody(HttpContext httpContext, String parameterTypeName, String parameterName, Exception exception, Boolean shouldThrow)
   at Microsoft.AspNetCore.Http.RequestDelegateFactory.<HandleRequestBodyAndCompileRequestDelegateForJson>g__TryReadBodyAsync|102_0(HttpContext httpContext, Type bodyType, String parameterTypeName, String parameterName, Boolean allowEmptyRequestBody, Boolean throwOnBadRequest, JsonTypeInfo jsonTypeInfo)
   at Microsoft.AspNetCore.Http.RequestDelegateFactory.<>c__DisplayClass102_2.<<HandleRequestBodyAndCompileRequestDelegateForJson>b__2>d.MoveNext()
--- End of stack trace from previous location ---
   at Microsoft.AspNetCore.Authorization.AuthorizationMiddleware.Invoke(HttpContext context)
   at Microsoft.AspNetCore.Authentication.AuthenticationMiddleware.Invoke(HttpContext context)
   at TapHoa.Api.Middleware.ExceptionHandlingMiddleware.InvokeAsync(HttpContext context)
2026-05-19 14:29:35.1963 [ERROR] TapHoa.Api.Middleware.ExceptionHandlingMiddleware - Unhandled exception for PATCH /api/v1/orders/248c1dae-ded4-4ca1-8915-4f8868a4c04b/status Microsoft.AspNetCore.Http.BadHttpRequestException: Failed to read parameter "UpdateStatusRequest body" from the request body as JSON.
 ---> System.Text.Json.JsonException: The JSON value could not be converted to TapHoa.Api.Endpoints.V1.Orders.UpdateStatusRequest. Path: $.status | LineNumber: 0 | BytePositionInLine: 21.
   at System.Text.Json.ThrowHelper.ThrowJsonException(String message)
   at System.Text.Json.Serialization.Converters.EnumConverter`1.Read(Utf8JsonReader& reader, Type typeToConvert, JsonSerializerOptions options)
   at System.Text.Json.Serialization.JsonConverter`1.TryRead(Utf8JsonReader& reader, Type typeToConvert, JsonSerializerOptions options, ReadStack& state, T& value, Boolean& isPopulatedValue)
   at System.Text.Json.Serialization.Converters.SmallObjectWithParameterizedConstructorConverter`5.TryRead[TArg](ReadStack& state, Utf8JsonReader& reader, JsonParameterInfo jsonParameterInfo, TArg& arg)
   at System.Text.Json.Serialization.Converters.SmallObjectWithParameterizedConstructorConverter`5.ReadAndCacheConstructorArgument(ReadStack& state, Utf8JsonReader& reader, JsonParameterInfo jsonParameterInfo)
   at System.Text.Json.Serialization.Converters.ObjectWithParameterizedConstructorConverter`1.ReadConstructorArgumentsWithContinuation(ReadStack& state, Utf8JsonReader& reader, JsonSerializerOptions options)
   at System.Text.Json.Serialization.Converters.ObjectWithParameterizedConstructorConverter`1.OnTryRead(Utf8JsonReader& reader, Type typeToConvert, JsonSerializerOptions options, ReadStack& state, T& value)
   at System.Text.Json.Serialization.JsonConverter`1.TryRead(Utf8JsonReader& reader, Type typeToConvert, JsonSerializerOptions options, ReadStack& state, T& value, Boolean& isPopulatedValue)
   at System.Text.Json.Serialization.JsonConverter`1.ReadCore(Utf8JsonReader& reader, T& value, JsonSerializerOptions options, ReadStack& state)
   at System.Text.Json.Serialization.Metadata.JsonTypeInfo`1.ContinueDeserialize[TReadBufferState,TStream](TReadBufferState& bufferState, JsonReaderState& jsonReaderState, ReadStack& readStack, T& value)
   at System.Text.Json.Serialization.Metadata.JsonTypeInfo`1.DeserializeAsync[TReadBufferState,TStream](TStream utf8Json, TReadBufferState bufferState, CancellationToken cancellationToken)
   at System.Text.Json.Serialization.Metadata.JsonTypeInfo`1.DeserializeAsObjectAsync(PipeReader utf8Json, CancellationToken cancellationToken)
   at Microsoft.AspNetCore.Http.HttpRequestJsonExtensions.ReadFromJsonAsync(HttpRequest request, JsonTypeInfo jsonTypeInfo, CancellationToken cancellationToken)
   at Microsoft.AspNetCore.Http.HttpRequestJsonExtensions.ReadFromJsonAsync(HttpRequest request, JsonTypeInfo jsonTypeInfo, CancellationToken cancellationToken)
   at Microsoft.AspNetCore.Http.RequestDelegateFactory.<HandleRequestBodyAndCompileRequestDelegateForJson>g__TryReadBodyAsync|102_0(HttpContext httpContext, Type bodyType, String parameterTypeName, String parameterName, Boolean allowEmptyRequestBody, Boolean throwOnBadRequest, JsonTypeInfo jsonTypeInfo)
   --- End of inner exception stack trace ---
   at Microsoft.AspNetCore.Http.RequestDelegateFactory.Log.InvalidJsonRequestBody(HttpContext httpContext, String parameterTypeName, String parameterName, Exception exception, Boolean shouldThrow)
   at Microsoft.AspNetCore.Http.RequestDelegateFactory.<HandleRequestBodyAndCompileRequestDelegateForJson>g__TryReadBodyAsync|102_0(HttpContext httpContext, Type bodyType, String parameterTypeName, String parameterName, Boolean allowEmptyRequestBody, Boolean throwOnBadRequest, JsonTypeInfo jsonTypeInfo)
   at Microsoft.AspNetCore.Http.RequestDelegateFactory.<>c__DisplayClass102_2.<<HandleRequestBodyAndCompileRequestDelegateForJson>b__2>d.MoveNext()
--- End of stack trace from previous location ---
   at Microsoft.AspNetCore.Authorization.AuthorizationMiddleware.Invoke(HttpContext context)
   at Microsoft.AspNetCore.Authentication.AuthenticationMiddleware.Invoke(HttpContext context)
   at TapHoa.Api.Middleware.ExceptionHandlingMiddleware.InvokeAsync(HttpContext context)
2026-05-19 14:30:18.2538 [ERROR] TapHoa.Api.Middleware.ExceptionHandlingMiddleware - Unhandled exception for PATCH /api/v1/orders/248c1dae-ded4-4ca1-8915-4f8868a4c04b/status Microsoft.AspNetCore.Http.BadHttpRequestException: Failed to read parameter "UpdateStatusRequest body" from the request body as JSON.
 ---> System.Text.Json.JsonException: The JSON value could not be converted to TapHoa.Api.Endpoints.V1.Orders.UpdateStatusRequest. Path: $.status | LineNumber: 0 | BytePositionInLine: 21.
   at System.Text.Json.ThrowHelper.ThrowJsonException(String message)
   at System.Text.Json.Serialization.Converters.EnumConverter`1.Read(Utf8JsonReader& reader, Type typeToConvert, JsonSerializerOptions options)
   at System.Text.Json.Serialization.JsonConverter`1.TryRead(Utf8JsonReader& reader, Type typeToConvert, JsonSerializerOptions options, ReadStack& state, T& value, Boolean& isPopulatedValue)
   at System.Text.Json.Serialization.Converters.SmallObjectWithParameterizedConstructorConverter`5.TryRead[TArg](ReadStack& state, Utf8JsonReader& reader, JsonParameterInfo jsonParameterInfo, TArg& arg)
   at System.Text.Json.Serialization.Converters.SmallObjectWithParameterizedConstructorConverter`5.ReadAndCacheConstructorArgument(ReadStack& state, Utf8JsonReader& reader, JsonParameterInfo jsonParameterInfo)
   at System.Text.Json.Serialization.Converters.ObjectWithParameterizedConstructorConverter`1.ReadConstructorArgumentsWithContinuation(ReadStack& state, Utf8JsonReader& reader, JsonSerializerOptions options)
   at System.Text.Json.Serialization.Converters.ObjectWithParameterizedConstructorConverter`1.OnTryRead(Utf8JsonReader& reader, Type typeToConvert, JsonSerializerOptions options, ReadStack& state, T& value)
   at System.Text.Json.Serialization.JsonConverter`1.TryRead(Utf8JsonReader& reader, Type typeToConvert, JsonSerializerOptions options, ReadStack& state, T& value, Boolean& isPopulatedValue)
   at System.Text.Json.Serialization.JsonConverter`1.ReadCore(Utf8JsonReader& reader, T& value, JsonSerializerOptions options, ReadStack& state)
   at System.Text.Json.Serialization.Metadata.JsonTypeInfo`1.ContinueDeserialize[TReadBufferState,TStream](TReadBufferState& bufferState, JsonReaderState& jsonReaderState, ReadStack& readStack, T& value)
   at System.Text.Json.Serialization.Metadata.JsonTypeInfo`1.DeserializeAsync[TReadBufferState,TStream](TStream utf8Json, TReadBufferState bufferState, CancellationToken cancellationToken)
   at System.Text.Json.Serialization.Metadata.JsonTypeInfo`1.DeserializeAsObjectAsync(PipeReader utf8Json, CancellationToken cancellationToken)
   at Microsoft.AspNetCore.Http.HttpRequestJsonExtensions.ReadFromJsonAsync(HttpRequest request, JsonTypeInfo jsonTypeInfo, CancellationToken cancellationToken)
   at Microsoft.AspNetCore.Http.HttpRequestJsonExtensions.ReadFromJsonAsync(HttpRequest request, JsonTypeInfo jsonTypeInfo, CancellationToken cancellationToken)
   at Microsoft.AspNetCore.Http.RequestDelegateFactory.<HandleRequestBodyAndCompileRequestDelegateForJson>g__TryReadBodyAsync|102_0(HttpContext httpContext, Type bodyType, String parameterTypeName, String parameterName, Boolean allowEmptyRequestBody, Boolean throwOnBadRequest, JsonTypeInfo jsonTypeInfo)
   --- End of inner exception stack trace ---
   at Microsoft.AspNetCore.Http.RequestDelegateFactory.Log.InvalidJsonRequestBody(HttpContext httpContext, String parameterTypeName, String parameterName, Exception exception, Boolean shouldThrow)
   at Microsoft.AspNetCore.Http.RequestDelegateFactory.<HandleRequestBodyAndCompileRequestDelegateForJson>g__TryReadBodyAsync|102_0(HttpContext httpContext, Type bodyType, String parameterTypeName, String parameterName, Boolean allowEmptyRequestBody, Boolean throwOnBadRequest, JsonTypeInfo jsonTypeInfo)
   at Microsoft.AspNetCore.Http.RequestDelegateFactory.<>c__DisplayClass102_2.<<HandleRequestBodyAndCompileRequestDelegateForJson>b__2>d.MoveNext()
--- End of stack trace from previous location ---
   at Microsoft.AspNetCore.Authorization.AuthorizationMiddleware.Invoke(HttpContext context)
   at Microsoft.AspNetCore.Authentication.AuthenticationMiddleware.Invoke(HttpContext context)
   at TapHoa.Api.Middleware.ExceptionHandlingMiddleware.InvokeAsync(HttpContext context)
2026-05-19 14:30:19.2002 [ERROR] TapHoa.Api.Middleware.ExceptionHandlingMiddleware - Unhandled exception for PATCH /api/v1/orders/248c1dae-ded4-4ca1-8915-4f8868a4c04b/status Microsoft.AspNetCore.Http.BadHttpRequestException: Failed to read parameter "UpdateStatusRequest body" from the request body as JSON.
 ---> System.Text.Json.JsonException: The JSON value could not be converted to TapHoa.Api.Endpoints.V1.Orders.UpdateStatusRequest. Path: $.status | LineNumber: 0 | BytePositionInLine: 21.
   at System.Text.Json.ThrowHelper.ThrowJsonException(String message)
   at System.Text.Json.Serialization.Converters.EnumConverter`1.Read(Utf8JsonReader& reader, Type typeToConvert, JsonSerializerOptions options)
   at System.Text.Json.Serialization.JsonConverter`1.TryRead(Utf8JsonReader& reader, Type typeToConvert, JsonSerializerOptions options, ReadStack& state, T& value, Boolean& isPopulatedValue)
   at System.Text.Json.Serialization.Converters.SmallObjectWithParameterizedConstructorConverter`5.TryRead[TArg](ReadStack& state, Utf8JsonReader& reader, JsonParameterInfo jsonParameterInfo, TArg& arg)
   at System.Text.Json.Serialization.Converters.SmallObjectWithParameterizedConstructorConverter`5.ReadAndCacheConstructorArgument(ReadStack& state, Utf8JsonReader& reader, JsonParameterInfo jsonParameterInfo)
   at System.Text.Json.Serialization.Converters.ObjectWithParameterizedConstructorConverter`1.ReadConstructorArgumentsWithContinuation(ReadStack& state, Utf8JsonReader& reader, JsonSerializerOptions options)
   at System.Text.Json.Serialization.Converters.ObjectWithParameterizedConstructorConverter`1.OnTryRead(Utf8JsonReader& reader, Type typeToConvert, JsonSerializerOptions options, ReadStack& state, T& value)
   at System.Text.Json.Serialization.JsonConverter`1.TryRead(Utf8JsonReader& reader, Type typeToConvert, JsonSerializerOptions options, ReadStack& state, T& value, Boolean& isPopulatedValue)
   at System.Text.Json.Serialization.JsonConverter`1.ReadCore(Utf8JsonReader& reader, T& value, JsonSerializerOptions options, ReadStack& state)
   at System.Text.Json.Serialization.Metadata.JsonTypeInfo`1.ContinueDeserialize[TReadBufferState,TStream](TReadBufferState& bufferState, JsonReaderState& jsonReaderState, ReadStack& readStack, T& value)
   at System.Text.Json.Serialization.Metadata.JsonTypeInfo`1.DeserializeAsync[TReadBufferState,TStream](TStream utf8Json, TReadBufferState bufferState, CancellationToken cancellationToken)
   at System.Text.Json.Serialization.Metadata.JsonTypeInfo`1.DeserializeAsObjectAsync(PipeReader utf8Json, CancellationToken cancellationToken)
   at Microsoft.AspNetCore.Http.HttpRequestJsonExtensions.ReadFromJsonAsync(HttpRequest request, JsonTypeInfo jsonTypeInfo, CancellationToken cancellationToken)
   at Microsoft.AspNetCore.Http.HttpRequestJsonExtensions.ReadFromJsonAsync(HttpRequest request, JsonTypeInfo jsonTypeInfo, CancellationToken cancellationToken)
   at Microsoft.AspNetCore.Http.RequestDelegateFactory.<HandleRequestBodyAndCompileRequestDelegateForJson>g__TryReadBodyAsync|102_0(HttpContext httpContext, Type bodyType, String parameterTypeName, String parameterName, Boolean allowEmptyRequestBody, Boolean throwOnBadRequest, JsonTypeInfo jsonTypeInfo)
   --- End of inner exception stack trace ---
   at Microsoft.AspNetCore.Http.RequestDelegateFactory.Log.InvalidJsonRequestBody(HttpContext httpContext, String parameterTypeName, String parameterName, Exception exception, Boolean shouldThrow)
   at Microsoft.AspNetCore.Http.RequestDelegateFactory.<HandleRequestBodyAndCompileRequestDelegateForJson>g__TryReadBodyAsync|102_0(HttpContext httpContext, Type bodyType, String parameterTypeName, String parameterName, Boolean allowEmptyRequestBody, Boolean throwOnBadRequest, JsonTypeInfo jsonTypeInfo)
   at Microsoft.AspNetCore.Http.RequestDelegateFactory.<>c__DisplayClass102_2.<<HandleRequestBodyAndCompileRequestDelegateForJson>b__2>d.MoveNext()
--- End of stack trace from previous location ---
   at Microsoft.AspNetCore.Authorization.AuthorizationMiddleware.Invoke(HttpContext context)
   at Microsoft.AspNetCore.Authentication.AuthenticationMiddleware.Invoke(HttpContext context)
   at TapHoa.Api.Middleware.ExceptionHandlingMiddleware.InvokeAsync(HttpContext context)
2026-05-19 14:30:19.4704 [ERROR] TapHoa.Api.Middleware.ExceptionHandlingMiddleware - Unhandled exception for PATCH /api/v1/orders/248c1dae-ded4-4ca1-8915-4f8868a4c04b/status Microsoft.AspNetCore.Http.BadHttpRequestException: Failed to read parameter "UpdateStatusRequest body" from the request body as JSON.
 ---> System.Text.Json.JsonException: The JSON value could not be converted to TapHoa.Api.Endpoints.V1.Orders.UpdateStatusRequest. Path: $.status | LineNumber: 0 | BytePositionInLine: 21.
   at System.Text.Json.ThrowHelper.ThrowJsonException(String message)
   at System.Text.Json.Serialization.Converters.EnumConverter`1.Read(Utf8JsonReader& reader, Type typeToConvert, JsonSerializerOptions options)
   at System.Text.Json.Serialization.JsonConverter`1.TryRead(Utf8JsonReader& reader, Type typeToConvert, JsonSerializerOptions options, ReadStack& state, T& value, Boolean& isPopulatedValue)
   at System.Text.Json.Serialization.Converters.SmallObjectWithParameterizedConstructorConverter`5.TryRead[TArg](ReadStack& state, Utf8JsonReader& reader, JsonParameterInfo jsonParameterInfo, TArg& arg)
   at System.Text.Json.Serialization.Converters.SmallObjectWithParameterizedConstructorConverter`5.ReadAndCacheConstructorArgument(ReadStack& state, Utf8JsonReader& reader, JsonParameterInfo jsonParameterInfo)
   at System.Text.Json.Serialization.Converters.ObjectWithParameterizedConstructorConverter`1.ReadConstructorArgumentsWithContinuation(ReadStack& state, Utf8JsonReader& reader, JsonSerializerOptions options)
   at System.Text.Json.Serialization.Converters.ObjectWithParameterizedConstructorConverter`1.OnTryRead(Utf8JsonReader& reader, Type typeToConvert, JsonSerializerOptions options, ReadStack& state, T& value)
   at System.Text.Json.Serialization.JsonConverter`1.TryRead(Utf8JsonReader& reader, Type typeToConvert, JsonSerializerOptions options, ReadStack& state, T& value, Boolean& isPopulatedValue)
   at System.Text.Json.Serialization.JsonConverter`1.ReadCore(Utf8JsonReader& reader, T& value, JsonSerializerOptions options, ReadStack& state)
   at System.Text.Json.Serialization.Metadata.JsonTypeInfo`1.ContinueDeserialize[TReadBufferState,TStream](TReadBufferState& bufferState, JsonReaderState& jsonReaderState, ReadStack& readStack, T& value)
   at System.Text.Json.Serialization.Metadata.JsonTypeInfo`1.DeserializeAsync[TReadBufferState,TStream](TStream utf8Json, TReadBufferState bufferState, CancellationToken cancellationToken)
   at System.Text.Json.Serialization.Metadata.JsonTypeInfo`1.DeserializeAsObjectAsync(PipeReader utf8Json, CancellationToken cancellationToken)
   at Microsoft.AspNetCore.Http.HttpRequestJsonExtensions.ReadFromJsonAsync(HttpRequest request, JsonTypeInfo jsonTypeInfo, CancellationToken cancellationToken)
   at Microsoft.AspNetCore.Http.HttpRequestJsonExtensions.ReadFromJsonAsync(HttpRequest request, JsonTypeInfo jsonTypeInfo, CancellationToken cancellationToken)
   at Microsoft.AspNetCore.Http.RequestDelegateFactory.<HandleRequestBodyAndCompileRequestDelegateForJson>g__TryReadBodyAsync|102_0(HttpContext httpContext, Type bodyType, String parameterTypeName, String parameterName, Boolean allowEmptyRequestBody, Boolean throwOnBadRequest, JsonTypeInfo jsonTypeInfo)
   --- End of inner exception stack trace ---
   at Microsoft.AspNetCore.Http.RequestDelegateFactory.Log.InvalidJsonRequestBody(HttpContext httpContext, String parameterTypeName, String parameterName, Exception exception, Boolean shouldThrow)
   at Microsoft.AspNetCore.Http.RequestDelegateFactory.<HandleRequestBodyAndCompileRequestDelegateForJson>g__TryReadBodyAsync|102_0(HttpContext httpContext, Type bodyType, String parameterTypeName, String parameterName, Boolean allowEmptyRequestBody, Boolean throwOnBadRequest, JsonTypeInfo jsonTypeInfo)
   at Microsoft.AspNetCore.Http.RequestDelegateFactory.<>c__DisplayClass102_2.<<HandleRequestBodyAndCompileRequestDelegateForJson>b__2>d.MoveNext()
--- End of stack trace from previous location ---
   at Microsoft.AspNetCore.Authorization.AuthorizationMiddleware.Invoke(HttpContext context)
   at Microsoft.AspNetCore.Authentication.AuthenticationMiddleware.Invoke(HttpContext context)
   at TapHoa.Api.Middleware.ExceptionHandlingMiddleware.InvokeAsync(HttpContext context)
2026-05-19 14:30:19.6301 [ERROR] TapHoa.Api.Middleware.ExceptionHandlingMiddleware - Unhandled exception for PATCH /api/v1/orders/248c1dae-ded4-4ca1-8915-4f8868a4c04b/status Microsoft.AspNetCore.Http.BadHttpRequestException: Failed to read parameter "UpdateStatusRequest body" from the request body as JSON.
 ---> System.Text.Json.JsonException: The JSON value could not be converted to TapHoa.Api.Endpoints.V1.Orders.UpdateStatusRequest. Path: $.status | LineNumber: 0 | BytePositionInLine: 21.
   at System.Text.Json.ThrowHelper.ThrowJsonException(String message)
   at System.Text.Json.Serialization.Converters.EnumConverter`1.Read(Utf8JsonReader& reader, Type typeToConvert, JsonSerializerOptions options)
   at System.Text.Json.Serialization.JsonConverter`1.TryRead(Utf8JsonReader& reader, Type typeToConvert, JsonSerializerOptions options, ReadStack& state, T& value, Boolean& isPopulatedValue)
   at System.Text.Json.Serialization.Converters.SmallObjectWithParameterizedConstructorConverter`5.TryRead[TArg](ReadStack& state, Utf8JsonReader& reader, JsonParameterInfo jsonParameterInfo, TArg& arg)
   at System.Text.Json.Serialization.Converters.SmallObjectWithParameterizedConstructorConverter`5.ReadAndCacheConstructorArgument(ReadStack& state, Utf8JsonReader& reader, JsonParameterInfo jsonParameterInfo)
   at System.Text.Json.Serialization.Converters.ObjectWithParameterizedConstructorConverter`1.ReadConstructorArgumentsWithContinuation(ReadStack& state, Utf8JsonReader& reader, JsonSerializerOptions options)
   at System.Text.Json.Serialization.Converters.ObjectWithParameterizedConstructorConverter`1.OnTryRead(Utf8JsonReader& reader, Type typeToConvert, JsonSerializerOptions options, ReadStack& state, T& value)
   at System.Text.Json.Serialization.JsonConverter`1.TryRead(Utf8JsonReader& reader, Type typeToConvert, JsonSerializerOptions options, ReadStack& state, T& value, Boolean& isPopulatedValue)
   at System.Text.Json.Serialization.JsonConverter`1.ReadCore(Utf8JsonReader& reader, T& value, JsonSerializerOptions options, ReadStack& state)
   at System.Text.Json.Serialization.Metadata.JsonTypeInfo`1.ContinueDeserialize[TReadBufferState,TStream](TReadBufferState& bufferState, JsonReaderState& jsonReaderState, ReadStack& readStack, T& value)
   at System.Text.Json.Serialization.Metadata.JsonTypeInfo`1.DeserializeAsync[TReadBufferState,TStream](TStream utf8Json, TReadBufferState bufferState, CancellationToken cancellationToken)
   at System.Text.Json.Serialization.Metadata.JsonTypeInfo`1.DeserializeAsObjectAsync(PipeReader utf8Json, CancellationToken cancellationToken)
   at Microsoft.AspNetCore.Http.HttpRequestJsonExtensions.ReadFromJsonAsync(HttpRequest request, JsonTypeInfo jsonTypeInfo, CancellationToken cancellationToken)
   at Microsoft.AspNetCore.Http.HttpRequestJsonExtensions.ReadFromJsonAsync(HttpRequest request, JsonTypeInfo jsonTypeInfo, CancellationToken cancellationToken)
   at Microsoft.AspNetCore.Http.RequestDelegateFactory.<HandleRequestBodyAndCompileRequestDelegateForJson>g__TryReadBodyAsync|102_0(HttpContext httpContext, Type bodyType, String parameterTypeName, String parameterName, Boolean allowEmptyRequestBody, Boolean throwOnBadRequest, JsonTypeInfo jsonTypeInfo)
   --- End of inner exception stack trace ---
   at Microsoft.AspNetCore.Http.RequestDelegateFactory.Log.InvalidJsonRequestBody(HttpContext httpContext, String parameterTypeName, String parameterName, Exception exception, Boolean shouldThrow)
   at Microsoft.AspNetCore.Http.RequestDelegateFactory.<HandleRequestBodyAndCompileRequestDelegateForJson>g__TryReadBodyAsync|102_0(HttpContext httpContext, Type bodyType, String parameterTypeName, String parameterName, Boolean allowEmptyRequestBody, Boolean throwOnBadRequest, JsonTypeInfo jsonTypeInfo)
   at Microsoft.AspNetCore.Http.RequestDelegateFactory.<>c__DisplayClass102_2.<<HandleRequestBodyAndCompileRequestDelegateForJson>b__2>d.MoveNext()
--- End of stack trace from previous location ---
   at Microsoft.AspNetCore.Authorization.AuthorizationMiddleware.Invoke(HttpContext context)
   at Microsoft.AspNetCore.Authentication.AuthenticationMiddleware.Invoke(HttpContext context)
   at TapHoa.Api.Middleware.ExceptionHandlingMiddleware.InvokeAsync(HttpContext context)
2026-05-19 14:30:19.7582 [ERROR] TapHoa.Api.Middleware.ExceptionHandlingMiddleware - Unhandled exception for PATCH /api/v1/orders/248c1dae-ded4-4ca1-8915-4f8868a4c04b/status Microsoft.AspNetCore.Http.BadHttpRequestException: Failed to read parameter "UpdateStatusRequest body" from the request body as JSON.
 ---> System.Text.Json.JsonException: The JSON value could not be converted to TapHoa.Api.Endpoints.V1.Orders.UpdateStatusRequest. Path: $.status | LineNumber: 0 | BytePositionInLine: 21.
   at System.Text.Json.ThrowHelper.ThrowJsonException(String message)
   at System.Text.Json.Serialization.Converters.EnumConverter`1.Read(Utf8JsonReader& reader, Type typeToConvert, JsonSerializerOptions options)
   at System.Text.Json.Serialization.JsonConverter`1.TryRead(Utf8JsonReader& reader, Type typeToConvert, JsonSerializerOptions options, ReadStack& state, T& value, Boolean& isPopulatedValue)
   at System.Text.Json.Serialization.Converters.SmallObjectWithParameterizedConstructorConverter`5.TryRead[TArg](ReadStack& state, Utf8JsonReader& reader, JsonParameterInfo jsonParameterInfo, TArg& arg)
   at System.Text.Json.Serialization.Converters.SmallObjectWithParameterizedConstructorConverter`5.ReadAndCacheConstructorArgument(ReadStack& state, Utf8JsonReader& reader, JsonParameterInfo jsonParameterInfo)
   at System.Text.Json.Serialization.Converters.ObjectWithParameterizedConstructorConverter`1.ReadConstructorArgumentsWithContinuation(ReadStack& state, Utf8JsonReader& reader, JsonSerializerOptions options)
   at System.Text.Json.Serialization.Converters.ObjectWithParameterizedConstructorConverter`1.OnTryRead(Utf8JsonReader& reader, Type typeToConvert, JsonSerializerOptions options, ReadStack& state, T& value)
   at System.Text.Json.Serialization.JsonConverter`1.TryRead(Utf8JsonReader& reader, Type typeToConvert, JsonSerializerOptions options, ReadStack& state, T& value, Boolean& isPopulatedValue)
   at System.Text.Json.Serialization.JsonConverter`1.ReadCore(Utf8JsonReader& reader, T& value, JsonSerializerOptions options, ReadStack& state)
   at System.Text.Json.Serialization.Metadata.JsonTypeInfo`1.ContinueDeserialize[TReadBufferState,TStream](TReadBufferState& bufferState, JsonReaderState& jsonReaderState, ReadStack& readStack, T& value)
   at System.Text.Json.Serialization.Metadata.JsonTypeInfo`1.DeserializeAsync[TReadBufferState,TStream](TStream utf8Json, TReadBufferState bufferState, CancellationToken cancellationToken)
   at System.Text.Json.Serialization.Metadata.JsonTypeInfo`1.DeserializeAsObjectAsync(PipeReader utf8Json, CancellationToken cancellationToken)
   at Microsoft.AspNetCore.Http.HttpRequestJsonExtensions.ReadFromJsonAsync(HttpRequest request, JsonTypeInfo jsonTypeInfo, CancellationToken cancellationToken)
   at Microsoft.AspNetCore.Http.HttpRequestJsonExtensions.ReadFromJsonAsync(HttpRequest request, JsonTypeInfo jsonTypeInfo, CancellationToken cancellationToken)
   at Microsoft.AspNetCore.Http.RequestDelegateFactory.<HandleRequestBodyAndCompileRequestDelegateForJson>g__TryReadBodyAsync|102_0(HttpContext httpContext, Type bodyType, String parameterTypeName, String parameterName, Boolean allowEmptyRequestBody, Boolean throwOnBadRequest, JsonTypeInfo jsonTypeInfo)
   --- End of inner exception stack trace ---
   at Microsoft.AspNetCore.Http.RequestDelegateFactory.Log.InvalidJsonRequestBody(HttpContext httpContext, String parameterTypeName, String parameterName, Exception exception, Boolean shouldThrow)
   at Microsoft.AspNetCore.Http.RequestDelegateFactory.<HandleRequestBodyAndCompileRequestDelegateForJson>g__TryReadBodyAsync|102_0(HttpContext httpContext, Type bodyType, String parameterTypeName, String parameterName, Boolean allowEmptyRequestBody, Boolean throwOnBadRequest, JsonTypeInfo jsonTypeInfo)
   at Microsoft.AspNetCore.Http.RequestDelegateFactory.<>c__DisplayClass102_2.<<HandleRequestBodyAndCompileRequestDelegateForJson>b__2>d.MoveNext()
--- End of stack trace from previous location ---
   at Microsoft.AspNetCore.Authorization.AuthorizationMiddleware.Invoke(HttpContext context)
   at Microsoft.AspNetCore.Authentication.AuthenticationMiddleware.Invoke(HttpContext context)
   at TapHoa.Api.Middleware.ExceptionHandlingMiddleware.InvokeAsync(HttpContext context)
2026-05-19 14:30:19.9181 [ERROR] TapHoa.Api.Middleware.ExceptionHandlingMiddleware - Unhandled exception for PATCH /api/v1/orders/248c1dae-ded4-4ca1-8915-4f8868a4c04b/status Microsoft.AspNetCore.Http.BadHttpRequestException: Failed to read parameter "UpdateStatusRequest body" from the request body as JSON.
 ---> System.Text.Json.JsonException: The JSON value could not be converted to TapHoa.Api.Endpoints.V1.Orders.UpdateStatusRequest. Path: $.status | LineNumber: 0 | BytePositionInLine: 21.
   at System.Text.Json.ThrowHelper.ThrowJsonException(String message)
   at System.Text.Json.Serialization.Converters.EnumConverter`1.Read(Utf8JsonReader& reader, Type typeToConvert, JsonSerializerOptions options)
   at System.Text.Json.Serialization.JsonConverter`1.TryRead(Utf8JsonReader& reader, Type typeToConvert, JsonSerializerOptions options, ReadStack& state, T& value, Boolean& isPopulatedValue)
   at System.Text.Json.Serialization.Converters.SmallObjectWithParameterizedConstructorConverter`5.TryRead[TArg](ReadStack& state, Utf8JsonReader& reader, JsonParameterInfo jsonParameterInfo, TArg& arg)
   at System.Text.Json.Serialization.Converters.SmallObjectWithParameterizedConstructorConverter`5.ReadAndCacheConstructorArgument(ReadStack& state, Utf8JsonReader& reader, JsonParameterInfo jsonParameterInfo)
   at System.Text.Json.Serialization.Converters.ObjectWithParameterizedConstructorConverter`1.ReadConstructorArgumentsWithContinuation(ReadStack& state, Utf8JsonReader& reader, JsonSerializerOptions options)
   at System.Text.Json.Serialization.Converters.ObjectWithParameterizedConstructorConverter`1.OnTryRead(Utf8JsonReader& reader, Type typeToConvert, JsonSerializerOptions options, ReadStack& state, T& value)
   at System.Text.Json.Serialization.JsonConverter`1.TryRead(Utf8JsonReader& reader, Type typeToConvert, JsonSerializerOptions options, ReadStack& state, T& value, Boolean& isPopulatedValue)
   at System.Text.Json.Serialization.JsonConverter`1.ReadCore(Utf8JsonReader& reader, T& value, JsonSerializerOptions options, ReadStack& state)
   at System.Text.Json.Serialization.Metadata.JsonTypeInfo`1.ContinueDeserialize[TReadBufferState,TStream](TReadBufferState& bufferState, JsonReaderState& jsonReaderState, ReadStack& readStack, T& value)
   at System.Text.Json.Serialization.Metadata.JsonTypeInfo`1.DeserializeAsync[TReadBufferState,TStream](TStream utf8Json, TReadBufferState bufferState, CancellationToken cancellationToken)
   at System.Text.Json.Serialization.Metadata.JsonTypeInfo`1.DeserializeAsObjectAsync(PipeReader utf8Json, CancellationToken cancellationToken)
   at Microsoft.AspNetCore.Http.HttpRequestJsonExtensions.ReadFromJsonAsync(HttpRequest request, JsonTypeInfo jsonTypeInfo, CancellationToken cancellationToken)
   at Microsoft.AspNetCore.Http.HttpRequestJsonExtensions.ReadFromJsonAsync(HttpRequest request, JsonTypeInfo jsonTypeInfo, CancellationToken cancellationToken)
   at Microsoft.AspNetCore.Http.RequestDelegateFactory.<HandleRequestBodyAndCompileRequestDelegateForJson>g__TryReadBodyAsync|102_0(HttpContext httpContext, Type bodyType, String parameterTypeName, String parameterName, Boolean allowEmptyRequestBody, Boolean throwOnBadRequest, JsonTypeInfo jsonTypeInfo)
   --- End of inner exception stack trace ---
   at Microsoft.AspNetCore.Http.RequestDelegateFactory.Log.InvalidJsonRequestBody(HttpContext httpContext, String parameterTypeName, String parameterName, Exception exception, Boolean shouldThrow)
   at Microsoft.AspNetCore.Http.RequestDelegateFactory.<HandleRequestBodyAndCompileRequestDelegateForJson>g__TryReadBodyAsync|102_0(HttpContext httpContext, Type bodyType, String parameterTypeName, String parameterName, Boolean allowEmptyRequestBody, Boolean throwOnBadRequest, JsonTypeInfo jsonTypeInfo)
   at Microsoft.AspNetCore.Http.RequestDelegateFactory.<>c__DisplayClass102_2.<<HandleRequestBodyAndCompileRequestDelegateForJson>b__2>d.MoveNext()
--- End of stack trace from previous location ---
   at Microsoft.AspNetCore.Authorization.AuthorizationMiddleware.Invoke(HttpContext context)
   at Microsoft.AspNetCore.Authentication.AuthenticationMiddleware.Invoke(HttpContext context)
   at TapHoa.Api.Middleware.ExceptionHandlingMiddleware.InvokeAsync(HttpContext context)
2026-05-19 14:30:20.0684 [ERROR] TapHoa.Api.Middleware.ExceptionHandlingMiddleware - Unhandled exception for PATCH /api/v1/orders/248c1dae-ded4-4ca1-8915-4f8868a4c04b/status Microsoft.AspNetCore.Http.BadHttpRequestException: Failed to read parameter "UpdateStatusRequest body" from the request body as JSON.
 ---> System.Text.Json.JsonException: The JSON value could not be converted to TapHoa.Api.Endpoints.V1.Orders.UpdateStatusRequest. Path: $.status | LineNumber: 0 | BytePositionInLine: 21.
   at System.Text.Json.ThrowHelper.ThrowJsonException(String message)
   at System.Text.Json.Serialization.Converters.EnumConverter`1.Read(Utf8JsonReader& reader, Type typeToConvert, JsonSerializerOptions options)
   at System.Text.Json.Serialization.JsonConverter`1.TryRead(Utf8JsonReader& reader, Type typeToConvert, JsonSerializerOptions options, ReadStack& state, T& value, Boolean& isPopulatedValue)
   at System.Text.Json.Serialization.Converters.SmallObjectWithParameterizedConstructorConverter`5.TryRead[TArg](ReadStack& state, Utf8JsonReader& reader, JsonParameterInfo jsonParameterInfo, TArg& arg)
   at System.Text.Json.Serialization.Converters.SmallObjectWithParameterizedConstructorConverter`5.ReadAndCacheConstructorArgument(ReadStack& state, Utf8JsonReader& reader, JsonParameterInfo jsonParameterInfo)
   at System.Text.Json.Serialization.Converters.ObjectWithParameterizedConstructorConverter`1.ReadConstructorArgumentsWithContinuation(ReadStack& state, Utf8JsonReader& reader, JsonSerializerOptions options)
   at System.Text.Json.Serialization.Converters.ObjectWithParameterizedConstructorConverter`1.OnTryRead(Utf8JsonReader& reader, Type typeToConvert, JsonSerializerOptions options, ReadStack& state, T& value)
   at System.Text.Json.Serialization.JsonConverter`1.TryRead(Utf8JsonReader& reader, Type typeToConvert, JsonSerializerOptions options, ReadStack& state, T& value, Boolean& isPopulatedValue)
   at System.Text.Json.Serialization.JsonConverter`1.ReadCore(Utf8JsonReader& reader, T& value, JsonSerializerOptions options, ReadStack& state)
   at System.Text.Json.Serialization.Metadata.JsonTypeInfo`1.ContinueDeserialize[TReadBufferState,TStream](TReadBufferState& bufferState, JsonReaderState& jsonReaderState, ReadStack& readStack, T& value)
   at System.Text.Json.Serialization.Metadata.JsonTypeInfo`1.DeserializeAsync[TReadBufferState,TStream](TStream utf8Json, TReadBufferState bufferState, CancellationToken cancellationToken)
   at System.Text.Json.Serialization.Metadata.JsonTypeInfo`1.DeserializeAsObjectAsync(PipeReader utf8Json, CancellationToken cancellationToken)
   at Microsoft.AspNetCore.Http.HttpRequestJsonExtensions.ReadFromJsonAsync(HttpRequest request, JsonTypeInfo jsonTypeInfo, CancellationToken cancellationToken)
   at Microsoft.AspNetCore.Http.HttpRequestJsonExtensions.ReadFromJsonAsync(HttpRequest request, JsonTypeInfo jsonTypeInfo, CancellationToken cancellationToken)
   at Microsoft.AspNetCore.Http.RequestDelegateFactory.<HandleRequestBodyAndCompileRequestDelegateForJson>g__TryReadBodyAsync|102_0(HttpContext httpContext, Type bodyType, String parameterTypeName, String parameterName, Boolean allowEmptyRequestBody, Boolean throwOnBadRequest, JsonTypeInfo jsonTypeInfo)
   --- End of inner exception stack trace ---
   at Microsoft.AspNetCore.Http.RequestDelegateFactory.Log.InvalidJsonRequestBody(HttpContext httpContext, String parameterTypeName, String parameterName, Exception exception, Boolean shouldThrow)
   at Microsoft.AspNetCore.Http.RequestDelegateFactory.<HandleRequestBodyAndCompileRequestDelegateForJson>g__TryReadBodyAsync|102_0(HttpContext httpContext, Type bodyType, String parameterTypeName, String parameterName, Boolean allowEmptyRequestBody, Boolean throwOnBadRequest, JsonTypeInfo jsonTypeInfo)
   at Microsoft.AspNetCore.Http.RequestDelegateFactory.<>c__DisplayClass102_2.<<HandleRequestBodyAndCompileRequestDelegateForJson>b__2>d.MoveNext()
--- End of stack trace from previous location ---
   at Microsoft.AspNetCore.Authorization.AuthorizationMiddleware.Invoke(HttpContext context)
   at Microsoft.AspNetCore.Authentication.AuthenticationMiddleware.Invoke(HttpContext context)
   at TapHoa.Api.Middleware.ExceptionHandlingMiddleware.InvokeAsync(HttpContext context)
2026-05-19 14:30:20.2126 [ERROR] TapHoa.Api.Middleware.ExceptionHandlingMiddleware - Unhandled exception for PATCH /api/v1/orders/248c1dae-ded4-4ca1-8915-4f8868a4c04b/status Microsoft.AspNetCore.Http.BadHttpRequestException: Failed to read parameter "UpdateStatusRequest body" from the request body as JSON.
 ---> System.Text.Json.JsonException: The JSON value could not be converted to TapHoa.Api.Endpoints.V1.Orders.UpdateStatusRequest. Path: $.status | LineNumber: 0 | BytePositionInLine: 21.
   at System.Text.Json.ThrowHelper.ThrowJsonException(String message)
   at System.Text.Json.Serialization.Converters.EnumConverter`1.Read(Utf8JsonReader& reader, Type typeToConvert, JsonSerializerOptions options)
   at System.Text.Json.Serialization.JsonConverter`1.TryRead(Utf8JsonReader& reader, Type typeToConvert, JsonSerializerOptions options, ReadStack& state, T& value, Boolean& isPopulatedValue)
   at System.Text.Json.Serialization.Converters.SmallObjectWithParameterizedConstructorConverter`5.TryRead[TArg](ReadStack& state, Utf8JsonReader& reader, JsonParameterInfo jsonParameterInfo, TArg& arg)
   at System.Text.Json.Serialization.Converters.SmallObjectWithParameterizedConstructorConverter`5.ReadAndCacheConstructorArgument(ReadStack& state, Utf8JsonReader& reader, JsonParameterInfo jsonParameterInfo)
   at System.Text.Json.Serialization.Converters.ObjectWithParameterizedConstructorConverter`1.ReadConstructorArgumentsWithContinuation(ReadStack& state, Utf8JsonReader& reader, JsonSerializerOptions options)
   at System.Text.Json.Serialization.Converters.ObjectWithParameterizedConstructorConverter`1.OnTryRead(Utf8JsonReader& reader, Type typeToConvert, JsonSerializerOptions options, ReadStack& state, T& value)
   at System.Text.Json.Serialization.JsonConverter`1.TryRead(Utf8JsonReader& reader, Type typeToConvert, JsonSerializerOptions options, ReadStack& state, T& value, Boolean& isPopulatedValue)
   at System.Text.Json.Serialization.JsonConverter`1.ReadCore(Utf8JsonReader& reader, T& value, JsonSerializerOptions options, ReadStack& state)
   at System.Text.Json.Serialization.Metadata.JsonTypeInfo`1.ContinueDeserialize[TReadBufferState,TStream](TReadBufferState& bufferState, JsonReaderState& jsonReaderState, ReadStack& readStack, T& value)
   at System.Text.Json.Serialization.Metadata.JsonTypeInfo`1.DeserializeAsync[TReadBufferState,TStream](TStream utf8Json, TReadBufferState bufferState, CancellationToken cancellationToken)
   at System.Text.Json.Serialization.Metadata.JsonTypeInfo`1.DeserializeAsObjectAsync(PipeReader utf8Json, CancellationToken cancellationToken)
   at Microsoft.AspNetCore.Http.HttpRequestJsonExtensions.ReadFromJsonAsync(HttpRequest request, JsonTypeInfo jsonTypeInfo, CancellationToken cancellationToken)
   at Microsoft.AspNetCore.Http.HttpRequestJsonExtensions.ReadFromJsonAsync(HttpRequest request, JsonTypeInfo jsonTypeInfo, CancellationToken cancellationToken)
   at Microsoft.AspNetCore.Http.RequestDelegateFactory.<HandleRequestBodyAndCompileRequestDelegateForJson>g__TryReadBodyAsync|102_0(HttpContext httpContext, Type bodyType, String parameterTypeName, String parameterName, Boolean allowEmptyRequestBody, Boolean throwOnBadRequest, JsonTypeInfo jsonTypeInfo)
   --- End of inner exception stack trace ---
   at Microsoft.AspNetCore.Http.RequestDelegateFactory.Log.InvalidJsonRequestBody(HttpContext httpContext, String parameterTypeName, String parameterName, Exception exception, Boolean shouldThrow)
   at Microsoft.AspNetCore.Http.RequestDelegateFactory.<HandleRequestBodyAndCompileRequestDelegateForJson>g__TryReadBodyAsync|102_0(HttpContext httpContext, Type bodyType, String parameterTypeName, String parameterName, Boolean allowEmptyRequestBody, Boolean throwOnBadRequest, JsonTypeInfo jsonTypeInfo)
   at Microsoft.AspNetCore.Http.RequestDelegateFactory.<>c__DisplayClass102_2.<<HandleRequestBodyAndCompileRequestDelegateForJson>b__2>d.MoveNext()
--- End of stack trace from previous location ---
   at Microsoft.AspNetCore.Authorization.AuthorizationMiddleware.Invoke(HttpContext context)
   at Microsoft.AspNetCore.Authentication.AuthenticationMiddleware.Invoke(HttpContext context)
   at TapHoa.Api.Middleware.ExceptionHandlingMiddleware.InvokeAsync(HttpContext context)
2026-05-19 14:30:20.3650 [ERROR] TapHoa.Api.Middleware.ExceptionHandlingMiddleware - Unhandled exception for PATCH /api/v1/orders/248c1dae-ded4-4ca1-8915-4f8868a4c04b/status Microsoft.AspNetCore.Http.BadHttpRequestException: Failed to read parameter "UpdateStatusRequest body" from the request body as JSON.
 ---> System.Text.Json.JsonException: The JSON value could not be converted to TapHoa.Api.Endpoints.V1.Orders.UpdateStatusRequest. Path: $.status | LineNumber: 0 | BytePositionInLine: 21.
   at System.Text.Json.ThrowHelper.ThrowJsonException(String message)
   at System.Text.Json.Serialization.Converters.EnumConverter`1.Read(Utf8JsonReader& reader, Type typeToConvert, JsonSerializerOptions options)
   at System.Text.Json.Serialization.JsonConverter`1.TryRead(Utf8JsonReader& reader, Type typeToConvert, JsonSerializerOptions options, ReadStack& state, T& value, Boolean& isPopulatedValue)
   at System.Text.Json.Serialization.Converters.SmallObjectWithParameterizedConstructorConverter`5.TryRead[TArg](ReadStack& state, Utf8JsonReader& reader, JsonParameterInfo jsonParameterInfo, TArg& arg)
   at System.Text.Json.Serialization.Converters.SmallObjectWithParameterizedConstructorConverter`5.ReadAndCacheConstructorArgument(ReadStack& state, Utf8JsonReader& reader, JsonParameterInfo jsonParameterInfo)
   at System.Text.Json.Serialization.Converters.ObjectWithParameterizedConstructorConverter`1.ReadConstructorArgumentsWithContinuation(ReadStack& state, Utf8JsonReader& reader, JsonSerializerOptions options)
   at System.Text.Json.Serialization.Converters.ObjectWithParameterizedConstructorConverter`1.OnTryRead(Utf8JsonReader& reader, Type typeToConvert, JsonSerializerOptions options, ReadStack& state, T& value)
   at System.Text.Json.Serialization.JsonConverter`1.TryRead(Utf8JsonReader& reader, Type typeToConvert, JsonSerializerOptions options, ReadStack& state, T& value, Boolean& isPopulatedValue)
   at System.Text.Json.Serialization.JsonConverter`1.ReadCore(Utf8JsonReader& reader, T& value, JsonSerializerOptions options, ReadStack& state)
   at System.Text.Json.Serialization.Metadata.JsonTypeInfo`1.ContinueDeserialize[TReadBufferState,TStream](TReadBufferState& bufferState, JsonReaderState& jsonReaderState, ReadStack& readStack, T& value)
   at System.Text.Json.Serialization.Metadata.JsonTypeInfo`1.DeserializeAsync[TReadBufferState,TStream](TStream utf8Json, TReadBufferState bufferState, CancellationToken cancellationToken)
   at System.Text.Json.Serialization.Metadata.JsonTypeInfo`1.DeserializeAsObjectAsync(PipeReader utf8Json, CancellationToken cancellationToken)
   at Microsoft.AspNetCore.Http.HttpRequestJsonExtensions.ReadFromJsonAsync(HttpRequest request, JsonTypeInfo jsonTypeInfo, CancellationToken cancellationToken)
   at Microsoft.AspNetCore.Http.HttpRequestJsonExtensions.ReadFromJsonAsync(HttpRequest request, JsonTypeInfo jsonTypeInfo, CancellationToken cancellationToken)
   at Microsoft.AspNetCore.Http.RequestDelegateFactory.<HandleRequestBodyAndCompileRequestDelegateForJson>g__TryReadBodyAsync|102_0(HttpContext httpContext, Type bodyType, String parameterTypeName, String parameterName, Boolean allowEmptyRequestBody, Boolean throwOnBadRequest, JsonTypeInfo jsonTypeInfo)
   --- End of inner exception stack trace ---
   at Microsoft.AspNetCore.Http.RequestDelegateFactory.Log.InvalidJsonRequestBody(HttpContext httpContext, String parameterTypeName, String parameterName, Exception exception, Boolean shouldThrow)
   at Microsoft.AspNetCore.Http.RequestDelegateFactory.<HandleRequestBodyAndCompileRequestDelegateForJson>g__TryReadBodyAsync|102_0(HttpContext httpContext, Type bodyType, String parameterTypeName, String parameterName, Boolean allowEmptyRequestBody, Boolean throwOnBadRequest, JsonTypeInfo jsonTypeInfo)
   at Microsoft.AspNetCore.Http.RequestDelegateFactory.<>c__DisplayClass102_2.<<HandleRequestBodyAndCompileRequestDelegateForJson>b__2>d.MoveNext()
--- End of stack trace from previous location ---
   at Microsoft.AspNetCore.Authorization.AuthorizationMiddleware.Invoke(HttpContext context)
   at Microsoft.AspNetCore.Authentication.AuthenticationMiddleware.Invoke(HttpContext context)
   at TapHoa.Api.Middleware.ExceptionHandlingMiddleware.InvokeAsync(HttpContext context)
2026-05-19 14:30:20.5169 [ERROR] TapHoa.Api.Middleware.ExceptionHandlingMiddleware - Unhandled exception for PATCH /api/v1/orders/248c1dae-ded4-4ca1-8915-4f8868a4c04b/status Microsoft.AspNetCore.Http.BadHttpRequestException: Failed to read parameter "UpdateStatusRequest body" from the request body as JSON.
 ---> System.Text.Json.JsonException: The JSON value could not be converted to TapHoa.Api.Endpoints.V1.Orders.UpdateStatusRequest. Path: $.status | LineNumber: 0 | BytePositionInLine: 21.
   at System.Text.Json.ThrowHelper.ThrowJsonException(String message)
   at System.Text.Json.Serialization.Converters.EnumConverter`1.Read(Utf8JsonReader& reader, Type typeToConvert, JsonSerializerOptions options)
   at System.Text.Json.Serialization.JsonConverter`1.TryRead(Utf8JsonReader& reader, Type typeToConvert, JsonSerializerOptions options, ReadStack& state, T& value, Boolean& isPopulatedValue)
   at System.Text.Json.Serialization.Converters.SmallObjectWithParameterizedConstructorConverter`5.TryRead[TArg](ReadStack& state, Utf8JsonReader& reader, JsonParameterInfo jsonParameterInfo, TArg& arg)
   at System.Text.Json.Serialization.Converters.SmallObjectWithParameterizedConstructorConverter`5.ReadAndCacheConstructorArgument(ReadStack& state, Utf8JsonReader& reader, JsonParameterInfo jsonParameterInfo)
   at System.Text.Json.Serialization.Converters.ObjectWithParameterizedConstructorConverter`1.ReadConstructorArgumentsWithContinuation(ReadStack& state, Utf8JsonReader& reader, JsonSerializerOptions options)
   at System.Text.Json.Serialization.Converters.ObjectWithParameterizedConstructorConverter`1.OnTryRead(Utf8JsonReader& reader, Type typeToConvert, JsonSerializerOptions options, ReadStack& state, T& value)
   at System.Text.Json.Serialization.JsonConverter`1.TryRead(Utf8JsonReader& reader, Type typeToConvert, JsonSerializerOptions options, ReadStack& state, T& value, Boolean& isPopulatedValue)
   at System.Text.Json.Serialization.JsonConverter`1.ReadCore(Utf8JsonReader& reader, T& value, JsonSerializerOptions options, ReadStack& state)
   at System.Text.Json.Serialization.Metadata.JsonTypeInfo`1.ContinueDeserialize[TReadBufferState,TStream](TReadBufferState& bufferState, JsonReaderState& jsonReaderState, ReadStack& readStack, T& value)
   at System.Text.Json.Serialization.Metadata.JsonTypeInfo`1.DeserializeAsync[TReadBufferState,TStream](TStream utf8Json, TReadBufferState bufferState, CancellationToken cancellationToken)
   at System.Text.Json.Serialization.Metadata.JsonTypeInfo`1.DeserializeAsObjectAsync(PipeReader utf8Json, CancellationToken cancellationToken)
   at Microsoft.AspNetCore.Http.HttpRequestJsonExtensions.ReadFromJsonAsync(HttpRequest request, JsonTypeInfo jsonTypeInfo, CancellationToken cancellationToken)
   at Microsoft.AspNetCore.Http.HttpRequestJsonExtensions.ReadFromJsonAsync(HttpRequest request, JsonTypeInfo jsonTypeInfo, CancellationToken cancellationToken)
   at Microsoft.AspNetCore.Http.RequestDelegateFactory.<HandleRequestBodyAndCompileRequestDelegateForJson>g__TryReadBodyAsync|102_0(HttpContext httpContext, Type bodyType, String parameterTypeName, String parameterName, Boolean allowEmptyRequestBody, Boolean throwOnBadRequest, JsonTypeInfo jsonTypeInfo)
   --- End of inner exception stack trace ---
   at Microsoft.AspNetCore.Http.RequestDelegateFactory.Log.InvalidJsonRequestBody(HttpContext httpContext, String parameterTypeName, String parameterName, Exception exception, Boolean shouldThrow)
   at Microsoft.AspNetCore.Http.RequestDelegateFactory.<HandleRequestBodyAndCompileRequestDelegateForJson>g__TryReadBodyAsync|102_0(HttpContext httpContext, Type bodyType, String parameterTypeName, String parameterName, Boolean allowEmptyRequestBody, Boolean throwOnBadRequest, JsonTypeInfo jsonTypeInfo)
   at Microsoft.AspNetCore.Http.RequestDelegateFactory.<>c__DisplayClass102_2.<<HandleRequestBodyAndCompileRequestDelegateForJson>b__2>d.MoveNext()
--- End of stack trace from previous location ---
   at Microsoft.AspNetCore.Authorization.AuthorizationMiddleware.Invoke(HttpContext context)
   at Microsoft.AspNetCore.Authentication.AuthenticationMiddleware.Invoke(HttpContext context)
   at TapHoa.Api.Middleware.ExceptionHandlingMiddleware.InvokeAsync(HttpContext context)
2026-05-19 14:30:20.6763 [ERROR] TapHoa.Api.Middleware.ExceptionHandlingMiddleware - Unhandled exception for PATCH /api/v1/orders/248c1dae-ded4-4ca1-8915-4f8868a4c04b/status Microsoft.AspNetCore.Http.BadHttpRequestException: Failed to read parameter "UpdateStatusRequest body" from the request body as JSON.
 ---> System.Text.Json.JsonException: The JSON value could not be converted to TapHoa.Api.Endpoints.V1.Orders.UpdateStatusRequest. Path: $.status | LineNumber: 0 | BytePositionInLine: 21.
   at System.Text.Json.ThrowHelper.ThrowJsonException(String message)
   at System.Text.Json.Serialization.Converters.EnumConverter`1.Read(Utf8JsonReader& reader, Type typeToConvert, JsonSerializerOptions options)
   at System.Text.Json.Serialization.JsonConverter`1.TryRead(Utf8JsonReader& reader, Type typeToConvert, JsonSerializerOptions options, ReadStack& state, T& value, Boolean& isPopulatedValue)
   at System.Text.Json.Serialization.Converters.SmallObjectWithParameterizedConstructorConverter`5.TryRead[TArg](ReadStack& state, Utf8JsonReader& reader, JsonParameterInfo jsonParameterInfo, TArg& arg)
   at System.Text.Json.Serialization.Converters.SmallObjectWithParameterizedConstructorConverter`5.ReadAndCacheConstructorArgument(ReadStack& state, Utf8JsonReader& reader, JsonParameterInfo jsonParameterInfo)
   at System.Text.Json.Serialization.Converters.ObjectWithParameterizedConstructorConverter`1.ReadConstructorArgumentsWithContinuation(ReadStack& state, Utf8JsonReader& reader, JsonSerializerOptions options)
   at System.Text.Json.Serialization.Converters.ObjectWithParameterizedConstructorConverter`1.OnTryRead(Utf8JsonReader& reader, Type typeToConvert, JsonSerializerOptions options, ReadStack& state, T& value)
   at System.Text.Json.Serialization.JsonConverter`1.TryRead(Utf8JsonReader& reader, Type typeToConvert, JsonSerializerOptions options, ReadStack& state, T& value, Boolean& isPopulatedValue)
   at System.Text.Json.Serialization.JsonConverter`1.ReadCore(Utf8JsonReader& reader, T& value, JsonSerializerOptions options, ReadStack& state)
   at System.Text.Json.Serialization.Metadata.JsonTypeInfo`1.ContinueDeserialize[TReadBufferState,TStream](TReadBufferState& bufferState, JsonReaderState& jsonReaderState, ReadStack& readStack, T& value)
   at System.Text.Json.Serialization.Metadata.JsonTypeInfo`1.DeserializeAsync[TReadBufferState,TStream](TStream utf8Json, TReadBufferState bufferState, CancellationToken cancellationToken)
   at System.Text.Json.Serialization.Metadata.JsonTypeInfo`1.DeserializeAsObjectAsync(PipeReader utf8Json, CancellationToken cancellationToken)
   at Microsoft.AspNetCore.Http.HttpRequestJsonExtensions.ReadFromJsonAsync(HttpRequest request, JsonTypeInfo jsonTypeInfo, CancellationToken cancellationToken)
   at Microsoft.AspNetCore.Http.HttpRequestJsonExtensions.ReadFromJsonAsync(HttpRequest request, JsonTypeInfo jsonTypeInfo, CancellationToken cancellationToken)
   at Microsoft.AspNetCore.Http.RequestDelegateFactory.<HandleRequestBodyAndCompileRequestDelegateForJson>g__TryReadBodyAsync|102_0(HttpContext httpContext, Type bodyType, String parameterTypeName, String parameterName, Boolean allowEmptyRequestBody, Boolean throwOnBadRequest, JsonTypeInfo jsonTypeInfo)
   --- End of inner exception stack trace ---
   at Microsoft.AspNetCore.Http.RequestDelegateFactory.Log.InvalidJsonRequestBody(HttpContext httpContext, String parameterTypeName, String parameterName, Exception exception, Boolean shouldThrow)
   at Microsoft.AspNetCore.Http.RequestDelegateFactory.<HandleRequestBodyAndCompileRequestDelegateForJson>g__TryReadBodyAsync|102_0(HttpContext httpContext, Type bodyType, String parameterTypeName, String parameterName, Boolean allowEmptyRequestBody, Boolean throwOnBadRequest, JsonTypeInfo jsonTypeInfo)
   at Microsoft.AspNetCore.Http.RequestDelegateFactory.<>c__DisplayClass102_2.<<HandleRequestBodyAndCompileRequestDelegateForJson>b__2>d.MoveNext()
--- End of stack trace from previous location ---
   at Microsoft.AspNetCore.Authorization.AuthorizationMiddleware.Invoke(HttpContext context)
   at Microsoft.AspNetCore.Authentication.AuthenticationMiddleware.Invoke(HttpContext context)
   at TapHoa.Api.Middleware.ExceptionHandlingMiddleware.InvokeAsync(HttpContext context)
2026-05-19 14:30:20.8285 [ERROR] TapHoa.Api.Middleware.ExceptionHandlingMiddleware - Unhandled exception for PATCH /api/v1/orders/248c1dae-ded4-4ca1-8915-4f8868a4c04b/status Microsoft.AspNetCore.Http.BadHttpRequestException: Failed to read parameter "UpdateStatusRequest body" from the request body as JSON.
 ---> System.Text.Json.JsonException: The JSON value could not be converted to TapHoa.Api.Endpoints.V1.Orders.UpdateStatusRequest. Path: $.status | LineNumber: 0 | BytePositionInLine: 21.
   at System.Text.Json.ThrowHelper.ThrowJsonException(String message)
   at System.Text.Json.Serialization.Converters.EnumConverter`1.Read(Utf8JsonReader& reader, Type typeToConvert, JsonSerializerOptions options)
   at System.Text.Json.Serialization.JsonConverter`1.TryRead(Utf8JsonReader& reader, Type typeToConvert, JsonSerializerOptions options, ReadStack& state, T& value, Boolean& isPopulatedValue)
   at System.Text.Json.Serialization.Converters.SmallObjectWithParameterizedConstructorConverter`5.TryRead[TArg](ReadStack& state, Utf8JsonReader& reader, JsonParameterInfo jsonParameterInfo, TArg& arg)
   at System.Text.Json.Serialization.Converters.SmallObjectWithParameterizedConstructorConverter`5.ReadAndCacheConstructorArgument(ReadStack& state, Utf8JsonReader& reader, JsonParameterInfo jsonParameterInfo)
   at System.Text.Json.Serialization.Converters.ObjectWithParameterizedConstructorConverter`1.ReadConstructorArgumentsWithContinuation(ReadStack& state, Utf8JsonReader& reader, JsonSerializerOptions options)
   at System.Text.Json.Serialization.Converters.ObjectWithParameterizedConstructorConverter`1.OnTryRead(Utf8JsonReader& reader, Type typeToConvert, JsonSerializerOptions options, ReadStack& state, T& value)
   at System.Text.Json.Serialization.JsonConverter`1.TryRead(Utf8JsonReader& reader, Type typeToConvert, JsonSerializerOptions options, ReadStack& state, T& value, Boolean& isPopulatedValue)
   at System.Text.Json.Serialization.JsonConverter`1.ReadCore(Utf8JsonReader& reader, T& value, JsonSerializerOptions options, ReadStack& state)
   at System.Text.Json.Serialization.Metadata.JsonTypeInfo`1.ContinueDeserialize[TReadBufferState,TStream](TReadBufferState& bufferState, JsonReaderState& jsonReaderState, ReadStack& readStack, T& value)
   at System.Text.Json.Serialization.Metadata.JsonTypeInfo`1.DeserializeAsync[TReadBufferState,TStream](TStream utf8Json, TReadBufferState bufferState, CancellationToken cancellationToken)
   at System.Text.Json.Serialization.Metadata.JsonTypeInfo`1.DeserializeAsObjectAsync(PipeReader utf8Json, CancellationToken cancellationToken)
   at Microsoft.AspNetCore.Http.HttpRequestJsonExtensions.ReadFromJsonAsync(HttpRequest request, JsonTypeInfo jsonTypeInfo, CancellationToken cancellationToken)
   at Microsoft.AspNetCore.Http.HttpRequestJsonExtensions.ReadFromJsonAsync(HttpRequest request, JsonTypeInfo jsonTypeInfo, CancellationToken cancellationToken)
   at Microsoft.AspNetCore.Http.RequestDelegateFactory.<HandleRequestBodyAndCompileRequestDelegateForJson>g__TryReadBodyAsync|102_0(HttpContext httpContext, Type bodyType, String parameterTypeName, String parameterName, Boolean allowEmptyRequestBody, Boolean throwOnBadRequest, JsonTypeInfo jsonTypeInfo)
   --- End of inner exception stack trace ---
   at Microsoft.AspNetCore.Http.RequestDelegateFactory.Log.InvalidJsonRequestBody(HttpContext httpContext, String parameterTypeName, String parameterName, Exception exception, Boolean shouldThrow)
   at Microsoft.AspNetCore.Http.RequestDelegateFactory.<HandleRequestBodyAndCompileRequestDelegateForJson>g__TryReadBodyAsync|102_0(HttpContext httpContext, Type bodyType, String parameterTypeName, String parameterName, Boolean allowEmptyRequestBody, Boolean throwOnBadRequest, JsonTypeInfo jsonTypeInfo)
   at Microsoft.AspNetCore.Http.RequestDelegateFactory.<>c__DisplayClass102_2.<<HandleRequestBodyAndCompileRequestDelegateForJson>b__2>d.MoveNext()
--- End of stack trace from previous location ---
   at Microsoft.AspNetCore.Authorization.AuthorizationMiddleware.Invoke(HttpContext context)
   at Microsoft.AspNetCore.Authentication.AuthenticationMiddleware.Invoke(HttpContext context)
   at TapHoa.Api.Middleware.ExceptionHandlingMiddleware.InvokeAsync(HttpContext context)
2026-05-19 14:30:20.9904 [ERROR] TapHoa.Api.Middleware.ExceptionHandlingMiddleware - Unhandled exception for PATCH /api/v1/orders/248c1dae-ded4-4ca1-8915-4f8868a4c04b/status Microsoft.AspNetCore.Http.BadHttpRequestException: Failed to read parameter "UpdateStatusRequest body" from the request body as JSON.
 ---> System.Text.Json.JsonException: The JSON value could not be converted to TapHoa.Api.Endpoints.V1.Orders.UpdateStatusRequest. Path: $.status | LineNumber: 0 | BytePositionInLine: 21.
   at System.Text.Json.ThrowHelper.ThrowJsonException(String message)
   at System.Text.Json.Serialization.Converters.EnumConverter`1.Read(Utf8JsonReader& reader, Type typeToConvert, JsonSerializerOptions options)
   at System.Text.Json.Serialization.JsonConverter`1.TryRead(Utf8JsonReader& reader, Type typeToConvert, JsonSerializerOptions options, ReadStack& state, T& value, Boolean& isPopulatedValue)
   at System.Text.Json.Serialization.Converters.SmallObjectWithParameterizedConstructorConverter`5.TryRead[TArg](ReadStack& state, Utf8JsonReader& reader, JsonParameterInfo jsonParameterInfo, TArg& arg)
   at System.Text.Json.Serialization.Converters.SmallObjectWithParameterizedConstructorConverter`5.ReadAndCacheConstructorArgument(ReadStack& state, Utf8JsonReader& reader, JsonParameterInfo jsonParameterInfo)
   at System.Text.Json.Serialization.Converters.ObjectWithParameterizedConstructorConverter`1.ReadConstructorArgumentsWithContinuation(ReadStack& state, Utf8JsonReader& reader, JsonSerializerOptions options)
   at System.Text.Json.Serialization.Converters.ObjectWithParameterizedConstructorConverter`1.OnTryRead(Utf8JsonReader& reader, Type typeToConvert, JsonSerializerOptions options, ReadStack& state, T& value)
   at System.Text.Json.Serialization.JsonConverter`1.TryRead(Utf8JsonReader& reader, Type typeToConvert, JsonSerializerOptions options, ReadStack& state, T& value, Boolean& isPopulatedValue)
   at System.Text.Json.Serialization.JsonConverter`1.ReadCore(Utf8JsonReader& reader, T& value, JsonSerializerOptions options, ReadStack& state)
   at System.Text.Json.Serialization.Metadata.JsonTypeInfo`1.ContinueDeserialize[TReadBufferState,TStream](TReadBufferState& bufferState, JsonReaderState& jsonReaderState, ReadStack& readStack, T& value)
   at System.Text.Json.Serialization.Metadata.JsonTypeInfo`1.DeserializeAsync[TReadBufferState,TStream](TStream utf8Json, TReadBufferState bufferState, CancellationToken cancellationToken)
   at System.Text.Json.Serialization.Metadata.JsonTypeInfo`1.DeserializeAsObjectAsync(PipeReader utf8Json, CancellationToken cancellationToken)
   at Microsoft.AspNetCore.Http.HttpRequestJsonExtensions.ReadFromJsonAsync(HttpRequest request, JsonTypeInfo jsonTypeInfo, CancellationToken cancellationToken)
   at Microsoft.AspNetCore.Http.HttpRequestJsonExtensions.ReadFromJsonAsync(HttpRequest request, JsonTypeInfo jsonTypeInfo, CancellationToken cancellationToken)
   at Microsoft.AspNetCore.Http.RequestDelegateFactory.<HandleRequestBodyAndCompileRequestDelegateForJson>g__TryReadBodyAsync|102_0(HttpContext httpContext, Type bodyType, String parameterTypeName, String parameterName, Boolean allowEmptyRequestBody, Boolean throwOnBadRequest, JsonTypeInfo jsonTypeInfo)
   --- End of inner exception stack trace ---
   at Microsoft.AspNetCore.Http.RequestDelegateFactory.Log.InvalidJsonRequestBody(HttpContext httpContext, String parameterTypeName, String parameterName, Exception exception, Boolean shouldThrow)
   at Microsoft.AspNetCore.Http.RequestDelegateFactory.<HandleRequestBodyAndCompileRequestDelegateForJson>g__TryReadBodyAsync|102_0(HttpContext httpContext, Type bodyType, String parameterTypeName, String parameterName, Boolean allowEmptyRequestBody, Boolean throwOnBadRequest, JsonTypeInfo jsonTypeInfo)
   at Microsoft.AspNetCore.Http.RequestDelegateFactory.<>c__DisplayClass102_2.<<HandleRequestBodyAndCompileRequestDelegateForJson>b__2>d.MoveNext()
--- End of stack trace from previous location ---
   at Microsoft.AspNetCore.Authorization.AuthorizationMiddleware.Invoke(HttpContext context)
   at Microsoft.AspNetCore.Authentication.AuthenticationMiddleware.Invoke(HttpContext context)
   at TapHoa.Api.Middleware.ExceptionHandlingMiddleware.InvokeAsync(HttpContext context)
2026-05-19 14:30:21.1345 [ERROR] TapHoa.Api.Middleware.ExceptionHandlingMiddleware - Unhandled exception for PATCH /api/v1/orders/248c1dae-ded4-4ca1-8915-4f8868a4c04b/status Microsoft.AspNetCore.Http.BadHttpRequestException: Failed to read parameter "UpdateStatusRequest body" from the request body as JSON.
 ---> System.Text.Json.JsonException: The JSON value could not be converted to TapHoa.Api.Endpoints.V1.Orders.UpdateStatusRequest. Path: $.status | LineNumber: 0 | BytePositionInLine: 21.
   at System.Text.Json.ThrowHelper.ThrowJsonException(String message)
   at System.Text.Json.Serialization.Converters.EnumConverter`1.Read(Utf8JsonReader& reader, Type typeToConvert, JsonSerializerOptions options)
   at System.Text.Json.Serialization.JsonConverter`1.TryRead(Utf8JsonReader& reader, Type typeToConvert, JsonSerializerOptions options, ReadStack& state, T& value, Boolean& isPopulatedValue)
   at System.Text.Json.Serialization.Converters.SmallObjectWithParameterizedConstructorConverter`5.TryRead[TArg](ReadStack& state, Utf8JsonReader& reader, JsonParameterInfo jsonParameterInfo, TArg& arg)
   at System.Text.Json.Serialization.Converters.SmallObjectWithParameterizedConstructorConverter`5.ReadAndCacheConstructorArgument(ReadStack& state, Utf8JsonReader& reader, JsonParameterInfo jsonParameterInfo)
   at System.Text.Json.Serialization.Converters.ObjectWithParameterizedConstructorConverter`1.ReadConstructorArgumentsWithContinuation(ReadStack& state, Utf8JsonReader& reader, JsonSerializerOptions options)
   at System.Text.Json.Serialization.Converters.ObjectWithParameterizedConstructorConverter`1.OnTryRead(Utf8JsonReader& reader, Type typeToConvert, JsonSerializerOptions options, ReadStack& state, T& value)
   at System.Text.Json.Serialization.JsonConverter`1.TryRead(Utf8JsonReader& reader, Type typeToConvert, JsonSerializerOptions options, ReadStack& state, T& value, Boolean& isPopulatedValue)
   at System.Text.Json.Serialization.JsonConverter`1.ReadCore(Utf8JsonReader& reader, T& value, JsonSerializerOptions options, ReadStack& state)
   at System.Text.Json.Serialization.Metadata.JsonTypeInfo`1.ContinueDeserialize[TReadBufferState,TStream](TReadBufferState& bufferState, JsonReaderState& jsonReaderState, ReadStack& readStack, T& value)
   at System.Text.Json.Serialization.Metadata.JsonTypeInfo`1.DeserializeAsync[TReadBufferState,TStream](TStream utf8Json, TReadBufferState bufferState, CancellationToken cancellationToken)
   at System.Text.Json.Serialization.Metadata.JsonTypeInfo`1.DeserializeAsObjectAsync(PipeReader utf8Json, CancellationToken cancellationToken)
   at Microsoft.AspNetCore.Http.HttpRequestJsonExtensions.ReadFromJsonAsync(HttpRequest request, JsonTypeInfo jsonTypeInfo, CancellationToken cancellationToken)
   at Microsoft.AspNetCore.Http.HttpRequestJsonExtensions.ReadFromJsonAsync(HttpRequest request, JsonTypeInfo jsonTypeInfo, CancellationToken cancellationToken)
   at Microsoft.AspNetCore.Http.RequestDelegateFactory.<HandleRequestBodyAndCompileRequestDelegateForJson>g__TryReadBodyAsync|102_0(HttpContext httpContext, Type bodyType, String parameterTypeName, String parameterName, Boolean allowEmptyRequestBody, Boolean throwOnBadRequest, JsonTypeInfo jsonTypeInfo)
   --- End of inner exception stack trace ---
   at Microsoft.AspNetCore.Http.RequestDelegateFactory.Log.InvalidJsonRequestBody(HttpContext httpContext, String parameterTypeName, String parameterName, Exception exception, Boolean shouldThrow)
   at Microsoft.AspNetCore.Http.RequestDelegateFactory.<HandleRequestBodyAndCompileRequestDelegateForJson>g__TryReadBodyAsync|102_0(HttpContext httpContext, Type bodyType, String parameterTypeName, String parameterName, Boolean allowEmptyRequestBody, Boolean throwOnBadRequest, JsonTypeInfo jsonTypeInfo)
   at Microsoft.AspNetCore.Http.RequestDelegateFactory.<>c__DisplayClass102_2.<<HandleRequestBodyAndCompileRequestDelegateForJson>b__2>d.MoveNext()
--- End of stack trace from previous location ---
   at Microsoft.AspNetCore.Authorization.AuthorizationMiddleware.Invoke(HttpContext context)
   at Microsoft.AspNetCore.Authentication.AuthenticationMiddleware.Invoke(HttpContext context)
   at TapHoa.Api.Middleware.ExceptionHandlingMiddleware.InvokeAsync(HttpContext context)
2026-05-19 14:30:21.2963 [ERROR] TapHoa.Api.Middleware.ExceptionHandlingMiddleware - Unhandled exception for PATCH /api/v1/orders/248c1dae-ded4-4ca1-8915-4f8868a4c04b/status Microsoft.AspNetCore.Http.BadHttpRequestException: Failed to read parameter "UpdateStatusRequest body" from the request body as JSON.
 ---> System.Text.Json.JsonException: The JSON value could not be converted to TapHoa.Api.Endpoints.V1.Orders.UpdateStatusRequest. Path: $.status | LineNumber: 0 | BytePositionInLine: 21.
   at System.Text.Json.ThrowHelper.ThrowJsonException(String message)
   at System.Text.Json.Serialization.Converters.EnumConverter`1.Read(Utf8JsonReader& reader, Type typeToConvert, JsonSerializerOptions options)
   at System.Text.Json.Serialization.JsonConverter`1.TryRead(Utf8JsonReader& reader, Type typeToConvert, JsonSerializerOptions options, ReadStack& state, T& value, Boolean& isPopulatedValue)
   at System.Text.Json.Serialization.Converters.SmallObjectWithParameterizedConstructorConverter`5.TryRead[TArg](ReadStack& state, Utf8JsonReader& reader, JsonParameterInfo jsonParameterInfo, TArg& arg)
   at System.Text.Json.Serialization.Converters.SmallObjectWithParameterizedConstructorConverter`5.ReadAndCacheConstructorArgument(ReadStack& state, Utf8JsonReader& reader, JsonParameterInfo jsonParameterInfo)
   at System.Text.Json.Serialization.Converters.ObjectWithParameterizedConstructorConverter`1.ReadConstructorArgumentsWithContinuation(ReadStack& state, Utf8JsonReader& reader, JsonSerializerOptions options)
   at System.Text.Json.Serialization.Converters.ObjectWithParameterizedConstructorConverter`1.OnTryRead(Utf8JsonReader& reader, Type typeToConvert, JsonSerializerOptions options, ReadStack& state, T& value)
   at System.Text.Json.Serialization.JsonConverter`1.TryRead(Utf8JsonReader& reader, Type typeToConvert, JsonSerializerOptions options, ReadStack& state, T& value, Boolean& isPopulatedValue)
   at System.Text.Json.Serialization.JsonConverter`1.ReadCore(Utf8JsonReader& reader, T& value, JsonSerializerOptions options, ReadStack& state)
   at System.Text.Json.Serialization.Metadata.JsonTypeInfo`1.ContinueDeserialize[TReadBufferState,TStream](TReadBufferState& bufferState, JsonReaderState& jsonReaderState, ReadStack& readStack, T& value)
   at System.Text.Json.Serialization.Metadata.JsonTypeInfo`1.DeserializeAsync[TReadBufferState,TStream](TStream utf8Json, TReadBufferState bufferState, CancellationToken cancellationToken)
   at System.Text.Json.Serialization.Metadata.JsonTypeInfo`1.DeserializeAsObjectAsync(PipeReader utf8Json, CancellationToken cancellationToken)
   at Microsoft.AspNetCore.Http.HttpRequestJsonExtensions.ReadFromJsonAsync(HttpRequest request, JsonTypeInfo jsonTypeInfo, CancellationToken cancellationToken)
   at Microsoft.AspNetCore.Http.HttpRequestJsonExtensions.ReadFromJsonAsync(HttpRequest request, JsonTypeInfo jsonTypeInfo, CancellationToken cancellationToken)
   at Microsoft.AspNetCore.Http.RequestDelegateFactory.<HandleRequestBodyAndCompileRequestDelegateForJson>g__TryReadBodyAsync|102_0(HttpContext httpContext, Type bodyType, String parameterTypeName, String parameterName, Boolean allowEmptyRequestBody, Boolean throwOnBadRequest, JsonTypeInfo jsonTypeInfo)
   --- End of inner exception stack trace ---
   at Microsoft.AspNetCore.Http.RequestDelegateFactory.Log.InvalidJsonRequestBody(HttpContext httpContext, String parameterTypeName, String parameterName, Exception exception, Boolean shouldThrow)
   at Microsoft.AspNetCore.Http.RequestDelegateFactory.<HandleRequestBodyAndCompileRequestDelegateForJson>g__TryReadBodyAsync|102_0(HttpContext httpContext, Type bodyType, String parameterTypeName, String parameterName, Boolean allowEmptyRequestBody, Boolean throwOnBadRequest, JsonTypeInfo jsonTypeInfo)
   at Microsoft.AspNetCore.Http.RequestDelegateFactory.<>c__DisplayClass102_2.<<HandleRequestBodyAndCompileRequestDelegateForJson>b__2>d.MoveNext()
--- End of stack trace from previous location ---
   at Microsoft.AspNetCore.Authorization.AuthorizationMiddleware.Invoke(HttpContext context)
   at Microsoft.AspNetCore.Authentication.AuthenticationMiddleware.Invoke(HttpContext context)
   at TapHoa.Api.Middleware.ExceptionHandlingMiddleware.InvokeAsync(HttpContext context)
2026-05-19 14:30:21.4503 [ERROR] TapHoa.Api.Middleware.ExceptionHandlingMiddleware - Unhandled exception for PATCH /api/v1/orders/248c1dae-ded4-4ca1-8915-4f8868a4c04b/status Microsoft.AspNetCore.Http.BadHttpRequestException: Failed to read parameter "UpdateStatusRequest body" from the request body as JSON.
 ---> System.Text.Json.JsonException: The JSON value could not be converted to TapHoa.Api.Endpoints.V1.Orders.UpdateStatusRequest. Path: $.status | LineNumber: 0 | BytePositionInLine: 21.
   at System.Text.Json.ThrowHelper.ThrowJsonException(String message)
   at System.Text.Json.Serialization.Converters.EnumConverter`1.Read(Utf8JsonReader& reader, Type typeToConvert, JsonSerializerOptions options)
   at System.Text.Json.Serialization.JsonConverter`1.TryRead(Utf8JsonReader& reader, Type typeToConvert, JsonSerializerOptions options, ReadStack& state, T& value, Boolean& isPopulatedValue)
   at System.Text.Json.Serialization.Converters.SmallObjectWithParameterizedConstructorConverter`5.TryRead[TArg](ReadStack& state, Utf8JsonReader& reader, JsonParameterInfo jsonParameterInfo, TArg& arg)
   at System.Text.Json.Serialization.Converters.SmallObjectWithParameterizedConstructorConverter`5.ReadAndCacheConstructorArgument(ReadStack& state, Utf8JsonReader& reader, JsonParameterInfo jsonParameterInfo)
   at System.Text.Json.Serialization.Converters.ObjectWithParameterizedConstructorConverter`1.ReadConstructorArgumentsWithContinuation(ReadStack& state, Utf8JsonReader& reader, JsonSerializerOptions options)
   at System.Text.Json.Serialization.Converters.ObjectWithParameterizedConstructorConverter`1.OnTryRead(Utf8JsonReader& reader, Type typeToConvert, JsonSerializerOptions options, ReadStack& state, T& value)
   at System.Text.Json.Serialization.JsonConverter`1.TryRead(Utf8JsonReader& reader, Type typeToConvert, JsonSerializerOptions options, ReadStack& state, T& value, Boolean& isPopulatedValue)
   at System.Text.Json.Serialization.JsonConverter`1.ReadCore(Utf8JsonReader& reader, T& value, JsonSerializerOptions options, ReadStack& state)
   at System.Text.Json.Serialization.Metadata.JsonTypeInfo`1.ContinueDeserialize[TReadBufferState,TStream](TReadBufferState& bufferState, JsonReaderState& jsonReaderState, ReadStack& readStack, T& value)
   at System.Text.Json.Serialization.Metadata.JsonTypeInfo`1.DeserializeAsync[TReadBufferState,TStream](TStream utf8Json, TReadBufferState bufferState, CancellationToken cancellationToken)
   at System.Text.Json.Serialization.Metadata.JsonTypeInfo`1.DeserializeAsObjectAsync(PipeReader utf8Json, CancellationToken cancellationToken)
   at Microsoft.AspNetCore.Http.HttpRequestJsonExtensions.ReadFromJsonAsync(HttpRequest request, JsonTypeInfo jsonTypeInfo, CancellationToken cancellationToken)
   at Microsoft.AspNetCore.Http.HttpRequestJsonExtensions.ReadFromJsonAsync(HttpRequest request, JsonTypeInfo jsonTypeInfo, CancellationToken cancellationToken)
   at Microsoft.AspNetCore.Http.RequestDelegateFactory.<HandleRequestBodyAndCompileRequestDelegateForJson>g__TryReadBodyAsync|102_0(HttpContext httpContext, Type bodyType, String parameterTypeName, String parameterName, Boolean allowEmptyRequestBody, Boolean throwOnBadRequest, JsonTypeInfo jsonTypeInfo)
   --- End of inner exception stack trace ---
   at Microsoft.AspNetCore.Http.RequestDelegateFactory.Log.InvalidJsonRequestBody(HttpContext httpContext, String parameterTypeName, String parameterName, Exception exception, Boolean shouldThrow)
   at Microsoft.AspNetCore.Http.RequestDelegateFactory.<HandleRequestBodyAndCompileRequestDelegateForJson>g__TryReadBodyAsync|102_0(HttpContext httpContext, Type bodyType, String parameterTypeName, String parameterName, Boolean allowEmptyRequestBody, Boolean throwOnBadRequest, JsonTypeInfo jsonTypeInfo)
   at Microsoft.AspNetCore.Http.RequestDelegateFactory.<>c__DisplayClass102_2.<<HandleRequestBodyAndCompileRequestDelegateForJson>b__2>d.MoveNext()
--- End of stack trace from previous location ---
   at Microsoft.AspNetCore.Authorization.AuthorizationMiddleware.Invoke(HttpContext context)
   at Microsoft.AspNetCore.Authentication.AuthenticationMiddleware.Invoke(HttpContext context)
   at TapHoa.Api.Middleware.ExceptionHandlingMiddleware.InvokeAsync(HttpContext context)
2026-05-19 14:30:21.6065 [ERROR] TapHoa.Api.Middleware.ExceptionHandlingMiddleware - Unhandled exception for PATCH /api/v1/orders/248c1dae-ded4-4ca1-8915-4f8868a4c04b/status Microsoft.AspNetCore.Http.BadHttpRequestException: Failed to read parameter "UpdateStatusRequest body" from the request body as JSON.
 ---> System.Text.Json.JsonException: The JSON value could not be converted to TapHoa.Api.Endpoints.V1.Orders.UpdateStatusRequest. Path: $.status | LineNumber: 0 | BytePositionInLine: 21.
   at System.Text.Json.ThrowHelper.ThrowJsonException(String message)
   at System.Text.Json.Serialization.Converters.EnumConverter`1.Read(Utf8JsonReader& reader, Type typeToConvert, JsonSerializerOptions options)
   at System.Text.Json.Serialization.JsonConverter`1.TryRead(Utf8JsonReader& reader, Type typeToConvert, JsonSerializerOptions options, ReadStack& state, T& value, Boolean& isPopulatedValue)
   at System.Text.Json.Serialization.Converters.SmallObjectWithParameterizedConstructorConverter`5.TryRead[TArg](ReadStack& state, Utf8JsonReader& reader, JsonParameterInfo jsonParameterInfo, TArg& arg)
   at System.Text.Json.Serialization.Converters.SmallObjectWithParameterizedConstructorConverter`5.ReadAndCacheConstructorArgument(ReadStack& state, Utf8JsonReader& reader, JsonParameterInfo jsonParameterInfo)
   at System.Text.Json.Serialization.Converters.ObjectWithParameterizedConstructorConverter`1.ReadConstructorArgumentsWithContinuation(ReadStack& state, Utf8JsonReader& reader, JsonSerializerOptions options)
   at System.Text.Json.Serialization.Converters.ObjectWithParameterizedConstructorConverter`1.OnTryRead(Utf8JsonReader& reader, Type typeToConvert, JsonSerializerOptions options, ReadStack& state, T& value)
   at System.Text.Json.Serialization.JsonConverter`1.TryRead(Utf8JsonReader& reader, Type typeToConvert, JsonSerializerOptions options, ReadStack& state, T& value, Boolean& isPopulatedValue)
   at System.Text.Json.Serialization.JsonConverter`1.ReadCore(Utf8JsonReader& reader, T& value, JsonSerializerOptions options, ReadStack& state)
   at System.Text.Json.Serialization.Metadata.JsonTypeInfo`1.ContinueDeserialize[TReadBufferState,TStream](TReadBufferState& bufferState, JsonReaderState& jsonReaderState, ReadStack& readStack, T& value)
   at System.Text.Json.Serialization.Metadata.JsonTypeInfo`1.DeserializeAsync[TReadBufferState,TStream](TStream utf8Json, TReadBufferState bufferState, CancellationToken cancellationToken)
   at System.Text.Json.Serialization.Metadata.JsonTypeInfo`1.DeserializeAsObjectAsync(PipeReader utf8Json, CancellationToken cancellationToken)
   at Microsoft.AspNetCore.Http.HttpRequestJsonExtensions.ReadFromJsonAsync(HttpRequest request, JsonTypeInfo jsonTypeInfo, CancellationToken cancellationToken)
   at Microsoft.AspNetCore.Http.HttpRequestJsonExtensions.ReadFromJsonAsync(HttpRequest request, JsonTypeInfo jsonTypeInfo, CancellationToken cancellationToken)
   at Microsoft.AspNetCore.Http.RequestDelegateFactory.<HandleRequestBodyAndCompileRequestDelegateForJson>g__TryReadBodyAsync|102_0(HttpContext httpContext, Type bodyType, String parameterTypeName, String parameterName, Boolean allowEmptyRequestBody, Boolean throwOnBadRequest, JsonTypeInfo jsonTypeInfo)
   --- End of inner exception stack trace ---
   at Microsoft.AspNetCore.Http.RequestDelegateFactory.Log.InvalidJsonRequestBody(HttpContext httpContext, String parameterTypeName, String parameterName, Exception exception, Boolean shouldThrow)
   at Microsoft.AspNetCore.Http.RequestDelegateFactory.<HandleRequestBodyAndCompileRequestDelegateForJson>g__TryReadBodyAsync|102_0(HttpContext httpContext, Type bodyType, String parameterTypeName, String parameterName, Boolean allowEmptyRequestBody, Boolean throwOnBadRequest, JsonTypeInfo jsonTypeInfo)
   at Microsoft.AspNetCore.Http.RequestDelegateFactory.<>c__DisplayClass102_2.<<HandleRequestBodyAndCompileRequestDelegateForJson>b__2>d.MoveNext()
--- End of stack trace from previous location ---
   at Microsoft.AspNetCore.Authorization.AuthorizationMiddleware.Invoke(HttpContext context)
   at Microsoft.AspNetCore.Authentication.AuthenticationMiddleware.Invoke(HttpContext context)
   at TapHoa.Api.Middleware.ExceptionHandlingMiddleware.InvokeAsync(HttpContext context)
2026-05-19 14:30:25.7390 [ERROR] TapHoa.Api.Middleware.ExceptionHandlingMiddleware - Unhandled exception for PATCH /api/v1/orders/248c1dae-ded4-4ca1-8915-4f8868a4c04b/status Microsoft.AspNetCore.Http.BadHttpRequestException: Failed to read parameter "UpdateStatusRequest body" from the request body as JSON.
 ---> System.Text.Json.JsonException: The JSON value could not be converted to TapHoa.Api.Endpoints.V1.Orders.UpdateStatusRequest. Path: $.status | LineNumber: 0 | BytePositionInLine: 21.
   at System.Text.Json.ThrowHelper.ThrowJsonException(String message)
   at System.Text.Json.Serialization.Converters.EnumConverter`1.Read(Utf8JsonReader& reader, Type typeToConvert, JsonSerializerOptions options)
   at System.Text.Json.Serialization.JsonConverter`1.TryRead(Utf8JsonReader& reader, Type typeToConvert, JsonSerializerOptions options, ReadStack& state, T& value, Boolean& isPopulatedValue)
   at System.Text.Json.Serialization.Converters.SmallObjectWithParameterizedConstructorConverter`5.TryRead[TArg](ReadStack& state, Utf8JsonReader& reader, JsonParameterInfo jsonParameterInfo, TArg& arg)
   at System.Text.Json.Serialization.Converters.SmallObjectWithParameterizedConstructorConverter`5.ReadAndCacheConstructorArgument(ReadStack& state, Utf8JsonReader& reader, JsonParameterInfo jsonParameterInfo)
   at System.Text.Json.Serialization.Converters.ObjectWithParameterizedConstructorConverter`1.ReadConstructorArgumentsWithContinuation(ReadStack& state, Utf8JsonReader& reader, JsonSerializerOptions options)
   at System.Text.Json.Serialization.Converters.ObjectWithParameterizedConstructorConverter`1.OnTryRead(Utf8JsonReader& reader, Type typeToConvert, JsonSerializerOptions options, ReadStack& state, T& value)
   at System.Text.Json.Serialization.JsonConverter`1.TryRead(Utf8JsonReader& reader, Type typeToConvert, JsonSerializerOptions options, ReadStack& state, T& value, Boolean& isPopulatedValue)
   at System.Text.Json.Serialization.JsonConverter`1.ReadCore(Utf8JsonReader& reader, T& value, JsonSerializerOptions options, ReadStack& state)
   at System.Text.Json.Serialization.Metadata.JsonTypeInfo`1.ContinueDeserialize[TReadBufferState,TStream](TReadBufferState& bufferState, JsonReaderState& jsonReaderState, ReadStack& readStack, T& value)
   at System.Text.Json.Serialization.Metadata.JsonTypeInfo`1.DeserializeAsync[TReadBufferState,TStream](TStream utf8Json, TReadBufferState bufferState, CancellationToken cancellationToken)
   at System.Text.Json.Serialization.Metadata.JsonTypeInfo`1.DeserializeAsObjectAsync(PipeReader utf8Json, CancellationToken cancellationToken)
   at Microsoft.AspNetCore.Http.HttpRequestJsonExtensions.ReadFromJsonAsync(HttpRequest request, JsonTypeInfo jsonTypeInfo, CancellationToken cancellationToken)
   at Microsoft.AspNetCore.Http.HttpRequestJsonExtensions.ReadFromJsonAsync(HttpRequest request, JsonTypeInfo jsonTypeInfo, CancellationToken cancellationToken)
   at Microsoft.AspNetCore.Http.RequestDelegateFactory.<HandleRequestBodyAndCompileRequestDelegateForJson>g__TryReadBodyAsync|102_0(HttpContext httpContext, Type bodyType, String parameterTypeName, String parameterName, Boolean allowEmptyRequestBody, Boolean throwOnBadRequest, JsonTypeInfo jsonTypeInfo)
   --- End of inner exception stack trace ---
   at Microsoft.AspNetCore.Http.RequestDelegateFactory.Log.InvalidJsonRequestBody(HttpContext httpContext, String parameterTypeName, String parameterName, Exception exception, Boolean shouldThrow)
   at Microsoft.AspNetCore.Http.RequestDelegateFactory.<HandleRequestBodyAndCompileRequestDelegateForJson>g__TryReadBodyAsync|102_0(HttpContext httpContext, Type bodyType, String parameterTypeName, String parameterName, Boolean allowEmptyRequestBody, Boolean throwOnBadRequest, JsonTypeInfo jsonTypeInfo)
   at Microsoft.AspNetCore.Http.RequestDelegateFactory.<>c__DisplayClass102_2.<<HandleRequestBodyAndCompileRequestDelegateForJson>b__2>d.MoveNext()
--- End of stack trace from previous location ---
   at Microsoft.AspNetCore.Authorization.AuthorizationMiddleware.Invoke(HttpContext context)
   at Microsoft.AspNetCore.Authentication.AuthenticationMiddleware.Invoke(HttpContext context)
   at TapHoa.Api.Middleware.ExceptionHandlingMiddleware.InvokeAsync(HttpContext context)
2026-05-19 14:36:12.5613 [INFO] TapHoa.Api.Program - Starting TapHoa API 
2026-05-19 14:36:14.1959 [WARN] LuckyPennySoftware.MediatR.License - You do not have a valid license key for the Lucky Penny software MediatR. This is allowed for development and testing scenarios. If you are running in production you are required to have a licensed version. Please visit https://luckypennysoftware.com to obtain a valid license. 
2026-05-19 14:36:14.1959 [WARN] LuckyPennySoftware.MediatR.License - You do not have a valid license key for the Lucky Penny software MediatR. This is allowed for development and testing scenarios. If you are running in production you are required to have a licensed version. Please visit https://luckypennysoftware.com to obtain a valid license. 
2026-05-19 15:31:24.0025 [INFO] TapHoa.Api.Program - Starting TapHoa API 
2026-05-19 15:31:24.1603 [ERROR] TapHoa.Api.Program - Application stopped due to exception Microsoft.Extensions.Hosting.HostAbortedException: The host was aborted.
   at Microsoft.Extensions.Hosting.HostFactoryResolver.HostingListener.ThrowHostAborted()
   at Microsoft.Extensions.Hosting.HostFactoryResolver.HostingListener.OnNext(KeyValuePair`2 value)
   at System.Diagnostics.DiagnosticListener.Write(String name, Object value)
   at Microsoft.Extensions.Hosting.HostBuilder.ResolveHost(IServiceProvider serviceProvider, DiagnosticListener diagnosticListener)
   at Microsoft.Extensions.Hosting.HostApplicationBuilder.Build()
   at Microsoft.AspNetCore.Builder.WebApplicationBuilder.Build()
   at Program.<Main>$(String[] args) in C:\code\dotnet\TapHoa2\src\Presentation\TapHoa.Api\Program.cs:line 55
2026-05-19 15:32:27.3124 [INFO] TapHoa.Api.Program - Starting TapHoa API 
2026-05-19 15:32:27.4637 [ERROR] TapHoa.Api.Program - Application stopped due to exception Microsoft.Extensions.Hosting.HostAbortedException: The host was aborted.
   at Microsoft.Extensions.Hosting.HostFactoryResolver.HostingListener.ThrowHostAborted()
   at Microsoft.Extensions.Hosting.HostFactoryResolver.HostingListener.OnNext(KeyValuePair`2 value)
   at System.Diagnostics.DiagnosticListener.Write(String name, Object value)
   at Microsoft.Extensions.Hosting.HostBuilder.ResolveHost(IServiceProvider serviceProvider, DiagnosticListener diagnosticListener)
   at Microsoft.Extensions.Hosting.HostApplicationBuilder.Build()
   at Microsoft.AspNetCore.Builder.WebApplicationBuilder.Build()
   at Program.<Main>$(String[] args) in C:\code\dotnet\TapHoa2\src\Presentation\TapHoa.Api\Program.cs:line 55
2026-05-19 15:47:54.3518 [INFO] TapHoa.Api.Program - Starting TapHoa API 
2026-05-19 15:47:54.5544 [ERROR] TapHoa.Api.Program - Application stopped due to exception Microsoft.Extensions.Hosting.HostAbortedException: The host was aborted.
   at Microsoft.Extensions.Hosting.HostFactoryResolver.HostingListener.ThrowHostAborted()
   at Microsoft.Extensions.Hosting.HostFactoryResolver.HostingListener.OnNext(KeyValuePair`2 value)
   at System.Diagnostics.DiagnosticListener.Write(String name, Object value)
   at Microsoft.Extensions.Hosting.HostBuilder.ResolveHost(IServiceProvider serviceProvider, DiagnosticListener diagnosticListener)
   at Microsoft.Extensions.Hosting.HostApplicationBuilder.Build()
   at Microsoft.AspNetCore.Builder.WebApplicationBuilder.Build()
   at Program.<Main>$(String[] args) in C:\code\dotnet\TapHoa2\src\Presentation\TapHoa.Api\Program.cs:line 56
2026-05-19 15:48:06.9566 [INFO] TapHoa.Api.Program - Starting TapHoa API 
2026-05-19 15:48:07.0942 [ERROR] TapHoa.Api.Program - Application stopped due to exception Microsoft.Extensions.Hosting.HostAbortedException: The host was aborted.
   at Microsoft.Extensions.Hosting.HostFactoryResolver.HostingListener.ThrowHostAborted()
   at Microsoft.Extensions.Hosting.HostFactoryResolver.HostingListener.OnNext(KeyValuePair`2 value)
   at System.Diagnostics.DiagnosticListener.Write(String name, Object value)
   at Microsoft.Extensions.Hosting.HostBuilder.ResolveHost(IServiceProvider serviceProvider, DiagnosticListener diagnosticListener)
   at Microsoft.Extensions.Hosting.HostApplicationBuilder.Build()
   at Microsoft.AspNetCore.Builder.WebApplicationBuilder.Build()
   at Program.<Main>$(String[] args) in C:\code\dotnet\TapHoa2\src\Presentation\TapHoa.Api\Program.cs:line 56
2026-05-19 15:56:51.2152 [INFO] TapHoa.Api.Program - Starting TapHoa API 
2026-05-19 15:56:51.3581 [ERROR] TapHoa.Api.Program - Application stopped due to exception Microsoft.Extensions.Hosting.HostAbortedException: The host was aborted.
   at Microsoft.Extensions.Hosting.HostFactoryResolver.HostingListener.ThrowHostAborted()
   at Microsoft.Extensions.Hosting.HostFactoryResolver.HostingListener.OnNext(KeyValuePair`2 value)
   at System.Diagnostics.DiagnosticListener.Write(String name, Object value)
   at Microsoft.Extensions.Hosting.HostBuilder.ResolveHost(IServiceProvider serviceProvider, DiagnosticListener diagnosticListener)
   at Microsoft.Extensions.Hosting.HostApplicationBuilder.Build()
   at Microsoft.AspNetCore.Builder.WebApplicationBuilder.Build()
   at Program.<Main>$(String[] args) in C:\code\dotnet\TapHoa2\src\Presentation\TapHoa.Api\Program.cs:line 56
2026-05-19 15:57:00.3959 [INFO] TapHoa.Api.Program - Starting TapHoa API 
2026-05-19 15:57:00.5571 [ERROR] TapHoa.Api.Program - Application stopped due to exception Microsoft.Extensions.Hosting.HostAbortedException: The host was aborted.
   at Microsoft.Extensions.Hosting.HostFactoryResolver.HostingListener.ThrowHostAborted()
   at Microsoft.Extensions.Hosting.HostFactoryResolver.HostingListener.OnNext(KeyValuePair`2 value)
   at System.Diagnostics.DiagnosticListener.Write(String name, Object value)
   at Microsoft.Extensions.Hosting.HostBuilder.ResolveHost(IServiceProvider serviceProvider, DiagnosticListener diagnosticListener)
   at Microsoft.Extensions.Hosting.HostApplicationBuilder.Build()
   at Microsoft.AspNetCore.Builder.WebApplicationBuilder.Build()
   at Program.<Main>$(String[] args) in C:\code\dotnet\TapHoa2\src\Presentation\TapHoa.Api\Program.cs:line 56
2026-05-19 16:11:26.7032 [INFO] TapHoa.Api.Program - Starting TapHoa API 
2026-05-19 16:11:26.8935 [ERROR] TapHoa.Api.Program - Application stopped due to exception Microsoft.Extensions.Hosting.HostAbortedException: The host was aborted.
   at Microsoft.Extensions.Hosting.HostFactoryResolver.HostingListener.ThrowHostAborted()
   at Microsoft.Extensions.Hosting.HostFactoryResolver.HostingListener.OnNext(KeyValuePair`2 value)
   at System.Diagnostics.DiagnosticListener.Write(String name, Object value)
   at Microsoft.Extensions.Hosting.HostBuilder.ResolveHost(IServiceProvider serviceProvider, DiagnosticListener diagnosticListener)
   at Microsoft.Extensions.Hosting.HostApplicationBuilder.Build()
   at Microsoft.AspNetCore.Builder.WebApplicationBuilder.Build()
   at Program.<Main>$(String[] args) in C:\code\dotnet\TapHoa2\src\Presentation\TapHoa.Api\Program.cs:line 56
2026-05-19 16:11:48.7484 [INFO] TapHoa.Api.Program - Starting TapHoa API 
2026-05-19 16:11:48.8892 [ERROR] TapHoa.Api.Program - Application stopped due to exception Microsoft.Extensions.Hosting.HostAbortedException: The host was aborted.
   at Microsoft.Extensions.Hosting.HostFactoryResolver.HostingListener.ThrowHostAborted()
   at Microsoft.Extensions.Hosting.HostFactoryResolver.HostingListener.OnNext(KeyValuePair`2 value)
   at System.Diagnostics.DiagnosticListener.Write(String name, Object value)
   at Microsoft.Extensions.Hosting.HostBuilder.ResolveHost(IServiceProvider serviceProvider, DiagnosticListener diagnosticListener)
   at Microsoft.Extensions.Hosting.HostApplicationBuilder.Build()
   at Microsoft.AspNetCore.Builder.WebApplicationBuilder.Build()
   at Program.<Main>$(String[] args) in C:\code\dotnet\TapHoa2\src\Presentation\TapHoa.Api\Program.cs:line 56
2026-05-19 16:28:52.2897 [INFO] TapHoa.Api.Program - Starting TapHoa API 
2026-05-19 16:28:52.4843 [ERROR] TapHoa.Api.Program - Application stopped due to exception Microsoft.Extensions.Hosting.HostAbortedException: The host was aborted.
   at Microsoft.Extensions.Hosting.HostFactoryResolver.HostingListener.ThrowHostAborted()
   at Microsoft.Extensions.Hosting.HostFactoryResolver.HostingListener.OnNext(KeyValuePair`2 value)
   at System.Diagnostics.DiagnosticListener.Write(String name, Object value)
   at Microsoft.Extensions.Hosting.HostBuilder.ResolveHost(IServiceProvider serviceProvider, DiagnosticListener diagnosticListener)
   at Microsoft.Extensions.Hosting.HostApplicationBuilder.Build()
   at Microsoft.AspNetCore.Builder.WebApplicationBuilder.Build()
   at Program.<Main>$(String[] args) in C:\code\dotnet\TapHoa2\src\Presentation\TapHoa.Api\Program.cs:line 59
2026-05-19 16:29:08.7696 [INFO] TapHoa.Api.Program - Starting TapHoa API 
2026-05-19 16:29:08.9413 [ERROR] TapHoa.Api.Program - Application stopped due to exception Microsoft.Extensions.Hosting.HostAbortedException: The host was aborted.
   at Microsoft.Extensions.Hosting.HostFactoryResolver.HostingListener.ThrowHostAborted()
   at Microsoft.Extensions.Hosting.HostFactoryResolver.HostingListener.OnNext(KeyValuePair`2 value)
   at System.Diagnostics.DiagnosticListener.Write(String name, Object value)
   at Microsoft.Extensions.Hosting.HostBuilder.ResolveHost(IServiceProvider serviceProvider, DiagnosticListener diagnosticListener)
   at Microsoft.Extensions.Hosting.HostApplicationBuilder.Build()
   at Microsoft.AspNetCore.Builder.WebApplicationBuilder.Build()
   at Program.<Main>$(String[] args) in C:\code\dotnet\TapHoa2\src\Presentation\TapHoa.Api\Program.cs:line 59
