2026-05-20 09:59:13.3064 [INFO] TapHoa.Api.Program - Starting TapHoa API 
2026-05-20 10:01:58.4410 [WARN] LuckyPennySoftware.MediatR.License - You do not have a valid license key for the Lucky Penny software MediatR. This is allowed for development and testing scenarios. If you are running in production you are required to have a licensed version. Please visit https://luckypennysoftware.com to obtain a valid license. 
2026-05-20 10:01:58.4410 [WARN] LuckyPennySoftware.MediatR.License - You do not have a valid license key for the Lucky Penny software MediatR. This is allowed for development and testing scenarios. If you are running in production you are required to have a licensed version. Please visit https://luckypennysoftware.com to obtain a valid license. 
2026-05-20 10:01:58.4410 [WARN] LuckyPennySoftware.MediatR.License - You do not have a valid license key for the Lucky Penny software MediatR. This is allowed for development and testing scenarios. If you are running in production you are required to have a licensed version. Please visit https://luckypennysoftware.com to obtain a valid license. 
2026-05-20 10:02:10.5629 [ERROR] Microsoft.EntityFrameworkCore.Database.Connection - An error occurred using the connection to database 'taphoa2_db' on server 'tcp://localhost:5432'. 
2026-05-20 10:02:10.5629 [ERROR] Microsoft.EntityFrameworkCore.Database.Connection - An error occurred using the connection to database 'taphoa2_db' on server 'tcp://localhost:5432'. 
2026-05-20 10:02:10.5629 [ERROR] Microsoft.EntityFrameworkCore.Database.Connection - An error occurred using the connection to database 'taphoa2_db' on server 'tcp://localhost:5432'. 
2026-05-20 10:02:10.5629 [ERROR] Microsoft.EntityFrameworkCore.Database.Connection - An error occurred using the connection to database 'taphoa2_db' on server 'tcp://localhost:5432'. 
2026-05-20 10:02:10.6771 [ERROR] Microsoft.EntityFrameworkCore.Query - An exception occurred while iterating over the results of a query for context type 'TapHoa.Persistence.Data.AppDbContext'.
System.InvalidOperationException: An exception has been raised that is likely due to a transient failure.
 ---> Npgsql.NpgsqlException (0x80004005): Failed to connect to 127.0.0.1:5432
 ---> System.Net.Sockets.SocketException (10061): No connection could be made because the target machine actively refused it.
   at System.Net.Sockets.Socket.AwaitableSocketAsyncEventArgs.ThrowException(SocketError error, CancellationToken cancellationToken)
   at System.Net.Sockets.Socket.AwaitableSocketAsyncEventArgs.System.Threading.Tasks.Sources.IValueTaskSource.GetResult(Int16 token)
   at Npgsql.Internal.NpgsqlConnector.ConnectAsync(NpgsqlTimeout timeout, CancellationToken cancellationToken)
   at Npgsql.Internal.NpgsqlConnector.ConnectAsync(NpgsqlTimeout timeout, CancellationToken cancellationToken)
   at Npgsql.Internal.NpgsqlConnector.RawOpen(NpgsqlTimeout timeout, Boolean async, CancellationToken cancellationToken)
   at Npgsql.Internal.NpgsqlConnector.<Open>g__OpenCore|209_0(NpgsqlConnector conn, String username, SslMode sslMode, GssEncryptionMode gssEncMode, NpgsqlTimeout timeout, Boolean async, CancellationToken cancellationToken)
   at Npgsql.Internal.NpgsqlConnector.Open(NpgsqlTimeout timeout, Boolean async, CancellationToken cancellationToken)
   at Npgsql.PoolingDataSource.OpenNewConnector(NpgsqlConnection conn, NpgsqlTimeout timeout, Boolean async, CancellationToken cancellationToken)
   at Npgsql.PoolingDataSource.<Get>g__RentAsync|33_0(NpgsqlConnection conn, NpgsqlTimeout timeout, Boolean async, CancellationToken cancellationToken)
   at Npgsql.NpgsqlConnection.<Open>g__OpenAsync|42_0(Boolean async, CancellationToken cancellationToken)
   at Microsoft.EntityFrameworkCore.Storage.RelationalConnection.OpenInternalAsync(Boolean errorsExpected, CancellationToken cancellationToken)
   at Microsoft.EntityFrameworkCore.Storage.RelationalConnection.OpenInternalAsync(Boolean errorsExpected, CancellationToken cancellationToken)
   at Microsoft.EntityFrameworkCore.Storage.RelationalConnection.OpenAsync(CancellationToken cancellationToken, Boolean errorsExpected)
   at Microsoft.EntityFrameworkCore.Storage.RelationalCommand.ExecuteReaderAsync(RelationalCommandParameterObject parameterObject, CancellationToken cancellationToken)
   at Microsoft.EntityFrameworkCore.Query.Internal.SplitQueryingEnumerable`1.AsyncEnumerator.InitializeReaderAsync(AsyncEnumerator enumerator, CancellationToken cancellationToken)
   at Npgsql.EntityFrameworkCore.PostgreSQL.Storage.Internal.NpgsqlExecutionStrategy.ExecuteAsync[TState,TResult](TState state, Func`4 operation, Func`4 verifySucceeded, CancellationToken cancellationToken)
   --- End of inner exception stack trace ---
   at Npgsql.EntityFrameworkCore.PostgreSQL.Storage.Internal.NpgsqlExecutionStrategy.ExecuteAsync[TState,TResult](TState state, Func`4 operation, Func`4 verifySucceeded, CancellationToken cancellationToken)
   at Microsoft.EntityFrameworkCore.Query.Internal.SplitQueryingEnumerable`1.AsyncEnumerator.MoveNextAsync() System.InvalidOperationException: An exception has been raised that is likely due to a transient failure.
 ---> Npgsql.NpgsqlException (0x80004005): Failed to connect to 127.0.0.1:5432
 ---> System.Net.Sockets.SocketException (10061): No connection could be made because the target machine actively refused it.
   at System.Net.Sockets.Socket.AwaitableSocketAsyncEventArgs.ThrowException(SocketError error, CancellationToken cancellationToken)
   at System.Net.Sockets.Socket.AwaitableSocketAsyncEventArgs.System.Threading.Tasks.Sources.IValueTaskSource.GetResult(Int16 token)
   at Npgsql.Internal.NpgsqlConnector.ConnectAsync(NpgsqlTimeout timeout, CancellationToken cancellationToken)
   at Npgsql.Internal.NpgsqlConnector.ConnectAsync(NpgsqlTimeout timeout, CancellationToken cancellationToken)
   at Npgsql.Internal.NpgsqlConnector.RawOpen(NpgsqlTimeout timeout, Boolean async, CancellationToken cancellationToken)
   at Npgsql.Internal.NpgsqlConnector.<Open>g__OpenCore|209_0(NpgsqlConnector conn, String username, SslMode sslMode, GssEncryptionMode gssEncMode, NpgsqlTimeout timeout, Boolean async, CancellationToken cancellationToken)
   at Npgsql.Internal.NpgsqlConnector.Open(NpgsqlTimeout timeout, Boolean async, CancellationToken cancellationToken)
   at Npgsql.PoolingDataSource.OpenNewConnector(NpgsqlConnection conn, NpgsqlTimeout timeout, Boolean async, CancellationToken cancellationToken)
   at Npgsql.PoolingDataSource.<Get>g__RentAsync|33_0(NpgsqlConnection conn, NpgsqlTimeout timeout, Boolean async, CancellationToken cancellationToken)
   at Npgsql.NpgsqlConnection.<Open>g__OpenAsync|42_0(Boolean async, CancellationToken cancellationToken)
   at Microsoft.EntityFrameworkCore.Storage.RelationalConnection.OpenInternalAsync(Boolean errorsExpected, CancellationToken cancellationToken)
   at Microsoft.EntityFrameworkCore.Storage.RelationalConnection.OpenInternalAsync(Boolean errorsExpected, CancellationToken cancellationToken)
   at Microsoft.EntityFrameworkCore.Storage.RelationalConnection.OpenAsync(CancellationToken cancellationToken, Boolean errorsExpected)
   at Microsoft.EntityFrameworkCore.Storage.RelationalCommand.ExecuteReaderAsync(RelationalCommandParameterObject parameterObject, CancellationToken cancellationToken)
   at Microsoft.EntityFrameworkCore.Query.Internal.SplitQueryingEnumerable`1.AsyncEnumerator.InitializeReaderAsync(AsyncEnumerator enumerator, CancellationToken cancellationToken)
   at Npgsql.EntityFrameworkCore.PostgreSQL.Storage.Internal.NpgsqlExecutionStrategy.ExecuteAsync[TState,TResult](TState state, Func`4 operation, Func`4 verifySucceeded, CancellationToken cancellationToken)
   --- End of inner exception stack trace ---
   at Npgsql.EntityFrameworkCore.PostgreSQL.Storage.Internal.NpgsqlExecutionStrategy.ExecuteAsync[TState,TResult](TState state, Func`4 operation, Func`4 verifySucceeded, CancellationToken cancellationToken)
   at Microsoft.EntityFrameworkCore.Query.Internal.SplitQueryingEnumerable`1.AsyncEnumerator.MoveNextAsync()
2026-05-20 10:02:10.6771 [ERROR] Microsoft.EntityFrameworkCore.Query - An exception occurred while iterating over the results of a query for context type 'TapHoa.Persistence.Data.AppDbContext'.
System.InvalidOperationException: An exception has been raised that is likely due to a transient failure.
 ---> Npgsql.NpgsqlException (0x80004005): Failed to connect to 127.0.0.1:5432
 ---> System.Net.Sockets.SocketException (10061): No connection could be made because the target machine actively refused it.
   at System.Net.Sockets.Socket.AwaitableSocketAsyncEventArgs.ThrowException(SocketError error, CancellationToken cancellationToken)
   at System.Net.Sockets.Socket.AwaitableSocketAsyncEventArgs.System.Threading.Tasks.Sources.IValueTaskSource.GetResult(Int16 token)
   at Npgsql.Internal.NpgsqlConnector.ConnectAsync(NpgsqlTimeout timeout, CancellationToken cancellationToken)
   at Npgsql.Internal.NpgsqlConnector.ConnectAsync(NpgsqlTimeout timeout, CancellationToken cancellationToken)
   at Npgsql.Internal.NpgsqlConnector.RawOpen(NpgsqlTimeout timeout, Boolean async, CancellationToken cancellationToken)
   at Npgsql.Internal.NpgsqlConnector.<Open>g__OpenCore|209_0(NpgsqlConnector conn, String username, SslMode sslMode, GssEncryptionMode gssEncMode, NpgsqlTimeout timeout, Boolean async, CancellationToken cancellationToken)
   at Npgsql.Internal.NpgsqlConnector.Open(NpgsqlTimeout timeout, Boolean async, CancellationToken cancellationToken)
   at Npgsql.PoolingDataSource.OpenNewConnector(NpgsqlConnection conn, NpgsqlTimeout timeout, Boolean async, CancellationToken cancellationToken)
   at Npgsql.PoolingDataSource.<Get>g__RentAsync|33_0(NpgsqlConnection conn, NpgsqlTimeout timeout, Boolean async, CancellationToken cancellationToken)
   at Npgsql.NpgsqlConnection.<Open>g__OpenAsync|42_0(Boolean async, CancellationToken cancellationToken)
   at Microsoft.EntityFrameworkCore.Storage.RelationalConnection.OpenInternalAsync(Boolean errorsExpected, CancellationToken cancellationToken)
   at Microsoft.EntityFrameworkCore.Storage.RelationalConnection.OpenInternalAsync(Boolean errorsExpected, CancellationToken cancellationToken)
   at Microsoft.EntityFrameworkCore.Storage.RelationalConnection.OpenAsync(CancellationToken cancellationToken, Boolean errorsExpected)
   at Microsoft.EntityFrameworkCore.Storage.RelationalCommand.ExecuteReaderAsync(RelationalCommandParameterObject parameterObject, CancellationToken cancellationToken)
   at Microsoft.EntityFrameworkCore.Query.Internal.SplitQueryingEnumerable`1.AsyncEnumerator.InitializeReaderAsync(AsyncEnumerator enumerator, CancellationToken cancellationToken)
   at Npgsql.EntityFrameworkCore.PostgreSQL.Storage.Internal.NpgsqlExecutionStrategy.ExecuteAsync[TState,TResult](TState state, Func`4 operation, Func`4 verifySucceeded, CancellationToken cancellationToken)
   --- End of inner exception stack trace ---
   at Npgsql.EntityFrameworkCore.PostgreSQL.Storage.Internal.NpgsqlExecutionStrategy.ExecuteAsync[TState,TResult](TState state, Func`4 operation, Func`4 verifySucceeded, CancellationToken cancellationToken)
   at Microsoft.EntityFrameworkCore.Query.Internal.SplitQueryingEnumerable`1.AsyncEnumerator.MoveNextAsync() System.InvalidOperationException: An exception has been raised that is likely due to a transient failure.
 ---> Npgsql.NpgsqlException (0x80004005): Failed to connect to 127.0.0.1:5432
 ---> System.Net.Sockets.SocketException (10061): No connection could be made because the target machine actively refused it.
   at System.Net.Sockets.Socket.AwaitableSocketAsyncEventArgs.ThrowException(SocketError error, CancellationToken cancellationToken)
   at System.Net.Sockets.Socket.AwaitableSocketAsyncEventArgs.System.Threading.Tasks.Sources.IValueTaskSource.GetResult(Int16 token)
   at Npgsql.Internal.NpgsqlConnector.ConnectAsync(NpgsqlTimeout timeout, CancellationToken cancellationToken)
   at Npgsql.Internal.NpgsqlConnector.ConnectAsync(NpgsqlTimeout timeout, CancellationToken cancellationToken)
   at Npgsql.Internal.NpgsqlConnector.RawOpen(NpgsqlTimeout timeout, Boolean async, CancellationToken cancellationToken)
   at Npgsql.Internal.NpgsqlConnector.<Open>g__OpenCore|209_0(NpgsqlConnector conn, String username, SslMode sslMode, GssEncryptionMode gssEncMode, NpgsqlTimeout timeout, Boolean async, CancellationToken cancellationToken)
   at Npgsql.Internal.NpgsqlConnector.Open(NpgsqlTimeout timeout, Boolean async, CancellationToken cancellationToken)
   at Npgsql.PoolingDataSource.OpenNewConnector(NpgsqlConnection conn, NpgsqlTimeout timeout, Boolean async, CancellationToken cancellationToken)
   at Npgsql.PoolingDataSource.<Get>g__RentAsync|33_0(NpgsqlConnection conn, NpgsqlTimeout timeout, Boolean async, CancellationToken cancellationToken)
   at Npgsql.NpgsqlConnection.<Open>g__OpenAsync|42_0(Boolean async, CancellationToken cancellationToken)
   at Microsoft.EntityFrameworkCore.Storage.RelationalConnection.OpenInternalAsync(Boolean errorsExpected, CancellationToken cancellationToken)
   at Microsoft.EntityFrameworkCore.Storage.RelationalConnection.OpenInternalAsync(Boolean errorsExpected, CancellationToken cancellationToken)
   at Microsoft.EntityFrameworkCore.Storage.RelationalConnection.OpenAsync(CancellationToken cancellationToken, Boolean errorsExpected)
   at Microsoft.EntityFrameworkCore.Storage.RelationalCommand.ExecuteReaderAsync(RelationalCommandParameterObject parameterObject, CancellationToken cancellationToken)
   at Microsoft.EntityFrameworkCore.Query.Internal.SplitQueryingEnumerable`1.AsyncEnumerator.InitializeReaderAsync(AsyncEnumerator enumerator, CancellationToken cancellationToken)
   at Npgsql.EntityFrameworkCore.PostgreSQL.Storage.Internal.NpgsqlExecutionStrategy.ExecuteAsync[TState,TResult](TState state, Func`4 operation, Func`4 verifySucceeded, CancellationToken cancellationToken)
   --- End of inner exception stack trace ---
   at Npgsql.EntityFrameworkCore.PostgreSQL.Storage.Internal.NpgsqlExecutionStrategy.ExecuteAsync[TState,TResult](TState state, Func`4 operation, Func`4 verifySucceeded, CancellationToken cancellationToken)
   at Microsoft.EntityFrameworkCore.Query.Internal.SplitQueryingEnumerable`1.AsyncEnumerator.MoveNextAsync()
2026-05-20 10:02:10.6771 [ERROR] Microsoft.EntityFrameworkCore.Query - An exception occurred while iterating over the results of a query for context type 'TapHoa.Persistence.Data.AppDbContext'.
System.InvalidOperationException: An exception has been raised that is likely due to a transient failure.
 ---> Npgsql.NpgsqlException (0x80004005): Failed to connect to 127.0.0.1:5432
 ---> System.Net.Sockets.SocketException (10061): No connection could be made because the target machine actively refused it.
   at System.Net.Sockets.Socket.AwaitableSocketAsyncEventArgs.ThrowException(SocketError error, CancellationToken cancellationToken)
   at System.Net.Sockets.Socket.AwaitableSocketAsyncEventArgs.System.Threading.Tasks.Sources.IValueTaskSource.GetResult(Int16 token)
   at Npgsql.Internal.NpgsqlConnector.ConnectAsync(NpgsqlTimeout timeout, CancellationToken cancellationToken)
   at Npgsql.Internal.NpgsqlConnector.ConnectAsync(NpgsqlTimeout timeout, CancellationToken cancellationToken)
   at Npgsql.Internal.NpgsqlConnector.RawOpen(NpgsqlTimeout timeout, Boolean async, CancellationToken cancellationToken)
   at Npgsql.Internal.NpgsqlConnector.<Open>g__OpenCore|209_0(NpgsqlConnector conn, String username, SslMode sslMode, GssEncryptionMode gssEncMode, NpgsqlTimeout timeout, Boolean async, CancellationToken cancellationToken)
   at Npgsql.Internal.NpgsqlConnector.Open(NpgsqlTimeout timeout, Boolean async, CancellationToken cancellationToken)
   at Npgsql.PoolingDataSource.OpenNewConnector(NpgsqlConnection conn, NpgsqlTimeout timeout, Boolean async, CancellationToken cancellationToken)
   at Npgsql.PoolingDataSource.<Get>g__RentAsync|33_0(NpgsqlConnection conn, NpgsqlTimeout timeout, Boolean async, CancellationToken cancellationToken)
   at Npgsql.NpgsqlConnection.<Open>g__OpenAsync|42_0(Boolean async, CancellationToken cancellationToken)
   at Microsoft.EntityFrameworkCore.Storage.RelationalConnection.OpenInternalAsync(Boolean errorsExpected, CancellationToken cancellationToken)
   at Microsoft.EntityFrameworkCore.Storage.RelationalConnection.OpenInternalAsync(Boolean errorsExpected, CancellationToken cancellationToken)
   at Microsoft.EntityFrameworkCore.Storage.RelationalConnection.OpenAsync(CancellationToken cancellationToken, Boolean errorsExpected)
   at Microsoft.EntityFrameworkCore.Storage.RelationalCommand.ExecuteReaderAsync(RelationalCommandParameterObject parameterObject, CancellationToken cancellationToken)
   at Microsoft.EntityFrameworkCore.Query.Internal.SplitQueryingEnumerable`1.AsyncEnumerator.InitializeReaderAsync(AsyncEnumerator enumerator, CancellationToken cancellationToken)
   at Npgsql.EntityFrameworkCore.PostgreSQL.Storage.Internal.NpgsqlExecutionStrategy.ExecuteAsync[TState,TResult](TState state, Func`4 operation, Func`4 verifySucceeded, CancellationToken cancellationToken)
   --- End of inner exception stack trace ---
   at Npgsql.EntityFrameworkCore.PostgreSQL.Storage.Internal.NpgsqlExecutionStrategy.ExecuteAsync[TState,TResult](TState state, Func`4 operation, Func`4 verifySucceeded, CancellationToken cancellationToken)
   at Microsoft.EntityFrameworkCore.Query.Internal.SplitQueryingEnumerable`1.AsyncEnumerator.MoveNextAsync() System.InvalidOperationException: An exception has been raised that is likely due to a transient failure.
 ---> Npgsql.NpgsqlException (0x80004005): Failed to connect to 127.0.0.1:5432
 ---> System.Net.Sockets.SocketException (10061): No connection could be made because the target machine actively refused it.
   at System.Net.Sockets.Socket.AwaitableSocketAsyncEventArgs.ThrowException(SocketError error, CancellationToken cancellationToken)
   at System.Net.Sockets.Socket.AwaitableSocketAsyncEventArgs.System.Threading.Tasks.Sources.IValueTaskSource.GetResult(Int16 token)
   at Npgsql.Internal.NpgsqlConnector.ConnectAsync(NpgsqlTimeout timeout, CancellationToken cancellationToken)
   at Npgsql.Internal.NpgsqlConnector.ConnectAsync(NpgsqlTimeout timeout, CancellationToken cancellationToken)
   at Npgsql.Internal.NpgsqlConnector.RawOpen(NpgsqlTimeout timeout, Boolean async, CancellationToken cancellationToken)
   at Npgsql.Internal.NpgsqlConnector.<Open>g__OpenCore|209_0(NpgsqlConnector conn, String username, SslMode sslMode, GssEncryptionMode gssEncMode, NpgsqlTimeout timeout, Boolean async, CancellationToken cancellationToken)
   at Npgsql.Internal.NpgsqlConnector.Open(NpgsqlTimeout timeout, Boolean async, CancellationToken cancellationToken)
   at Npgsql.PoolingDataSource.OpenNewConnector(NpgsqlConnection conn, NpgsqlTimeout timeout, Boolean async, CancellationToken cancellationToken)
   at Npgsql.PoolingDataSource.<Get>g__RentAsync|33_0(NpgsqlConnection conn, NpgsqlTimeout timeout, Boolean async, CancellationToken cancellationToken)
   at Npgsql.NpgsqlConnection.<Open>g__OpenAsync|42_0(Boolean async, CancellationToken cancellationToken)
   at Microsoft.EntityFrameworkCore.Storage.RelationalConnection.OpenInternalAsync(Boolean errorsExpected, CancellationToken cancellationToken)
   at Microsoft.EntityFrameworkCore.Storage.RelationalConnection.OpenInternalAsync(Boolean errorsExpected, CancellationToken cancellationToken)
   at Microsoft.EntityFrameworkCore.Storage.RelationalConnection.OpenAsync(CancellationToken cancellationToken, Boolean errorsExpected)
   at Microsoft.EntityFrameworkCore.Storage.RelationalCommand.ExecuteReaderAsync(RelationalCommandParameterObject parameterObject, CancellationToken cancellationToken)
   at Microsoft.EntityFrameworkCore.Query.Internal.SplitQueryingEnumerable`1.AsyncEnumerator.InitializeReaderAsync(AsyncEnumerator enumerator, CancellationToken cancellationToken)
   at Npgsql.EntityFrameworkCore.PostgreSQL.Storage.Internal.NpgsqlExecutionStrategy.ExecuteAsync[TState,TResult](TState state, Func`4 operation, Func`4 verifySucceeded, CancellationToken cancellationToken)
   --- End of inner exception stack trace ---
   at Npgsql.EntityFrameworkCore.PostgreSQL.Storage.Internal.NpgsqlExecutionStrategy.ExecuteAsync[TState,TResult](TState state, Func`4 operation, Func`4 verifySucceeded, CancellationToken cancellationToken)
   at Microsoft.EntityFrameworkCore.Query.Internal.SplitQueryingEnumerable`1.AsyncEnumerator.MoveNextAsync()
2026-05-20 10:02:10.6771 [ERROR] Microsoft.EntityFrameworkCore.Query - An exception occurred while iterating over the results of a query for context type 'TapHoa.Persistence.Data.AppDbContext'.
System.InvalidOperationException: An exception has been raised that is likely due to a transient failure.
 ---> Npgsql.NpgsqlException (0x80004005): Failed to connect to 127.0.0.1:5432
 ---> System.Net.Sockets.SocketException (10061): No connection could be made because the target machine actively refused it.
   at System.Net.Sockets.Socket.AwaitableSocketAsyncEventArgs.ThrowException(SocketError error, CancellationToken cancellationToken)
   at System.Net.Sockets.Socket.AwaitableSocketAsyncEventArgs.System.Threading.Tasks.Sources.IValueTaskSource.GetResult(Int16 token)
   at Npgsql.Internal.NpgsqlConnector.ConnectAsync(NpgsqlTimeout timeout, CancellationToken cancellationToken)
   at Npgsql.Internal.NpgsqlConnector.ConnectAsync(NpgsqlTimeout timeout, CancellationToken cancellationToken)
   at Npgsql.Internal.NpgsqlConnector.RawOpen(NpgsqlTimeout timeout, Boolean async, CancellationToken cancellationToken)
   at Npgsql.Internal.NpgsqlConnector.<Open>g__OpenCore|209_0(NpgsqlConnector conn, String username, SslMode sslMode, GssEncryptionMode gssEncMode, NpgsqlTimeout timeout, Boolean async, CancellationToken cancellationToken)
   at Npgsql.Internal.NpgsqlConnector.Open(NpgsqlTimeout timeout, Boolean async, CancellationToken cancellationToken)
   at Npgsql.PoolingDataSource.OpenNewConnector(NpgsqlConnection conn, NpgsqlTimeout timeout, Boolean async, CancellationToken cancellationToken)
   at Npgsql.PoolingDataSource.<Get>g__RentAsync|33_0(NpgsqlConnection conn, NpgsqlTimeout timeout, Boolean async, CancellationToken cancellationToken)
   at Npgsql.NpgsqlConnection.<Open>g__OpenAsync|42_0(Boolean async, CancellationToken cancellationToken)
   at Microsoft.EntityFrameworkCore.Storage.RelationalConnection.OpenInternalAsync(Boolean errorsExpected, CancellationToken cancellationToken)
   at Microsoft.EntityFrameworkCore.Storage.RelationalConnection.OpenInternalAsync(Boolean errorsExpected, CancellationToken cancellationToken)
   at Microsoft.EntityFrameworkCore.Storage.RelationalConnection.OpenAsync(CancellationToken cancellationToken, Boolean errorsExpected)
   at Microsoft.EntityFrameworkCore.Storage.RelationalCommand.ExecuteReaderAsync(RelationalCommandParameterObject parameterObject, CancellationToken cancellationToken)
   at Microsoft.EntityFrameworkCore.Query.Internal.SplitQueryingEnumerable`1.AsyncEnumerator.InitializeReaderAsync(AsyncEnumerator enumerator, CancellationToken cancellationToken)
   at Npgsql.EntityFrameworkCore.PostgreSQL.Storage.Internal.NpgsqlExecutionStrategy.ExecuteAsync[TState,TResult](TState state, Func`4 operation, Func`4 verifySucceeded, CancellationToken cancellationToken)
   --- End of inner exception stack trace ---
   at Npgsql.EntityFrameworkCore.PostgreSQL.Storage.Internal.NpgsqlExecutionStrategy.ExecuteAsync[TState,TResult](TState state, Func`4 operation, Func`4 verifySucceeded, CancellationToken cancellationToken)
   at Microsoft.EntityFrameworkCore.Query.Internal.SplitQueryingEnumerable`1.AsyncEnumerator.MoveNextAsync() System.InvalidOperationException: An exception has been raised that is likely due to a transient failure.
 ---> Npgsql.NpgsqlException (0x80004005): Failed to connect to 127.0.0.1:5432
 ---> System.Net.Sockets.SocketException (10061): No connection could be made because the target machine actively refused it.
   at System.Net.Sockets.Socket.AwaitableSocketAsyncEventArgs.ThrowException(SocketError error, CancellationToken cancellationToken)
   at System.Net.Sockets.Socket.AwaitableSocketAsyncEventArgs.System.Threading.Tasks.Sources.IValueTaskSource.GetResult(Int16 token)
   at Npgsql.Internal.NpgsqlConnector.ConnectAsync(NpgsqlTimeout timeout, CancellationToken cancellationToken)
   at Npgsql.Internal.NpgsqlConnector.ConnectAsync(NpgsqlTimeout timeout, CancellationToken cancellationToken)
   at Npgsql.Internal.NpgsqlConnector.RawOpen(NpgsqlTimeout timeout, Boolean async, CancellationToken cancellationToken)
   at Npgsql.Internal.NpgsqlConnector.<Open>g__OpenCore|209_0(NpgsqlConnector conn, String username, SslMode sslMode, GssEncryptionMode gssEncMode, NpgsqlTimeout timeout, Boolean async, CancellationToken cancellationToken)
   at Npgsql.Internal.NpgsqlConnector.Open(NpgsqlTimeout timeout, Boolean async, CancellationToken cancellationToken)
   at Npgsql.PoolingDataSource.OpenNewConnector(NpgsqlConnection conn, NpgsqlTimeout timeout, Boolean async, CancellationToken cancellationToken)
   at Npgsql.PoolingDataSource.<Get>g__RentAsync|33_0(NpgsqlConnection conn, NpgsqlTimeout timeout, Boolean async, CancellationToken cancellationToken)
   at Npgsql.NpgsqlConnection.<Open>g__OpenAsync|42_0(Boolean async, CancellationToken cancellationToken)
   at Microsoft.EntityFrameworkCore.Storage.RelationalConnection.OpenInternalAsync(Boolean errorsExpected, CancellationToken cancellationToken)
   at Microsoft.EntityFrameworkCore.Storage.RelationalConnection.OpenInternalAsync(Boolean errorsExpected, CancellationToken cancellationToken)
   at Microsoft.EntityFrameworkCore.Storage.RelationalConnection.OpenAsync(CancellationToken cancellationToken, Boolean errorsExpected)
   at Microsoft.EntityFrameworkCore.Storage.RelationalCommand.ExecuteReaderAsync(RelationalCommandParameterObject parameterObject, CancellationToken cancellationToken)
   at Microsoft.EntityFrameworkCore.Query.Internal.SplitQueryingEnumerable`1.AsyncEnumerator.InitializeReaderAsync(AsyncEnumerator enumerator, CancellationToken cancellationToken)
   at Npgsql.EntityFrameworkCore.PostgreSQL.Storage.Internal.NpgsqlExecutionStrategy.ExecuteAsync[TState,TResult](TState state, Func`4 operation, Func`4 verifySucceeded, CancellationToken cancellationToken)
   --- End of inner exception stack trace ---
   at Npgsql.EntityFrameworkCore.PostgreSQL.Storage.Internal.NpgsqlExecutionStrategy.ExecuteAsync[TState,TResult](TState state, Func`4 operation, Func`4 verifySucceeded, CancellationToken cancellationToken)
   at Microsoft.EntityFrameworkCore.Query.Internal.SplitQueryingEnumerable`1.AsyncEnumerator.MoveNextAsync()
2026-05-20 14:20:49.1490 [ERROR] Microsoft.EntityFrameworkCore.Database.Connection - An error occurred using the connection to database 'taphoa2_db' on server 'tcp://localhost:5432'. 
2026-05-20 14:20:49.1490 [ERROR] Microsoft.EntityFrameworkCore.Query - An exception occurred while iterating over the results of a query for context type 'TapHoa.Persistence.Data.AppDbContext'.
System.InvalidOperationException: An exception has been raised that is likely due to a transient failure.
 ---> Npgsql.NpgsqlException (0x80004005): Failed to connect to 127.0.0.1:5432
 ---> System.Net.Sockets.SocketException (10061): No connection could be made because the target machine actively refused it.
   at System.Net.Sockets.Socket.AwaitableSocketAsyncEventArgs.ThrowException(SocketError error, CancellationToken cancellationToken)
   at System.Net.Sockets.Socket.AwaitableSocketAsyncEventArgs.System.Threading.Tasks.Sources.IValueTaskSource.GetResult(Int16 token)
   at Npgsql.Internal.NpgsqlConnector.ConnectAsync(NpgsqlTimeout timeout, CancellationToken cancellationToken)
   at Npgsql.Internal.NpgsqlConnector.ConnectAsync(NpgsqlTimeout timeout, CancellationToken cancellationToken)
   at Npgsql.Internal.NpgsqlConnector.RawOpen(NpgsqlTimeout timeout, Boolean async, CancellationToken cancellationToken)
   at Npgsql.Internal.NpgsqlConnector.<Open>g__OpenCore|209_0(NpgsqlConnector conn, String username, SslMode sslMode, GssEncryptionMode gssEncMode, NpgsqlTimeout timeout, Boolean async, CancellationToken cancellationToken)
   at Npgsql.Internal.NpgsqlConnector.Open(NpgsqlTimeout timeout, Boolean async, CancellationToken cancellationToken)
   at Npgsql.PoolingDataSource.OpenNewConnector(NpgsqlConnection conn, NpgsqlTimeout timeout, Boolean async, CancellationToken cancellationToken)
   at Npgsql.PoolingDataSource.<Get>g__RentAsync|33_0(NpgsqlConnection conn, NpgsqlTimeout timeout, Boolean async, CancellationToken cancellationToken)
   at Npgsql.NpgsqlConnection.<Open>g__OpenAsync|42_0(Boolean async, CancellationToken cancellationToken)
   at Microsoft.EntityFrameworkCore.Storage.RelationalConnection.OpenInternalAsync(Boolean errorsExpected, CancellationToken cancellationToken)
   at Microsoft.EntityFrameworkCore.Storage.RelationalConnection.OpenInternalAsync(Boolean errorsExpected, CancellationToken cancellationToken)
   at Microsoft.EntityFrameworkCore.Storage.RelationalConnection.OpenAsync(CancellationToken cancellationToken, Boolean errorsExpected)
   at Microsoft.EntityFrameworkCore.Storage.RelationalCommand.ExecuteReaderAsync(RelationalCommandParameterObject parameterObject, CancellationToken cancellationToken)
   at Microsoft.EntityFrameworkCore.Query.Internal.SplitQueryingEnumerable`1.AsyncEnumerator.InitializeReaderAsync(AsyncEnumerator enumerator, CancellationToken cancellationToken)
   at Npgsql.EntityFrameworkCore.PostgreSQL.Storage.Internal.NpgsqlExecutionStrategy.ExecuteAsync[TState,TResult](TState state, Func`4 operation, Func`4 verifySucceeded, CancellationToken cancellationToken)
   --- End of inner exception stack trace ---
   at Npgsql.EntityFrameworkCore.PostgreSQL.Storage.Internal.NpgsqlExecutionStrategy.ExecuteAsync[TState,TResult](TState state, Func`4 operation, Func`4 verifySucceeded, CancellationToken cancellationToken)
   at Microsoft.EntityFrameworkCore.Query.Internal.SplitQueryingEnumerable`1.AsyncEnumerator.MoveNextAsync() System.InvalidOperationException: An exception has been raised that is likely due to a transient failure.
 ---> Npgsql.NpgsqlException (0x80004005): Failed to connect to 127.0.0.1:5432
 ---> System.Net.Sockets.SocketException (10061): No connection could be made because the target machine actively refused it.
   at System.Net.Sockets.Socket.AwaitableSocketAsyncEventArgs.ThrowException(SocketError error, CancellationToken cancellationToken)
   at System.Net.Sockets.Socket.AwaitableSocketAsyncEventArgs.System.Threading.Tasks.Sources.IValueTaskSource.GetResult(Int16 token)
   at Npgsql.Internal.NpgsqlConnector.ConnectAsync(NpgsqlTimeout timeout, CancellationToken cancellationToken)
   at Npgsql.Internal.NpgsqlConnector.ConnectAsync(NpgsqlTimeout timeout, CancellationToken cancellationToken)
   at Npgsql.Internal.NpgsqlConnector.RawOpen(NpgsqlTimeout timeout, Boolean async, CancellationToken cancellationToken)
   at Npgsql.Internal.NpgsqlConnector.<Open>g__OpenCore|209_0(NpgsqlConnector conn, String username, SslMode sslMode, GssEncryptionMode gssEncMode, NpgsqlTimeout timeout, Boolean async, CancellationToken cancellationToken)
   at Npgsql.Internal.NpgsqlConnector.Open(NpgsqlTimeout timeout, Boolean async, CancellationToken cancellationToken)
   at Npgsql.PoolingDataSource.OpenNewConnector(NpgsqlConnection conn, NpgsqlTimeout timeout, Boolean async, CancellationToken cancellationToken)
   at Npgsql.PoolingDataSource.<Get>g__RentAsync|33_0(NpgsqlConnection conn, NpgsqlTimeout timeout, Boolean async, CancellationToken cancellationToken)
   at Npgsql.NpgsqlConnection.<Open>g__OpenAsync|42_0(Boolean async, CancellationToken cancellationToken)
   at Microsoft.EntityFrameworkCore.Storage.RelationalConnection.OpenInternalAsync(Boolean errorsExpected, CancellationToken cancellationToken)
   at Microsoft.EntityFrameworkCore.Storage.RelationalConnection.OpenInternalAsync(Boolean errorsExpected, CancellationToken cancellationToken)
   at Microsoft.EntityFrameworkCore.Storage.RelationalConnection.OpenAsync(CancellationToken cancellationToken, Boolean errorsExpected)
   at Microsoft.EntityFrameworkCore.Storage.RelationalCommand.ExecuteReaderAsync(RelationalCommandParameterObject parameterObject, CancellationToken cancellationToken)
   at Microsoft.EntityFrameworkCore.Query.Internal.SplitQueryingEnumerable`1.AsyncEnumerator.InitializeReaderAsync(AsyncEnumerator enumerator, CancellationToken cancellationToken)
   at Npgsql.EntityFrameworkCore.PostgreSQL.Storage.Internal.NpgsqlExecutionStrategy.ExecuteAsync[TState,TResult](TState state, Func`4 operation, Func`4 verifySucceeded, CancellationToken cancellationToken)
   --- End of inner exception stack trace ---
   at Npgsql.EntityFrameworkCore.PostgreSQL.Storage.Internal.NpgsqlExecutionStrategy.ExecuteAsync[TState,TResult](TState state, Func`4 operation, Func`4 verifySucceeded, CancellationToken cancellationToken)
   at Microsoft.EntityFrameworkCore.Query.Internal.SplitQueryingEnumerable`1.AsyncEnumerator.MoveNextAsync()
2026-05-20 14:20:49.1713 [ERROR] Microsoft.EntityFrameworkCore.Database.Connection - An error occurred using the connection to database 'taphoa2_db' on server 'tcp://localhost:5432'. 
2026-05-20 14:20:49.1713 [ERROR] Microsoft.EntityFrameworkCore.Query - An exception occurred while iterating over the results of a query for context type 'TapHoa.Persistence.Data.AppDbContext'.
System.InvalidOperationException: An exception has been raised that is likely due to a transient failure.
 ---> Npgsql.NpgsqlException (0x80004005): Failed to connect to 127.0.0.1:5432
 ---> System.Net.Sockets.SocketException (10061): No connection could be made because the target machine actively refused it.
   at System.Net.Sockets.Socket.AwaitableSocketAsyncEventArgs.ThrowException(SocketError error, CancellationToken cancellationToken)
   at System.Net.Sockets.Socket.AwaitableSocketAsyncEventArgs.System.Threading.Tasks.Sources.IValueTaskSource.GetResult(Int16 token)
   at Npgsql.Internal.NpgsqlConnector.ConnectAsync(NpgsqlTimeout timeout, CancellationToken cancellationToken)
   at Npgsql.Internal.NpgsqlConnector.ConnectAsync(NpgsqlTimeout timeout, CancellationToken cancellationToken)
   at Npgsql.Internal.NpgsqlConnector.RawOpen(NpgsqlTimeout timeout, Boolean async, CancellationToken cancellationToken)
   at Npgsql.Internal.NpgsqlConnector.<Open>g__OpenCore|209_0(NpgsqlConnector conn, String username, SslMode sslMode, GssEncryptionMode gssEncMode, NpgsqlTimeout timeout, Boolean async, CancellationToken cancellationToken)
   at Npgsql.Internal.NpgsqlConnector.Open(NpgsqlTimeout timeout, Boolean async, CancellationToken cancellationToken)
   at Npgsql.PoolingDataSource.OpenNewConnector(NpgsqlConnection conn, NpgsqlTimeout timeout, Boolean async, CancellationToken cancellationToken)
   at Npgsql.PoolingDataSource.<Get>g__RentAsync|33_0(NpgsqlConnection conn, NpgsqlTimeout timeout, Boolean async, CancellationToken cancellationToken)
   at Npgsql.NpgsqlConnection.<Open>g__OpenAsync|42_0(Boolean async, CancellationToken cancellationToken)
   at Microsoft.EntityFrameworkCore.Storage.RelationalConnection.OpenInternalAsync(Boolean errorsExpected, CancellationToken cancellationToken)
   at Microsoft.EntityFrameworkCore.Storage.RelationalConnection.OpenInternalAsync(Boolean errorsExpected, CancellationToken cancellationToken)
   at Microsoft.EntityFrameworkCore.Storage.RelationalConnection.OpenAsync(CancellationToken cancellationToken, Boolean errorsExpected)
   at Microsoft.EntityFrameworkCore.Storage.RelationalCommand.ExecuteReaderAsync(RelationalCommandParameterObject parameterObject, CancellationToken cancellationToken)
   at Microsoft.EntityFrameworkCore.Query.Internal.SplitQueryingEnumerable`1.AsyncEnumerator.InitializeReaderAsync(AsyncEnumerator enumerator, CancellationToken cancellationToken)
   at Npgsql.EntityFrameworkCore.PostgreSQL.Storage.Internal.NpgsqlExecutionStrategy.ExecuteAsync[TState,TResult](TState state, Func`4 operation, Func`4 verifySucceeded, CancellationToken cancellationToken)
   --- End of inner exception stack trace ---
   at Npgsql.EntityFrameworkCore.PostgreSQL.Storage.Internal.NpgsqlExecutionStrategy.ExecuteAsync[TState,TResult](TState state, Func`4 operation, Func`4 verifySucceeded, CancellationToken cancellationToken)
   at Microsoft.EntityFrameworkCore.Query.Internal.SplitQueryingEnumerable`1.AsyncEnumerator.MoveNextAsync() System.InvalidOperationException: An exception has been raised that is likely due to a transient failure.
 ---> Npgsql.NpgsqlException (0x80004005): Failed to connect to 127.0.0.1:5432
 ---> System.Net.Sockets.SocketException (10061): No connection could be made because the target machine actively refused it.
   at System.Net.Sockets.Socket.AwaitableSocketAsyncEventArgs.ThrowException(SocketError error, CancellationToken cancellationToken)
   at System.Net.Sockets.Socket.AwaitableSocketAsyncEventArgs.System.Threading.Tasks.Sources.IValueTaskSource.GetResult(Int16 token)
   at Npgsql.Internal.NpgsqlConnector.ConnectAsync(NpgsqlTimeout timeout, CancellationToken cancellationToken)
   at Npgsql.Internal.NpgsqlConnector.ConnectAsync(NpgsqlTimeout timeout, CancellationToken cancellationToken)
   at Npgsql.Internal.NpgsqlConnector.RawOpen(NpgsqlTimeout timeout, Boolean async, CancellationToken cancellationToken)
   at Npgsql.Internal.NpgsqlConnector.<Open>g__OpenCore|209_0(NpgsqlConnector conn, String username, SslMode sslMode, GssEncryptionMode gssEncMode, NpgsqlTimeout timeout, Boolean async, CancellationToken cancellationToken)
   at Npgsql.Internal.NpgsqlConnector.Open(NpgsqlTimeout timeout, Boolean async, CancellationToken cancellationToken)
   at Npgsql.PoolingDataSource.OpenNewConnector(NpgsqlConnection conn, NpgsqlTimeout timeout, Boolean async, CancellationToken cancellationToken)
   at Npgsql.PoolingDataSource.<Get>g__RentAsync|33_0(NpgsqlConnection conn, NpgsqlTimeout timeout, Boolean async, CancellationToken cancellationToken)
   at Npgsql.NpgsqlConnection.<Open>g__OpenAsync|42_0(Boolean async, CancellationToken cancellationToken)
   at Microsoft.EntityFrameworkCore.Storage.RelationalConnection.OpenInternalAsync(Boolean errorsExpected, CancellationToken cancellationToken)
   at Microsoft.EntityFrameworkCore.Storage.RelationalConnection.OpenInternalAsync(Boolean errorsExpected, CancellationToken cancellationToken)
   at Microsoft.EntityFrameworkCore.Storage.RelationalConnection.OpenAsync(CancellationToken cancellationToken, Boolean errorsExpected)
   at Microsoft.EntityFrameworkCore.Storage.RelationalCommand.ExecuteReaderAsync(RelationalCommandParameterObject parameterObject, CancellationToken cancellationToken)
   at Microsoft.EntityFrameworkCore.Query.Internal.SplitQueryingEnumerable`1.AsyncEnumerator.InitializeReaderAsync(AsyncEnumerator enumerator, CancellationToken cancellationToken)
   at Npgsql.EntityFrameworkCore.PostgreSQL.Storage.Internal.NpgsqlExecutionStrategy.ExecuteAsync[TState,TResult](TState state, Func`4 operation, Func`4 verifySucceeded, CancellationToken cancellationToken)
   --- End of inner exception stack trace ---
   at Npgsql.EntityFrameworkCore.PostgreSQL.Storage.Internal.NpgsqlExecutionStrategy.ExecuteAsync[TState,TResult](TState state, Func`4 operation, Func`4 verifySucceeded, CancellationToken cancellationToken)
   at Microsoft.EntityFrameworkCore.Query.Internal.SplitQueryingEnumerable`1.AsyncEnumerator.MoveNextAsync()
2026-05-20 14:20:51.0184 [ERROR] Microsoft.EntityFrameworkCore.Database.Connection - An error occurred using the connection to database 'taphoa2_db' on server 'tcp://localhost:5432'. 
2026-05-20 14:20:51.0184 [ERROR] Microsoft.EntityFrameworkCore.Query - An exception occurred while iterating over the results of a query for context type 'TapHoa.Persistence.Data.AppDbContext'.
System.InvalidOperationException: An exception has been raised that is likely due to a transient failure.
 ---> Npgsql.NpgsqlException (0x80004005): Failed to connect to 127.0.0.1:5432
 ---> System.Net.Sockets.SocketException (10061): No connection could be made because the target machine actively refused it.
   at System.Net.Sockets.Socket.AwaitableSocketAsyncEventArgs.ThrowException(SocketError error, CancellationToken cancellationToken)
   at System.Net.Sockets.Socket.AwaitableSocketAsyncEventArgs.System.Threading.Tasks.Sources.IValueTaskSource.GetResult(Int16 token)
   at Npgsql.Internal.NpgsqlConnector.ConnectAsync(NpgsqlTimeout timeout, CancellationToken cancellationToken)
   at Npgsql.Internal.NpgsqlConnector.ConnectAsync(NpgsqlTimeout timeout, CancellationToken cancellationToken)
   at Npgsql.Internal.NpgsqlConnector.RawOpen(NpgsqlTimeout timeout, Boolean async, CancellationToken cancellationToken)
   at Npgsql.Internal.NpgsqlConnector.<Open>g__OpenCore|209_0(NpgsqlConnector conn, String username, SslMode sslMode, GssEncryptionMode gssEncMode, NpgsqlTimeout timeout, Boolean async, CancellationToken cancellationToken)
   at Npgsql.Internal.NpgsqlConnector.Open(NpgsqlTimeout timeout, Boolean async, CancellationToken cancellationToken)
   at Npgsql.PoolingDataSource.OpenNewConnector(NpgsqlConnection conn, NpgsqlTimeout timeout, Boolean async, CancellationToken cancellationToken)
   at Npgsql.PoolingDataSource.<Get>g__RentAsync|33_0(NpgsqlConnection conn, NpgsqlTimeout timeout, Boolean async, CancellationToken cancellationToken)
   at Npgsql.NpgsqlConnection.<Open>g__OpenAsync|42_0(Boolean async, CancellationToken cancellationToken)
   at Microsoft.EntityFrameworkCore.Storage.RelationalConnection.OpenInternalAsync(Boolean errorsExpected, CancellationToken cancellationToken)
   at Microsoft.EntityFrameworkCore.Storage.RelationalConnection.OpenInternalAsync(Boolean errorsExpected, CancellationToken cancellationToken)
   at Microsoft.EntityFrameworkCore.Storage.RelationalConnection.OpenAsync(CancellationToken cancellationToken, Boolean errorsExpected)
   at Microsoft.EntityFrameworkCore.Storage.RelationalCommand.ExecuteReaderAsync(RelationalCommandParameterObject parameterObject, CancellationToken cancellationToken)
   at Microsoft.EntityFrameworkCore.Query.Internal.SplitQueryingEnumerable`1.AsyncEnumerator.InitializeReaderAsync(AsyncEnumerator enumerator, CancellationToken cancellationToken)
   at Npgsql.EntityFrameworkCore.PostgreSQL.Storage.Internal.NpgsqlExecutionStrategy.ExecuteAsync[TState,TResult](TState state, Func`4 operation, Func`4 verifySucceeded, CancellationToken cancellationToken)
   --- End of inner exception stack trace ---
   at Npgsql.EntityFrameworkCore.PostgreSQL.Storage.Internal.NpgsqlExecutionStrategy.ExecuteAsync[TState,TResult](TState state, Func`4 operation, Func`4 verifySucceeded, CancellationToken cancellationToken)
   at Microsoft.EntityFrameworkCore.Query.Internal.SplitQueryingEnumerable`1.AsyncEnumerator.MoveNextAsync() System.InvalidOperationException: An exception has been raised that is likely due to a transient failure.
 ---> Npgsql.NpgsqlException (0x80004005): Failed to connect to 127.0.0.1:5432
 ---> System.Net.Sockets.SocketException (10061): No connection could be made because the target machine actively refused it.
   at System.Net.Sockets.Socket.AwaitableSocketAsyncEventArgs.ThrowException(SocketError error, CancellationToken cancellationToken)
   at System.Net.Sockets.Socket.AwaitableSocketAsyncEventArgs.System.Threading.Tasks.Sources.IValueTaskSource.GetResult(Int16 token)
   at Npgsql.Internal.NpgsqlConnector.ConnectAsync(NpgsqlTimeout timeout, CancellationToken cancellationToken)
   at Npgsql.Internal.NpgsqlConnector.ConnectAsync(NpgsqlTimeout timeout, CancellationToken cancellationToken)
   at Npgsql.Internal.NpgsqlConnector.RawOpen(NpgsqlTimeout timeout, Boolean async, CancellationToken cancellationToken)
   at Npgsql.Internal.NpgsqlConnector.<Open>g__OpenCore|209_0(NpgsqlConnector conn, String username, SslMode sslMode, GssEncryptionMode gssEncMode, NpgsqlTimeout timeout, Boolean async, CancellationToken cancellationToken)
   at Npgsql.Internal.NpgsqlConnector.Open(NpgsqlTimeout timeout, Boolean async, CancellationToken cancellationToken)
   at Npgsql.PoolingDataSource.OpenNewConnector(NpgsqlConnection conn, NpgsqlTimeout timeout, Boolean async, CancellationToken cancellationToken)
   at Npgsql.PoolingDataSource.<Get>g__RentAsync|33_0(NpgsqlConnection conn, NpgsqlTimeout timeout, Boolean async, CancellationToken cancellationToken)
   at Npgsql.NpgsqlConnection.<Open>g__OpenAsync|42_0(Boolean async, CancellationToken cancellationToken)
   at Microsoft.EntityFrameworkCore.Storage.RelationalConnection.OpenInternalAsync(Boolean errorsExpected, CancellationToken cancellationToken)
   at Microsoft.EntityFrameworkCore.Storage.RelationalConnection.OpenInternalAsync(Boolean errorsExpected, CancellationToken cancellationToken)
   at Microsoft.EntityFrameworkCore.Storage.RelationalConnection.OpenAsync(CancellationToken cancellationToken, Boolean errorsExpected)
   at Microsoft.EntityFrameworkCore.Storage.RelationalCommand.ExecuteReaderAsync(RelationalCommandParameterObject parameterObject, CancellationToken cancellationToken)
   at Microsoft.EntityFrameworkCore.Query.Internal.SplitQueryingEnumerable`1.AsyncEnumerator.InitializeReaderAsync(AsyncEnumerator enumerator, CancellationToken cancellationToken)
   at Npgsql.EntityFrameworkCore.PostgreSQL.Storage.Internal.NpgsqlExecutionStrategy.ExecuteAsync[TState,TResult](TState state, Func`4 operation, Func`4 verifySucceeded, CancellationToken cancellationToken)
   --- End of inner exception stack trace ---
   at Npgsql.EntityFrameworkCore.PostgreSQL.Storage.Internal.NpgsqlExecutionStrategy.ExecuteAsync[TState,TResult](TState state, Func`4 operation, Func`4 verifySucceeded, CancellationToken cancellationToken)
   at Microsoft.EntityFrameworkCore.Query.Internal.SplitQueryingEnumerable`1.AsyncEnumerator.MoveNextAsync()
2026-05-20 14:20:54.2404 [ERROR] Microsoft.EntityFrameworkCore.Database.Connection - An error occurred using the connection to database 'taphoa2_db' on server 'tcp://localhost:5432'. 
2026-05-20 14:20:54.2404 [ERROR] Microsoft.EntityFrameworkCore.Database.Connection - An error occurred using the connection to database 'taphoa2_db' on server 'tcp://localhost:5432'. 
2026-05-20 14:20:54.2439 [ERROR] Microsoft.EntityFrameworkCore.Query - An exception occurred while iterating over the results of a query for context type 'TapHoa.Persistence.Data.AppDbContext'.
System.InvalidOperationException: An exception has been raised that is likely due to a transient failure.
 ---> Npgsql.NpgsqlException (0x80004005): Failed to connect to 127.0.0.1:5432
 ---> System.Net.Sockets.SocketException (10061): No connection could be made because the target machine actively refused it.
   at System.Net.Sockets.Socket.AwaitableSocketAsyncEventArgs.ThrowException(SocketError error, CancellationToken cancellationToken)
   at System.Net.Sockets.Socket.AwaitableSocketAsyncEventArgs.System.Threading.Tasks.Sources.IValueTaskSource.GetResult(Int16 token)
   at Npgsql.Internal.NpgsqlConnector.ConnectAsync(NpgsqlTimeout timeout, CancellationToken cancellationToken)
   at Npgsql.Internal.NpgsqlConnector.ConnectAsync(NpgsqlTimeout timeout, CancellationToken cancellationToken)
   at Npgsql.Internal.NpgsqlConnector.RawOpen(NpgsqlTimeout timeout, Boolean async, CancellationToken cancellationToken)
   at Npgsql.Internal.NpgsqlConnector.<Open>g__OpenCore|209_0(NpgsqlConnector conn, String username, SslMode sslMode, GssEncryptionMode gssEncMode, NpgsqlTimeout timeout, Boolean async, CancellationToken cancellationToken)
   at Npgsql.Internal.NpgsqlConnector.Open(NpgsqlTimeout timeout, Boolean async, CancellationToken cancellationToken)
   at Npgsql.PoolingDataSource.OpenNewConnector(NpgsqlConnection conn, NpgsqlTimeout timeout, Boolean async, CancellationToken cancellationToken)
   at Npgsql.PoolingDataSource.<Get>g__RentAsync|33_0(NpgsqlConnection conn, NpgsqlTimeout timeout, Boolean async, CancellationToken cancellationToken)
   at Npgsql.NpgsqlConnection.<Open>g__OpenAsync|42_0(Boolean async, CancellationToken cancellationToken)
   at Microsoft.EntityFrameworkCore.Storage.RelationalConnection.OpenInternalAsync(Boolean errorsExpected, CancellationToken cancellationToken)
   at Microsoft.EntityFrameworkCore.Storage.RelationalConnection.OpenInternalAsync(Boolean errorsExpected, CancellationToken cancellationToken)
   at Microsoft.EntityFrameworkCore.Storage.RelationalConnection.OpenAsync(CancellationToken cancellationToken, Boolean errorsExpected)
   at Microsoft.EntityFrameworkCore.Storage.RelationalCommand.ExecuteReaderAsync(RelationalCommandParameterObject parameterObject, CancellationToken cancellationToken)
   at Microsoft.EntityFrameworkCore.Query.Internal.SplitQueryingEnumerable`1.AsyncEnumerator.InitializeReaderAsync(AsyncEnumerator enumerator, CancellationToken cancellationToken)
   at Npgsql.EntityFrameworkCore.PostgreSQL.Storage.Internal.NpgsqlExecutionStrategy.ExecuteAsync[TState,TResult](TState state, Func`4 operation, Func`4 verifySucceeded, CancellationToken cancellationToken)
   --- End of inner exception stack trace ---
   at Npgsql.EntityFrameworkCore.PostgreSQL.Storage.Internal.NpgsqlExecutionStrategy.ExecuteAsync[TState,TResult](TState state, Func`4 operation, Func`4 verifySucceeded, CancellationToken cancellationToken)
   at Microsoft.EntityFrameworkCore.Query.Internal.SplitQueryingEnumerable`1.AsyncEnumerator.MoveNextAsync() System.InvalidOperationException: An exception has been raised that is likely due to a transient failure.
 ---> Npgsql.NpgsqlException (0x80004005): Failed to connect to 127.0.0.1:5432
 ---> System.Net.Sockets.SocketException (10061): No connection could be made because the target machine actively refused it.
   at System.Net.Sockets.Socket.AwaitableSocketAsyncEventArgs.ThrowException(SocketError error, CancellationToken cancellationToken)
   at System.Net.Sockets.Socket.AwaitableSocketAsyncEventArgs.System.Threading.Tasks.Sources.IValueTaskSource.GetResult(Int16 token)
   at Npgsql.Internal.NpgsqlConnector.ConnectAsync(NpgsqlTimeout timeout, CancellationToken cancellationToken)
   at Npgsql.Internal.NpgsqlConnector.ConnectAsync(NpgsqlTimeout timeout, CancellationToken cancellationToken)
   at Npgsql.Internal.NpgsqlConnector.RawOpen(NpgsqlTimeout timeout, Boolean async, CancellationToken cancellationToken)
   at Npgsql.Internal.NpgsqlConnector.<Open>g__OpenCore|209_0(NpgsqlConnector conn, String username, SslMode sslMode, GssEncryptionMode gssEncMode, NpgsqlTimeout timeout, Boolean async, CancellationToken cancellationToken)
   at Npgsql.Internal.NpgsqlConnector.Open(NpgsqlTimeout timeout, Boolean async, CancellationToken cancellationToken)
   at Npgsql.PoolingDataSource.OpenNewConnector(NpgsqlConnection conn, NpgsqlTimeout timeout, Boolean async, CancellationToken cancellationToken)
   at Npgsql.PoolingDataSource.<Get>g__RentAsync|33_0(NpgsqlConnection conn, NpgsqlTimeout timeout, Boolean async, CancellationToken cancellationToken)
   at Npgsql.NpgsqlConnection.<Open>g__OpenAsync|42_0(Boolean async, CancellationToken cancellationToken)
   at Microsoft.EntityFrameworkCore.Storage.RelationalConnection.OpenInternalAsync(Boolean errorsExpected, CancellationToken cancellationToken)
   at Microsoft.EntityFrameworkCore.Storage.RelationalConnection.OpenInternalAsync(Boolean errorsExpected, CancellationToken cancellationToken)
   at Microsoft.EntityFrameworkCore.Storage.RelationalConnection.OpenAsync(CancellationToken cancellationToken, Boolean errorsExpected)
   at Microsoft.EntityFrameworkCore.Storage.RelationalCommand.ExecuteReaderAsync(RelationalCommandParameterObject parameterObject, CancellationToken cancellationToken)
   at Microsoft.EntityFrameworkCore.Query.Internal.SplitQueryingEnumerable`1.AsyncEnumerator.InitializeReaderAsync(AsyncEnumerator enumerator, CancellationToken cancellationToken)
   at Npgsql.EntityFrameworkCore.PostgreSQL.Storage.Internal.NpgsqlExecutionStrategy.ExecuteAsync[TState,TResult](TState state, Func`4 operation, Func`4 verifySucceeded, CancellationToken cancellationToken)
   --- End of inner exception stack trace ---
   at Npgsql.EntityFrameworkCore.PostgreSQL.Storage.Internal.NpgsqlExecutionStrategy.ExecuteAsync[TState,TResult](TState state, Func`4 operation, Func`4 verifySucceeded, CancellationToken cancellationToken)
   at Microsoft.EntityFrameworkCore.Query.Internal.SplitQueryingEnumerable`1.AsyncEnumerator.MoveNextAsync()
2026-05-20 14:20:54.2439 [ERROR] Microsoft.EntityFrameworkCore.Query - An exception occurred while iterating over the results of a query for context type 'TapHoa.Persistence.Data.AppDbContext'.
System.InvalidOperationException: An exception has been raised that is likely due to a transient failure.
 ---> Npgsql.NpgsqlException (0x80004005): Failed to connect to 127.0.0.1:5432
 ---> System.Net.Sockets.SocketException (10061): No connection could be made because the target machine actively refused it.
   at System.Net.Sockets.Socket.AwaitableSocketAsyncEventArgs.ThrowException(SocketError error, CancellationToken cancellationToken)
   at System.Net.Sockets.Socket.AwaitableSocketAsyncEventArgs.System.Threading.Tasks.Sources.IValueTaskSource.GetResult(Int16 token)
   at Npgsql.Internal.NpgsqlConnector.ConnectAsync(NpgsqlTimeout timeout, CancellationToken cancellationToken)
   at Npgsql.Internal.NpgsqlConnector.ConnectAsync(NpgsqlTimeout timeout, CancellationToken cancellationToken)
   at Npgsql.Internal.NpgsqlConnector.RawOpen(NpgsqlTimeout timeout, Boolean async, CancellationToken cancellationToken)
   at Npgsql.Internal.NpgsqlConnector.<Open>g__OpenCore|209_0(NpgsqlConnector conn, String username, SslMode sslMode, GssEncryptionMode gssEncMode, NpgsqlTimeout timeout, Boolean async, CancellationToken cancellationToken)
   at Npgsql.Internal.NpgsqlConnector.Open(NpgsqlTimeout timeout, Boolean async, CancellationToken cancellationToken)
   at Npgsql.PoolingDataSource.OpenNewConnector(NpgsqlConnection conn, NpgsqlTimeout timeout, Boolean async, CancellationToken cancellationToken)
   at Npgsql.PoolingDataSource.<Get>g__RentAsync|33_0(NpgsqlConnection conn, NpgsqlTimeout timeout, Boolean async, CancellationToken cancellationToken)
   at Npgsql.NpgsqlConnection.<Open>g__OpenAsync|42_0(Boolean async, CancellationToken cancellationToken)
   at Microsoft.EntityFrameworkCore.Storage.RelationalConnection.OpenInternalAsync(Boolean errorsExpected, CancellationToken cancellationToken)
   at Microsoft.EntityFrameworkCore.Storage.RelationalConnection.OpenInternalAsync(Boolean errorsExpected, CancellationToken cancellationToken)
   at Microsoft.EntityFrameworkCore.Storage.RelationalConnection.OpenAsync(CancellationToken cancellationToken, Boolean errorsExpected)
   at Microsoft.EntityFrameworkCore.Storage.RelationalCommand.ExecuteReaderAsync(RelationalCommandParameterObject parameterObject, CancellationToken cancellationToken)
   at Microsoft.EntityFrameworkCore.Query.Internal.SplitQueryingEnumerable`1.AsyncEnumerator.InitializeReaderAsync(AsyncEnumerator enumerator, CancellationToken cancellationToken)
   at Npgsql.EntityFrameworkCore.PostgreSQL.Storage.Internal.NpgsqlExecutionStrategy.ExecuteAsync[TState,TResult](TState state, Func`4 operation, Func`4 verifySucceeded, CancellationToken cancellationToken)
   --- End of inner exception stack trace ---
   at Npgsql.EntityFrameworkCore.PostgreSQL.Storage.Internal.NpgsqlExecutionStrategy.ExecuteAsync[TState,TResult](TState state, Func`4 operation, Func`4 verifySucceeded, CancellationToken cancellationToken)
   at Microsoft.EntityFrameworkCore.Query.Internal.SplitQueryingEnumerable`1.AsyncEnumerator.MoveNextAsync() System.InvalidOperationException: An exception has been raised that is likely due to a transient failure.
 ---> Npgsql.NpgsqlException (0x80004005): Failed to connect to 127.0.0.1:5432
 ---> System.Net.Sockets.SocketException (10061): No connection could be made because the target machine actively refused it.
   at System.Net.Sockets.Socket.AwaitableSocketAsyncEventArgs.ThrowException(SocketError error, CancellationToken cancellationToken)
   at System.Net.Sockets.Socket.AwaitableSocketAsyncEventArgs.System.Threading.Tasks.Sources.IValueTaskSource.GetResult(Int16 token)
   at Npgsql.Internal.NpgsqlConnector.ConnectAsync(NpgsqlTimeout timeout, CancellationToken cancellationToken)
   at Npgsql.Internal.NpgsqlConnector.ConnectAsync(NpgsqlTimeout timeout, CancellationToken cancellationToken)
   at Npgsql.Internal.NpgsqlConnector.RawOpen(NpgsqlTimeout timeout, Boolean async, CancellationToken cancellationToken)
   at Npgsql.Internal.NpgsqlConnector.<Open>g__OpenCore|209_0(NpgsqlConnector conn, String username, SslMode sslMode, GssEncryptionMode gssEncMode, NpgsqlTimeout timeout, Boolean async, CancellationToken cancellationToken)
   at Npgsql.Internal.NpgsqlConnector.Open(NpgsqlTimeout timeout, Boolean async, CancellationToken cancellationToken)
   at Npgsql.PoolingDataSource.OpenNewConnector(NpgsqlConnection conn, NpgsqlTimeout timeout, Boolean async, CancellationToken cancellationToken)
   at Npgsql.PoolingDataSource.<Get>g__RentAsync|33_0(NpgsqlConnection conn, NpgsqlTimeout timeout, Boolean async, CancellationToken cancellationToken)
   at Npgsql.NpgsqlConnection.<Open>g__OpenAsync|42_0(Boolean async, CancellationToken cancellationToken)
   at Microsoft.EntityFrameworkCore.Storage.RelationalConnection.OpenInternalAsync(Boolean errorsExpected, CancellationToken cancellationToken)
   at Microsoft.EntityFrameworkCore.Storage.RelationalConnection.OpenInternalAsync(Boolean errorsExpected, CancellationToken cancellationToken)
   at Microsoft.EntityFrameworkCore.Storage.RelationalConnection.OpenAsync(CancellationToken cancellationToken, Boolean errorsExpected)
   at Microsoft.EntityFrameworkCore.Storage.RelationalCommand.ExecuteReaderAsync(RelationalCommandParameterObject parameterObject, CancellationToken cancellationToken)
   at Microsoft.EntityFrameworkCore.Query.Internal.SplitQueryingEnumerable`1.AsyncEnumerator.InitializeReaderAsync(AsyncEnumerator enumerator, CancellationToken cancellationToken)
   at Npgsql.EntityFrameworkCore.PostgreSQL.Storage.Internal.NpgsqlExecutionStrategy.ExecuteAsync[TState,TResult](TState state, Func`4 operation, Func`4 verifySucceeded, CancellationToken cancellationToken)
   --- End of inner exception stack trace ---
   at Npgsql.EntityFrameworkCore.PostgreSQL.Storage.Internal.NpgsqlExecutionStrategy.ExecuteAsync[TState,TResult](TState state, Func`4 operation, Func`4 verifySucceeded, CancellationToken cancellationToken)
   at Microsoft.EntityFrameworkCore.Query.Internal.SplitQueryingEnumerable`1.AsyncEnumerator.MoveNextAsync()
2026-05-20 14:20:55.6986 [ERROR] Microsoft.EntityFrameworkCore.Database.Connection - An error occurred using the connection to database 'taphoa2_db' on server 'tcp://localhost:5432'. 
2026-05-20 14:20:55.6986 [ERROR] Microsoft.EntityFrameworkCore.Query - An exception occurred while iterating over the results of a query for context type 'TapHoa.Persistence.Data.AppDbContext'.
System.InvalidOperationException: An exception has been raised that is likely due to a transient failure.
 ---> Npgsql.NpgsqlException (0x80004005): Failed to connect to 127.0.0.1:5432
 ---> System.Net.Sockets.SocketException (10061): No connection could be made because the target machine actively refused it.
   at System.Net.Sockets.Socket.AwaitableSocketAsyncEventArgs.ThrowException(SocketError error, CancellationToken cancellationToken)
   at System.Net.Sockets.Socket.AwaitableSocketAsyncEventArgs.System.Threading.Tasks.Sources.IValueTaskSource.GetResult(Int16 token)
   at Npgsql.Internal.NpgsqlConnector.ConnectAsync(NpgsqlTimeout timeout, CancellationToken cancellationToken)
   at Npgsql.Internal.NpgsqlConnector.ConnectAsync(NpgsqlTimeout timeout, CancellationToken cancellationToken)
   at Npgsql.Internal.NpgsqlConnector.RawOpen(NpgsqlTimeout timeout, Boolean async, CancellationToken cancellationToken)
   at Npgsql.Internal.NpgsqlConnector.<Open>g__OpenCore|209_0(NpgsqlConnector conn, String username, SslMode sslMode, GssEncryptionMode gssEncMode, NpgsqlTimeout timeout, Boolean async, CancellationToken cancellationToken)
   at Npgsql.Internal.NpgsqlConnector.Open(NpgsqlTimeout timeout, Boolean async, CancellationToken cancellationToken)
   at Npgsql.PoolingDataSource.OpenNewConnector(NpgsqlConnection conn, NpgsqlTimeout timeout, Boolean async, CancellationToken cancellationToken)
   at Npgsql.PoolingDataSource.<Get>g__RentAsync|33_0(NpgsqlConnection conn, NpgsqlTimeout timeout, Boolean async, CancellationToken cancellationToken)
   at Npgsql.NpgsqlConnection.<Open>g__OpenAsync|42_0(Boolean async, CancellationToken cancellationToken)
   at Microsoft.EntityFrameworkCore.Storage.RelationalConnection.OpenInternalAsync(Boolean errorsExpected, CancellationToken cancellationToken)
   at Microsoft.EntityFrameworkCore.Storage.RelationalConnection.OpenInternalAsync(Boolean errorsExpected, CancellationToken cancellationToken)
   at Microsoft.EntityFrameworkCore.Storage.RelationalConnection.OpenAsync(CancellationToken cancellationToken, Boolean errorsExpected)
   at Microsoft.EntityFrameworkCore.Storage.RelationalCommand.ExecuteReaderAsync(RelationalCommandParameterObject parameterObject, CancellationToken cancellationToken)
   at Microsoft.EntityFrameworkCore.Query.Internal.SplitQueryingEnumerable`1.AsyncEnumerator.InitializeReaderAsync(AsyncEnumerator enumerator, CancellationToken cancellationToken)
   at Npgsql.EntityFrameworkCore.PostgreSQL.Storage.Internal.NpgsqlExecutionStrategy.ExecuteAsync[TState,TResult](TState state, Func`4 operation, Func`4 verifySucceeded, CancellationToken cancellationToken)
   --- End of inner exception stack trace ---
   at Npgsql.EntityFrameworkCore.PostgreSQL.Storage.Internal.NpgsqlExecutionStrategy.ExecuteAsync[TState,TResult](TState state, Func`4 operation, Func`4 verifySucceeded, CancellationToken cancellationToken)
   at Microsoft.EntityFrameworkCore.Query.Internal.SplitQueryingEnumerable`1.AsyncEnumerator.MoveNextAsync() System.InvalidOperationException: An exception has been raised that is likely due to a transient failure.
 ---> Npgsql.NpgsqlException (0x80004005): Failed to connect to 127.0.0.1:5432
 ---> System.Net.Sockets.SocketException (10061): No connection could be made because the target machine actively refused it.
   at System.Net.Sockets.Socket.AwaitableSocketAsyncEventArgs.ThrowException(SocketError error, CancellationToken cancellationToken)
   at System.Net.Sockets.Socket.AwaitableSocketAsyncEventArgs.System.Threading.Tasks.Sources.IValueTaskSource.GetResult(Int16 token)
   at Npgsql.Internal.NpgsqlConnector.ConnectAsync(NpgsqlTimeout timeout, CancellationToken cancellationToken)
   at Npgsql.Internal.NpgsqlConnector.ConnectAsync(NpgsqlTimeout timeout, CancellationToken cancellationToken)
   at Npgsql.Internal.NpgsqlConnector.RawOpen(NpgsqlTimeout timeout, Boolean async, CancellationToken cancellationToken)
   at Npgsql.Internal.NpgsqlConnector.<Open>g__OpenCore|209_0(NpgsqlConnector conn, String username, SslMode sslMode, GssEncryptionMode gssEncMode, NpgsqlTimeout timeout, Boolean async, CancellationToken cancellationToken)
   at Npgsql.Internal.NpgsqlConnector.Open(NpgsqlTimeout timeout, Boolean async, CancellationToken cancellationToken)
   at Npgsql.PoolingDataSource.OpenNewConnector(NpgsqlConnection conn, NpgsqlTimeout timeout, Boolean async, CancellationToken cancellationToken)
   at Npgsql.PoolingDataSource.<Get>g__RentAsync|33_0(NpgsqlConnection conn, NpgsqlTimeout timeout, Boolean async, CancellationToken cancellationToken)
   at Npgsql.NpgsqlConnection.<Open>g__OpenAsync|42_0(Boolean async, CancellationToken cancellationToken)
   at Microsoft.EntityFrameworkCore.Storage.RelationalConnection.OpenInternalAsync(Boolean errorsExpected, CancellationToken cancellationToken)
   at Microsoft.EntityFrameworkCore.Storage.RelationalConnection.OpenInternalAsync(Boolean errorsExpected, CancellationToken cancellationToken)
   at Microsoft.EntityFrameworkCore.Storage.RelationalConnection.OpenAsync(CancellationToken cancellationToken, Boolean errorsExpected)
   at Microsoft.EntityFrameworkCore.Storage.RelationalCommand.ExecuteReaderAsync(RelationalCommandParameterObject parameterObject, CancellationToken cancellationToken)
   at Microsoft.EntityFrameworkCore.Query.Internal.SplitQueryingEnumerable`1.AsyncEnumerator.InitializeReaderAsync(AsyncEnumerator enumerator, CancellationToken cancellationToken)
   at Npgsql.EntityFrameworkCore.PostgreSQL.Storage.Internal.NpgsqlExecutionStrategy.ExecuteAsync[TState,TResult](TState state, Func`4 operation, Func`4 verifySucceeded, CancellationToken cancellationToken)
   --- End of inner exception stack trace ---
   at Npgsql.EntityFrameworkCore.PostgreSQL.Storage.Internal.NpgsqlExecutionStrategy.ExecuteAsync[TState,TResult](TState state, Func`4 operation, Func`4 verifySucceeded, CancellationToken cancellationToken)
   at Microsoft.EntityFrameworkCore.Query.Internal.SplitQueryingEnumerable`1.AsyncEnumerator.MoveNextAsync()
2026-05-20 14:21:00.7774 [ERROR] Microsoft.EntityFrameworkCore.Database.Connection - An error occurred using the connection to database 'taphoa2_db' on server 'tcp://localhost:5432'. 
2026-05-20 14:21:00.7774 [ERROR] Microsoft.EntityFrameworkCore.Query - An exception occurred while iterating over the results of a query for context type 'TapHoa.Persistence.Data.AppDbContext'.
System.InvalidOperationException: An exception has been raised that is likely due to a transient failure.
 ---> Npgsql.NpgsqlException (0x80004005): Failed to connect to 127.0.0.1:5432
 ---> System.Net.Sockets.SocketException (10061): No connection could be made because the target machine actively refused it.
   at System.Net.Sockets.Socket.AwaitableSocketAsyncEventArgs.ThrowException(SocketError error, CancellationToken cancellationToken)
   at System.Net.Sockets.Socket.AwaitableSocketAsyncEventArgs.System.Threading.Tasks.Sources.IValueTaskSource.GetResult(Int16 token)
   at Npgsql.Internal.NpgsqlConnector.ConnectAsync(NpgsqlTimeout timeout, CancellationToken cancellationToken)
   at Npgsql.Internal.NpgsqlConnector.ConnectAsync(NpgsqlTimeout timeout, CancellationToken cancellationToken)
   at Npgsql.Internal.NpgsqlConnector.RawOpen(NpgsqlTimeout timeout, Boolean async, CancellationToken cancellationToken)
   at Npgsql.Internal.NpgsqlConnector.<Open>g__OpenCore|209_0(NpgsqlConnector conn, String username, SslMode sslMode, GssEncryptionMode gssEncMode, NpgsqlTimeout timeout, Boolean async, CancellationToken cancellationToken)
   at Npgsql.Internal.NpgsqlConnector.Open(NpgsqlTimeout timeout, Boolean async, CancellationToken cancellationToken)
   at Npgsql.PoolingDataSource.OpenNewConnector(NpgsqlConnection conn, NpgsqlTimeout timeout, Boolean async, CancellationToken cancellationToken)
   at Npgsql.PoolingDataSource.<Get>g__RentAsync|33_0(NpgsqlConnection conn, NpgsqlTimeout timeout, Boolean async, CancellationToken cancellationToken)
   at Npgsql.NpgsqlConnection.<Open>g__OpenAsync|42_0(Boolean async, CancellationToken cancellationToken)
   at Microsoft.EntityFrameworkCore.Storage.RelationalConnection.OpenInternalAsync(Boolean errorsExpected, CancellationToken cancellationToken)
   at Microsoft.EntityFrameworkCore.Storage.RelationalConnection.OpenInternalAsync(Boolean errorsExpected, CancellationToken cancellationToken)
   at Microsoft.EntityFrameworkCore.Storage.RelationalConnection.OpenAsync(CancellationToken cancellationToken, Boolean errorsExpected)
   at Microsoft.EntityFrameworkCore.Storage.RelationalCommand.ExecuteReaderAsync(RelationalCommandParameterObject parameterObject, CancellationToken cancellationToken)
   at Microsoft.EntityFrameworkCore.Query.Internal.SplitQueryingEnumerable`1.AsyncEnumerator.InitializeReaderAsync(AsyncEnumerator enumerator, CancellationToken cancellationToken)
   at Npgsql.EntityFrameworkCore.PostgreSQL.Storage.Internal.NpgsqlExecutionStrategy.ExecuteAsync[TState,TResult](TState state, Func`4 operation, Func`4 verifySucceeded, CancellationToken cancellationToken)
   --- End of inner exception stack trace ---
   at Npgsql.EntityFrameworkCore.PostgreSQL.Storage.Internal.NpgsqlExecutionStrategy.ExecuteAsync[TState,TResult](TState state, Func`4 operation, Func`4 verifySucceeded, CancellationToken cancellationToken)
   at Microsoft.EntityFrameworkCore.Query.Internal.SplitQueryingEnumerable`1.AsyncEnumerator.MoveNextAsync() System.InvalidOperationException: An exception has been raised that is likely due to a transient failure.
 ---> Npgsql.NpgsqlException (0x80004005): Failed to connect to 127.0.0.1:5432
 ---> System.Net.Sockets.SocketException (10061): No connection could be made because the target machine actively refused it.
   at System.Net.Sockets.Socket.AwaitableSocketAsyncEventArgs.ThrowException(SocketError error, CancellationToken cancellationToken)
   at System.Net.Sockets.Socket.AwaitableSocketAsyncEventArgs.System.Threading.Tasks.Sources.IValueTaskSource.GetResult(Int16 token)
   at Npgsql.Internal.NpgsqlConnector.ConnectAsync(NpgsqlTimeout timeout, CancellationToken cancellationToken)
   at Npgsql.Internal.NpgsqlConnector.ConnectAsync(NpgsqlTimeout timeout, CancellationToken cancellationToken)
   at Npgsql.Internal.NpgsqlConnector.RawOpen(NpgsqlTimeout timeout, Boolean async, CancellationToken cancellationToken)
   at Npgsql.Internal.NpgsqlConnector.<Open>g__OpenCore|209_0(NpgsqlConnector conn, String username, SslMode sslMode, GssEncryptionMode gssEncMode, NpgsqlTimeout timeout, Boolean async, CancellationToken cancellationToken)
   at Npgsql.Internal.NpgsqlConnector.Open(NpgsqlTimeout timeout, Boolean async, CancellationToken cancellationToken)
   at Npgsql.PoolingDataSource.OpenNewConnector(NpgsqlConnection conn, NpgsqlTimeout timeout, Boolean async, CancellationToken cancellationToken)
   at Npgsql.PoolingDataSource.<Get>g__RentAsync|33_0(NpgsqlConnection conn, NpgsqlTimeout timeout, Boolean async, CancellationToken cancellationToken)
   at Npgsql.NpgsqlConnection.<Open>g__OpenAsync|42_0(Boolean async, CancellationToken cancellationToken)
   at Microsoft.EntityFrameworkCore.Storage.RelationalConnection.OpenInternalAsync(Boolean errorsExpected, CancellationToken cancellationToken)
   at Microsoft.EntityFrameworkCore.Storage.RelationalConnection.OpenInternalAsync(Boolean errorsExpected, CancellationToken cancellationToken)
   at Microsoft.EntityFrameworkCore.Storage.RelationalConnection.OpenAsync(CancellationToken cancellationToken, Boolean errorsExpected)
   at Microsoft.EntityFrameworkCore.Storage.RelationalCommand.ExecuteReaderAsync(RelationalCommandParameterObject parameterObject, CancellationToken cancellationToken)
   at Microsoft.EntityFrameworkCore.Query.Internal.SplitQueryingEnumerable`1.AsyncEnumerator.InitializeReaderAsync(AsyncEnumerator enumerator, CancellationToken cancellationToken)
   at Npgsql.EntityFrameworkCore.PostgreSQL.Storage.Internal.NpgsqlExecutionStrategy.ExecuteAsync[TState,TResult](TState state, Func`4 operation, Func`4 verifySucceeded, CancellationToken cancellationToken)
   --- End of inner exception stack trace ---
   at Npgsql.EntityFrameworkCore.PostgreSQL.Storage.Internal.NpgsqlExecutionStrategy.ExecuteAsync[TState,TResult](TState state, Func`4 operation, Func`4 verifySucceeded, CancellationToken cancellationToken)
   at Microsoft.EntityFrameworkCore.Query.Internal.SplitQueryingEnumerable`1.AsyncEnumerator.MoveNextAsync()
2026-05-20 14:21:12.5244 [ERROR] Microsoft.EntityFrameworkCore.Database.Connection - An error occurred using the connection to database 'taphoa2_db' on server 'tcp://localhost:5432'. 
2026-05-20 14:21:12.5244 [ERROR] Microsoft.EntityFrameworkCore.Query - An exception occurred while iterating over the results of a query for context type 'TapHoa.Persistence.Data.AppDbContext'.
System.InvalidOperationException: An exception has been raised that is likely due to a transient failure.
 ---> Npgsql.NpgsqlException (0x80004005): Failed to connect to 127.0.0.1:5432
 ---> System.Net.Sockets.SocketException (10061): No connection could be made because the target machine actively refused it.
   at System.Net.Sockets.Socket.AwaitableSocketAsyncEventArgs.ThrowException(SocketError error, CancellationToken cancellationToken)
   at System.Net.Sockets.Socket.AwaitableSocketAsyncEventArgs.System.Threading.Tasks.Sources.IValueTaskSource.GetResult(Int16 token)
   at Npgsql.Internal.NpgsqlConnector.ConnectAsync(NpgsqlTimeout timeout, CancellationToken cancellationToken)
   at Npgsql.Internal.NpgsqlConnector.ConnectAsync(NpgsqlTimeout timeout, CancellationToken cancellationToken)
   at Npgsql.Internal.NpgsqlConnector.RawOpen(NpgsqlTimeout timeout, Boolean async, CancellationToken cancellationToken)
   at Npgsql.Internal.NpgsqlConnector.<Open>g__OpenCore|209_0(NpgsqlConnector conn, String username, SslMode sslMode, GssEncryptionMode gssEncMode, NpgsqlTimeout timeout, Boolean async, CancellationToken cancellationToken)
   at Npgsql.Internal.NpgsqlConnector.Open(NpgsqlTimeout timeout, Boolean async, CancellationToken cancellationToken)
   at Npgsql.PoolingDataSource.OpenNewConnector(NpgsqlConnection conn, NpgsqlTimeout timeout, Boolean async, CancellationToken cancellationToken)
   at Npgsql.PoolingDataSource.<Get>g__RentAsync|33_0(NpgsqlConnection conn, NpgsqlTimeout timeout, Boolean async, CancellationToken cancellationToken)
   at Npgsql.NpgsqlConnection.<Open>g__OpenAsync|42_0(Boolean async, CancellationToken cancellationToken)
   at Microsoft.EntityFrameworkCore.Storage.RelationalConnection.OpenInternalAsync(Boolean errorsExpected, CancellationToken cancellationToken)
   at Microsoft.EntityFrameworkCore.Storage.RelationalConnection.OpenInternalAsync(Boolean errorsExpected, CancellationToken cancellationToken)
   at Microsoft.EntityFrameworkCore.Storage.RelationalConnection.OpenAsync(CancellationToken cancellationToken, Boolean errorsExpected)
   at Microsoft.EntityFrameworkCore.Storage.RelationalCommand.ExecuteReaderAsync(RelationalCommandParameterObject parameterObject, CancellationToken cancellationToken)
   at Microsoft.EntityFrameworkCore.Query.Internal.SplitQueryingEnumerable`1.AsyncEnumerator.InitializeReaderAsync(AsyncEnumerator enumerator, CancellationToken cancellationToken)
   at Npgsql.EntityFrameworkCore.PostgreSQL.Storage.Internal.NpgsqlExecutionStrategy.ExecuteAsync[TState,TResult](TState state, Func`4 operation, Func`4 verifySucceeded, CancellationToken cancellationToken)
   --- End of inner exception stack trace ---
   at Npgsql.EntityFrameworkCore.PostgreSQL.Storage.Internal.NpgsqlExecutionStrategy.ExecuteAsync[TState,TResult](TState state, Func`4 operation, Func`4 verifySucceeded, CancellationToken cancellationToken)
   at Microsoft.EntityFrameworkCore.Query.Internal.SplitQueryingEnumerable`1.AsyncEnumerator.MoveNextAsync() System.InvalidOperationException: An exception has been raised that is likely due to a transient failure.
 ---> Npgsql.NpgsqlException (0x80004005): Failed to connect to 127.0.0.1:5432
 ---> System.Net.Sockets.SocketException (10061): No connection could be made because the target machine actively refused it.
   at System.Net.Sockets.Socket.AwaitableSocketAsyncEventArgs.ThrowException(SocketError error, CancellationToken cancellationToken)
   at System.Net.Sockets.Socket.AwaitableSocketAsyncEventArgs.System.Threading.Tasks.Sources.IValueTaskSource.GetResult(Int16 token)
   at Npgsql.Internal.NpgsqlConnector.ConnectAsync(NpgsqlTimeout timeout, CancellationToken cancellationToken)
   at Npgsql.Internal.NpgsqlConnector.ConnectAsync(NpgsqlTimeout timeout, CancellationToken cancellationToken)
   at Npgsql.Internal.NpgsqlConnector.RawOpen(NpgsqlTimeout timeout, Boolean async, CancellationToken cancellationToken)
   at Npgsql.Internal.NpgsqlConnector.<Open>g__OpenCore|209_0(NpgsqlConnector conn, String username, SslMode sslMode, GssEncryptionMode gssEncMode, NpgsqlTimeout timeout, Boolean async, CancellationToken cancellationToken)
   at Npgsql.Internal.NpgsqlConnector.Open(NpgsqlTimeout timeout, Boolean async, CancellationToken cancellationToken)
   at Npgsql.PoolingDataSource.OpenNewConnector(NpgsqlConnection conn, NpgsqlTimeout timeout, Boolean async, CancellationToken cancellationToken)
   at Npgsql.PoolingDataSource.<Get>g__RentAsync|33_0(NpgsqlConnection conn, NpgsqlTimeout timeout, Boolean async, CancellationToken cancellationToken)
   at Npgsql.NpgsqlConnection.<Open>g__OpenAsync|42_0(Boolean async, CancellationToken cancellationToken)
   at Microsoft.EntityFrameworkCore.Storage.RelationalConnection.OpenInternalAsync(Boolean errorsExpected, CancellationToken cancellationToken)
   at Microsoft.EntityFrameworkCore.Storage.RelationalConnection.OpenInternalAsync(Boolean errorsExpected, CancellationToken cancellationToken)
   at Microsoft.EntityFrameworkCore.Storage.RelationalConnection.OpenAsync(CancellationToken cancellationToken, Boolean errorsExpected)
   at Microsoft.EntityFrameworkCore.Storage.RelationalCommand.ExecuteReaderAsync(RelationalCommandParameterObject parameterObject, CancellationToken cancellationToken)
   at Microsoft.EntityFrameworkCore.Query.Internal.SplitQueryingEnumerable`1.AsyncEnumerator.InitializeReaderAsync(AsyncEnumerator enumerator, CancellationToken cancellationToken)
   at Npgsql.EntityFrameworkCore.PostgreSQL.Storage.Internal.NpgsqlExecutionStrategy.ExecuteAsync[TState,TResult](TState state, Func`4 operation, Func`4 verifySucceeded, CancellationToken cancellationToken)
   --- End of inner exception stack trace ---
   at Npgsql.EntityFrameworkCore.PostgreSQL.Storage.Internal.NpgsqlExecutionStrategy.ExecuteAsync[TState,TResult](TState state, Func`4 operation, Func`4 verifySucceeded, CancellationToken cancellationToken)
   at Microsoft.EntityFrameworkCore.Query.Internal.SplitQueryingEnumerable`1.AsyncEnumerator.MoveNextAsync()
2026-05-20 14:21:39.6188 [INFO] TapHoa.Api.Program - Starting TapHoa API 
2026-05-20 14:21:44.6939 [WARN] LuckyPennySoftware.MediatR.License - You do not have a valid license key for the Lucky Penny software MediatR. This is allowed for development and testing scenarios. If you are running in production you are required to have a licensed version. Please visit https://luckypennysoftware.com to obtain a valid license. 
2026-05-20 14:21:49.7908 [ERROR] Microsoft.EntityFrameworkCore.Database.Connection - An error occurred using the connection to database 'taphoa2_db' on server 'tcp://localhost:5432'. 
2026-05-20 14:21:49.8168 [ERROR] Microsoft.EntityFrameworkCore.Query - An exception occurred while iterating over the results of a query for context type 'TapHoa.Persistence.Data.AppDbContext'.
System.InvalidOperationException: An exception has been raised that is likely due to a transient failure.
 ---> Npgsql.NpgsqlException (0x80004005): Failed to connect to 127.0.0.1:5432
 ---> System.Net.Sockets.SocketException (10061): No connection could be made because the target machine actively refused it.
   at System.Net.Sockets.Socket.AwaitableSocketAsyncEventArgs.ThrowException(SocketError error, CancellationToken cancellationToken)
   at System.Net.Sockets.Socket.AwaitableSocketAsyncEventArgs.System.Threading.Tasks.Sources.IValueTaskSource.GetResult(Int16 token)
   at Npgsql.Internal.NpgsqlConnector.ConnectAsync(NpgsqlTimeout timeout, CancellationToken cancellationToken)
   at Npgsql.Internal.NpgsqlConnector.ConnectAsync(NpgsqlTimeout timeout, CancellationToken cancellationToken)
   at Npgsql.Internal.NpgsqlConnector.RawOpen(NpgsqlTimeout timeout, Boolean async, CancellationToken cancellationToken)
   at Npgsql.Internal.NpgsqlConnector.<Open>g__OpenCore|209_0(NpgsqlConnector conn, String username, SslMode sslMode, GssEncryptionMode gssEncMode, NpgsqlTimeout timeout, Boolean async, CancellationToken cancellationToken)
   at Npgsql.Internal.NpgsqlConnector.Open(NpgsqlTimeout timeout, Boolean async, CancellationToken cancellationToken)
   at Npgsql.PoolingDataSource.OpenNewConnector(NpgsqlConnection conn, NpgsqlTimeout timeout, Boolean async, CancellationToken cancellationToken)
   at Npgsql.PoolingDataSource.<Get>g__RentAsync|33_0(NpgsqlConnection conn, NpgsqlTimeout timeout, Boolean async, CancellationToken cancellationToken)
   at Npgsql.NpgsqlConnection.<Open>g__OpenAsync|42_0(Boolean async, CancellationToken cancellationToken)
   at Microsoft.EntityFrameworkCore.Storage.RelationalConnection.OpenInternalAsync(Boolean errorsExpected, CancellationToken cancellationToken)
   at Microsoft.EntityFrameworkCore.Storage.RelationalConnection.OpenInternalAsync(Boolean errorsExpected, CancellationToken cancellationToken)
   at Microsoft.EntityFrameworkCore.Storage.RelationalConnection.OpenAsync(CancellationToken cancellationToken, Boolean errorsExpected)
   at Microsoft.EntityFrameworkCore.Storage.RelationalCommand.ExecuteReaderAsync(RelationalCommandParameterObject parameterObject, CancellationToken cancellationToken)
   at Microsoft.EntityFrameworkCore.Query.Internal.SplitQueryingEnumerable`1.AsyncEnumerator.InitializeReaderAsync(AsyncEnumerator enumerator, CancellationToken cancellationToken)
   at Npgsql.EntityFrameworkCore.PostgreSQL.Storage.Internal.NpgsqlExecutionStrategy.ExecuteAsync[TState,TResult](TState state, Func`4 operation, Func`4 verifySucceeded, CancellationToken cancellationToken)
   --- End of inner exception stack trace ---
   at Npgsql.EntityFrameworkCore.PostgreSQL.Storage.Internal.NpgsqlExecutionStrategy.ExecuteAsync[TState,TResult](TState state, Func`4 operation, Func`4 verifySucceeded, CancellationToken cancellationToken)
   at Microsoft.EntityFrameworkCore.Query.Internal.SplitQueryingEnumerable`1.AsyncEnumerator.MoveNextAsync() System.InvalidOperationException: An exception has been raised that is likely due to a transient failure.
 ---> Npgsql.NpgsqlException (0x80004005): Failed to connect to 127.0.0.1:5432
 ---> System.Net.Sockets.SocketException (10061): No connection could be made because the target machine actively refused it.
   at System.Net.Sockets.Socket.AwaitableSocketAsyncEventArgs.ThrowException(SocketError error, CancellationToken cancellationToken)
   at System.Net.Sockets.Socket.AwaitableSocketAsyncEventArgs.System.Threading.Tasks.Sources.IValueTaskSource.GetResult(Int16 token)
   at Npgsql.Internal.NpgsqlConnector.ConnectAsync(NpgsqlTimeout timeout, CancellationToken cancellationToken)
   at Npgsql.Internal.NpgsqlConnector.ConnectAsync(NpgsqlTimeout timeout, CancellationToken cancellationToken)
   at Npgsql.Internal.NpgsqlConnector.RawOpen(NpgsqlTimeout timeout, Boolean async, CancellationToken cancellationToken)
   at Npgsql.Internal.NpgsqlConnector.<Open>g__OpenCore|209_0(NpgsqlConnector conn, String username, SslMode sslMode, GssEncryptionMode gssEncMode, NpgsqlTimeout timeout, Boolean async, CancellationToken cancellationToken)
   at Npgsql.Internal.NpgsqlConnector.Open(NpgsqlTimeout timeout, Boolean async, CancellationToken cancellationToken)
   at Npgsql.PoolingDataSource.OpenNewConnector(NpgsqlConnection conn, NpgsqlTimeout timeout, Boolean async, CancellationToken cancellationToken)
   at Npgsql.PoolingDataSource.<Get>g__RentAsync|33_0(NpgsqlConnection conn, NpgsqlTimeout timeout, Boolean async, CancellationToken cancellationToken)
   at Npgsql.NpgsqlConnection.<Open>g__OpenAsync|42_0(Boolean async, CancellationToken cancellationToken)
   at Microsoft.EntityFrameworkCore.Storage.RelationalConnection.OpenInternalAsync(Boolean errorsExpected, CancellationToken cancellationToken)
   at Microsoft.EntityFrameworkCore.Storage.RelationalConnection.OpenInternalAsync(Boolean errorsExpected, CancellationToken cancellationToken)
   at Microsoft.EntityFrameworkCore.Storage.RelationalConnection.OpenAsync(CancellationToken cancellationToken, Boolean errorsExpected)
   at Microsoft.EntityFrameworkCore.Storage.RelationalCommand.ExecuteReaderAsync(RelationalCommandParameterObject parameterObject, CancellationToken cancellationToken)
   at Microsoft.EntityFrameworkCore.Query.Internal.SplitQueryingEnumerable`1.AsyncEnumerator.InitializeReaderAsync(AsyncEnumerator enumerator, CancellationToken cancellationToken)
   at Npgsql.EntityFrameworkCore.PostgreSQL.Storage.Internal.NpgsqlExecutionStrategy.ExecuteAsync[TState,TResult](TState state, Func`4 operation, Func`4 verifySucceeded, CancellationToken cancellationToken)
   --- End of inner exception stack trace ---
   at Npgsql.EntityFrameworkCore.PostgreSQL.Storage.Internal.NpgsqlExecutionStrategy.ExecuteAsync[TState,TResult](TState state, Func`4 operation, Func`4 verifySucceeded, CancellationToken cancellationToken)
   at Microsoft.EntityFrameworkCore.Query.Internal.SplitQueryingEnumerable`1.AsyncEnumerator.MoveNextAsync()
2026-05-20 14:22:11.3007 [ERROR] Microsoft.EntityFrameworkCore.Database.Connection - An error occurred using the connection to database 'taphoa2_db' on server 'tcp://localhost:5432'. 
2026-05-20 14:22:11.3007 [ERROR] Microsoft.EntityFrameworkCore.Query - An exception occurred while iterating over the results of a query for context type 'TapHoa.Persistence.Data.AppDbContext'.
System.InvalidOperationException: An exception has been raised that is likely due to a transient failure.
 ---> Npgsql.NpgsqlException (0x80004005): Failed to connect to 127.0.0.1:5432
 ---> System.Net.Sockets.SocketException (10061): No connection could be made because the target machine actively refused it.
   at System.Net.Sockets.Socket.AwaitableSocketAsyncEventArgs.ThrowException(SocketError error, CancellationToken cancellationToken)
   at System.Net.Sockets.Socket.AwaitableSocketAsyncEventArgs.System.Threading.Tasks.Sources.IValueTaskSource.GetResult(Int16 token)
   at Npgsql.Internal.NpgsqlConnector.ConnectAsync(NpgsqlTimeout timeout, CancellationToken cancellationToken)
   at Npgsql.Internal.NpgsqlConnector.ConnectAsync(NpgsqlTimeout timeout, CancellationToken cancellationToken)
   at Npgsql.Internal.NpgsqlConnector.RawOpen(NpgsqlTimeout timeout, Boolean async, CancellationToken cancellationToken)
   at Npgsql.Internal.NpgsqlConnector.<Open>g__OpenCore|209_0(NpgsqlConnector conn, String username, SslMode sslMode, GssEncryptionMode gssEncMode, NpgsqlTimeout timeout, Boolean async, CancellationToken cancellationToken)
   at Npgsql.Internal.NpgsqlConnector.Open(NpgsqlTimeout timeout, Boolean async, CancellationToken cancellationToken)
   at Npgsql.PoolingDataSource.OpenNewConnector(NpgsqlConnection conn, NpgsqlTimeout timeout, Boolean async, CancellationToken cancellationToken)
   at Npgsql.PoolingDataSource.<Get>g__RentAsync|33_0(NpgsqlConnection conn, NpgsqlTimeout timeout, Boolean async, CancellationToken cancellationToken)
   at Npgsql.NpgsqlConnection.<Open>g__OpenAsync|42_0(Boolean async, CancellationToken cancellationToken)
   at Microsoft.EntityFrameworkCore.Storage.RelationalConnection.OpenInternalAsync(Boolean errorsExpected, CancellationToken cancellationToken)
   at Microsoft.EntityFrameworkCore.Storage.RelationalConnection.OpenInternalAsync(Boolean errorsExpected, CancellationToken cancellationToken)
   at Microsoft.EntityFrameworkCore.Storage.RelationalConnection.OpenAsync(CancellationToken cancellationToken, Boolean errorsExpected)
   at Microsoft.EntityFrameworkCore.Storage.RelationalCommand.ExecuteReaderAsync(RelationalCommandParameterObject parameterObject, CancellationToken cancellationToken)
   at Microsoft.EntityFrameworkCore.Query.Internal.SplitQueryingEnumerable`1.AsyncEnumerator.InitializeReaderAsync(AsyncEnumerator enumerator, CancellationToken cancellationToken)
   at Npgsql.EntityFrameworkCore.PostgreSQL.Storage.Internal.NpgsqlExecutionStrategy.ExecuteAsync[TState,TResult](TState state, Func`4 operation, Func`4 verifySucceeded, CancellationToken cancellationToken)
   --- End of inner exception stack trace ---
   at Npgsql.EntityFrameworkCore.PostgreSQL.Storage.Internal.NpgsqlExecutionStrategy.ExecuteAsync[TState,TResult](TState state, Func`4 operation, Func`4 verifySucceeded, CancellationToken cancellationToken)
   at Microsoft.EntityFrameworkCore.Query.Internal.SplitQueryingEnumerable`1.AsyncEnumerator.MoveNextAsync() System.InvalidOperationException: An exception has been raised that is likely due to a transient failure.
 ---> Npgsql.NpgsqlException (0x80004005): Failed to connect to 127.0.0.1:5432
 ---> System.Net.Sockets.SocketException (10061): No connection could be made because the target machine actively refused it.
   at System.Net.Sockets.Socket.AwaitableSocketAsyncEventArgs.ThrowException(SocketError error, CancellationToken cancellationToken)
   at System.Net.Sockets.Socket.AwaitableSocketAsyncEventArgs.System.Threading.Tasks.Sources.IValueTaskSource.GetResult(Int16 token)
   at Npgsql.Internal.NpgsqlConnector.ConnectAsync(NpgsqlTimeout timeout, CancellationToken cancellationToken)
   at Npgsql.Internal.NpgsqlConnector.ConnectAsync(NpgsqlTimeout timeout, CancellationToken cancellationToken)
   at Npgsql.Internal.NpgsqlConnector.RawOpen(NpgsqlTimeout timeout, Boolean async, CancellationToken cancellationToken)
   at Npgsql.Internal.NpgsqlConnector.<Open>g__OpenCore|209_0(NpgsqlConnector conn, String username, SslMode sslMode, GssEncryptionMode gssEncMode, NpgsqlTimeout timeout, Boolean async, CancellationToken cancellationToken)
   at Npgsql.Internal.NpgsqlConnector.Open(NpgsqlTimeout timeout, Boolean async, CancellationToken cancellationToken)
   at Npgsql.PoolingDataSource.OpenNewConnector(NpgsqlConnection conn, NpgsqlTimeout timeout, Boolean async, CancellationToken cancellationToken)
   at Npgsql.PoolingDataSource.<Get>g__RentAsync|33_0(NpgsqlConnection conn, NpgsqlTimeout timeout, Boolean async, CancellationToken cancellationToken)
   at Npgsql.NpgsqlConnection.<Open>g__OpenAsync|42_0(Boolean async, CancellationToken cancellationToken)
   at Microsoft.EntityFrameworkCore.Storage.RelationalConnection.OpenInternalAsync(Boolean errorsExpected, CancellationToken cancellationToken)
   at Microsoft.EntityFrameworkCore.Storage.RelationalConnection.OpenInternalAsync(Boolean errorsExpected, CancellationToken cancellationToken)
   at Microsoft.EntityFrameworkCore.Storage.RelationalConnection.OpenAsync(CancellationToken cancellationToken, Boolean errorsExpected)
   at Microsoft.EntityFrameworkCore.Storage.RelationalCommand.ExecuteReaderAsync(RelationalCommandParameterObject parameterObject, CancellationToken cancellationToken)
   at Microsoft.EntityFrameworkCore.Query.Internal.SplitQueryingEnumerable`1.AsyncEnumerator.InitializeReaderAsync(AsyncEnumerator enumerator, CancellationToken cancellationToken)
   at Npgsql.EntityFrameworkCore.PostgreSQL.Storage.Internal.NpgsqlExecutionStrategy.ExecuteAsync[TState,TResult](TState state, Func`4 operation, Func`4 verifySucceeded, CancellationToken cancellationToken)
   --- End of inner exception stack trace ---
   at Npgsql.EntityFrameworkCore.PostgreSQL.Storage.Internal.NpgsqlExecutionStrategy.ExecuteAsync[TState,TResult](TState state, Func`4 operation, Func`4 verifySucceeded, CancellationToken cancellationToken)
   at Microsoft.EntityFrameworkCore.Query.Internal.SplitQueryingEnumerable`1.AsyncEnumerator.MoveNextAsync()
2026-05-20 14:22:16.2802 [ERROR] Microsoft.EntityFrameworkCore.Database.Connection - An error occurred using the connection to database 'taphoa2_db' on server 'tcp://localhost:5432'. 
2026-05-20 14:22:16.2897 [ERROR] Microsoft.EntityFrameworkCore.Query - An exception occurred while iterating over the results of a query for context type 'TapHoa.Persistence.Data.AppDbContext'.
System.InvalidOperationException: An exception has been raised that is likely due to a transient failure.
 ---> Npgsql.NpgsqlException (0x80004005): Failed to connect to 127.0.0.1:5432
 ---> System.Net.Sockets.SocketException (10061): No connection could be made because the target machine actively refused it.
   at System.Net.Sockets.Socket.AwaitableSocketAsyncEventArgs.ThrowException(SocketError error, CancellationToken cancellationToken)
   at System.Net.Sockets.Socket.AwaitableSocketAsyncEventArgs.System.Threading.Tasks.Sources.IValueTaskSource.GetResult(Int16 token)
   at Npgsql.Internal.NpgsqlConnector.ConnectAsync(NpgsqlTimeout timeout, CancellationToken cancellationToken)
   at Npgsql.Internal.NpgsqlConnector.ConnectAsync(NpgsqlTimeout timeout, CancellationToken cancellationToken)
   at Npgsql.Internal.NpgsqlConnector.RawOpen(NpgsqlTimeout timeout, Boolean async, CancellationToken cancellationToken)
   at Npgsql.Internal.NpgsqlConnector.<Open>g__OpenCore|209_0(NpgsqlConnector conn, String username, SslMode sslMode, GssEncryptionMode gssEncMode, NpgsqlTimeout timeout, Boolean async, CancellationToken cancellationToken)
   at Npgsql.Internal.NpgsqlConnector.Open(NpgsqlTimeout timeout, Boolean async, CancellationToken cancellationToken)
   at Npgsql.PoolingDataSource.OpenNewConnector(NpgsqlConnection conn, NpgsqlTimeout timeout, Boolean async, CancellationToken cancellationToken)
   at Npgsql.PoolingDataSource.<Get>g__RentAsync|33_0(NpgsqlConnection conn, NpgsqlTimeout timeout, Boolean async, CancellationToken cancellationToken)
   at Npgsql.NpgsqlConnection.<Open>g__OpenAsync|42_0(Boolean async, CancellationToken cancellationToken)
   at Microsoft.EntityFrameworkCore.Storage.RelationalConnection.OpenInternalAsync(Boolean errorsExpected, CancellationToken cancellationToken)
   at Microsoft.EntityFrameworkCore.Storage.RelationalConnection.OpenInternalAsync(Boolean errorsExpected, CancellationToken cancellationToken)
   at Microsoft.EntityFrameworkCore.Storage.RelationalConnection.OpenAsync(CancellationToken cancellationToken, Boolean errorsExpected)
   at Microsoft.EntityFrameworkCore.Storage.RelationalCommand.ExecuteReaderAsync(RelationalCommandParameterObject parameterObject, CancellationToken cancellationToken)
   at Microsoft.EntityFrameworkCore.Query.Internal.SplitQueryingEnumerable`1.AsyncEnumerator.InitializeReaderAsync(AsyncEnumerator enumerator, CancellationToken cancellationToken)
   at Npgsql.EntityFrameworkCore.PostgreSQL.Storage.Internal.NpgsqlExecutionStrategy.ExecuteAsync[TState,TResult](TState state, Func`4 operation, Func`4 verifySucceeded, CancellationToken cancellationToken)
   --- End of inner exception stack trace ---
   at Npgsql.EntityFrameworkCore.PostgreSQL.Storage.Internal.NpgsqlExecutionStrategy.ExecuteAsync[TState,TResult](TState state, Func`4 operation, Func`4 verifySucceeded, CancellationToken cancellationToken)
   at Microsoft.EntityFrameworkCore.Query.Internal.SplitQueryingEnumerable`1.AsyncEnumerator.MoveNextAsync() System.InvalidOperationException: An exception has been raised that is likely due to a transient failure.
 ---> Npgsql.NpgsqlException (0x80004005): Failed to connect to 127.0.0.1:5432
 ---> System.Net.Sockets.SocketException (10061): No connection could be made because the target machine actively refused it.
   at System.Net.Sockets.Socket.AwaitableSocketAsyncEventArgs.ThrowException(SocketError error, CancellationToken cancellationToken)
   at System.Net.Sockets.Socket.AwaitableSocketAsyncEventArgs.System.Threading.Tasks.Sources.IValueTaskSource.GetResult(Int16 token)
   at Npgsql.Internal.NpgsqlConnector.ConnectAsync(NpgsqlTimeout timeout, CancellationToken cancellationToken)
   at Npgsql.Internal.NpgsqlConnector.ConnectAsync(NpgsqlTimeout timeout, CancellationToken cancellationToken)
   at Npgsql.Internal.NpgsqlConnector.RawOpen(NpgsqlTimeout timeout, Boolean async, CancellationToken cancellationToken)
   at Npgsql.Internal.NpgsqlConnector.<Open>g__OpenCore|209_0(NpgsqlConnector conn, String username, SslMode sslMode, GssEncryptionMode gssEncMode, NpgsqlTimeout timeout, Boolean async, CancellationToken cancellationToken)
   at Npgsql.Internal.NpgsqlConnector.Open(NpgsqlTimeout timeout, Boolean async, CancellationToken cancellationToken)
   at Npgsql.PoolingDataSource.OpenNewConnector(NpgsqlConnection conn, NpgsqlTimeout timeout, Boolean async, CancellationToken cancellationToken)
   at Npgsql.PoolingDataSource.<Get>g__RentAsync|33_0(NpgsqlConnection conn, NpgsqlTimeout timeout, Boolean async, CancellationToken cancellationToken)
   at Npgsql.NpgsqlConnection.<Open>g__OpenAsync|42_0(Boolean async, CancellationToken cancellationToken)
   at Microsoft.EntityFrameworkCore.Storage.RelationalConnection.OpenInternalAsync(Boolean errorsExpected, CancellationToken cancellationToken)
   at Microsoft.EntityFrameworkCore.Storage.RelationalConnection.OpenInternalAsync(Boolean errorsExpected, CancellationToken cancellationToken)
   at Microsoft.EntityFrameworkCore.Storage.RelationalConnection.OpenAsync(CancellationToken cancellationToken, Boolean errorsExpected)
   at Microsoft.EntityFrameworkCore.Storage.RelationalCommand.ExecuteReaderAsync(RelationalCommandParameterObject parameterObject, CancellationToken cancellationToken)
   at Microsoft.EntityFrameworkCore.Query.Internal.SplitQueryingEnumerable`1.AsyncEnumerator.InitializeReaderAsync(AsyncEnumerator enumerator, CancellationToken cancellationToken)
   at Npgsql.EntityFrameworkCore.PostgreSQL.Storage.Internal.NpgsqlExecutionStrategy.ExecuteAsync[TState,TResult](TState state, Func`4 operation, Func`4 verifySucceeded, CancellationToken cancellationToken)
   --- End of inner exception stack trace ---
   at Npgsql.EntityFrameworkCore.PostgreSQL.Storage.Internal.NpgsqlExecutionStrategy.ExecuteAsync[TState,TResult](TState state, Func`4 operation, Func`4 verifySucceeded, CancellationToken cancellationToken)
   at Microsoft.EntityFrameworkCore.Query.Internal.SplitQueryingEnumerable`1.AsyncEnumerator.MoveNextAsync()
2026-05-20 14:22:24.8213 [ERROR] Microsoft.EntityFrameworkCore.Database.Connection - An error occurred using the connection to database 'taphoa2_db' on server 'tcp://localhost:5432'. 
2026-05-20 14:22:24.8213 [ERROR] Microsoft.EntityFrameworkCore.Query - An exception occurred while iterating over the results of a query for context type 'TapHoa.Persistence.Data.AppDbContext'.
System.InvalidOperationException: An exception has been raised that is likely due to a transient failure.
 ---> Npgsql.NpgsqlException (0x80004005): Failed to connect to 127.0.0.1:5432
 ---> System.Net.Sockets.SocketException (10061): No connection could be made because the target machine actively refused it.
   at System.Net.Sockets.Socket.AwaitableSocketAsyncEventArgs.ThrowException(SocketError error, CancellationToken cancellationToken)
   at System.Net.Sockets.Socket.AwaitableSocketAsyncEventArgs.System.Threading.Tasks.Sources.IValueTaskSource.GetResult(Int16 token)
   at Npgsql.Internal.NpgsqlConnector.ConnectAsync(NpgsqlTimeout timeout, CancellationToken cancellationToken)
   at Npgsql.Internal.NpgsqlConnector.ConnectAsync(NpgsqlTimeout timeout, CancellationToken cancellationToken)
   at Npgsql.Internal.NpgsqlConnector.RawOpen(NpgsqlTimeout timeout, Boolean async, CancellationToken cancellationToken)
   at Npgsql.Internal.NpgsqlConnector.<Open>g__OpenCore|209_0(NpgsqlConnector conn, String username, SslMode sslMode, GssEncryptionMode gssEncMode, NpgsqlTimeout timeout, Boolean async, CancellationToken cancellationToken)
   at Npgsql.Internal.NpgsqlConnector.Open(NpgsqlTimeout timeout, Boolean async, CancellationToken cancellationToken)
   at Npgsql.PoolingDataSource.OpenNewConnector(NpgsqlConnection conn, NpgsqlTimeout timeout, Boolean async, CancellationToken cancellationToken)
   at Npgsql.PoolingDataSource.<Get>g__RentAsync|33_0(NpgsqlConnection conn, NpgsqlTimeout timeout, Boolean async, CancellationToken cancellationToken)
   at Npgsql.NpgsqlConnection.<Open>g__OpenAsync|42_0(Boolean async, CancellationToken cancellationToken)
   at Microsoft.EntityFrameworkCore.Storage.RelationalConnection.OpenInternalAsync(Boolean errorsExpected, CancellationToken cancellationToken)
   at Microsoft.EntityFrameworkCore.Storage.RelationalConnection.OpenInternalAsync(Boolean errorsExpected, CancellationToken cancellationToken)
   at Microsoft.EntityFrameworkCore.Storage.RelationalConnection.OpenAsync(CancellationToken cancellationToken, Boolean errorsExpected)
   at Microsoft.EntityFrameworkCore.Storage.RelationalCommand.ExecuteReaderAsync(RelationalCommandParameterObject parameterObject, CancellationToken cancellationToken)
   at Microsoft.EntityFrameworkCore.Query.Internal.SplitQueryingEnumerable`1.AsyncEnumerator.InitializeReaderAsync(AsyncEnumerator enumerator, CancellationToken cancellationToken)
   at Npgsql.EntityFrameworkCore.PostgreSQL.Storage.Internal.NpgsqlExecutionStrategy.ExecuteAsync[TState,TResult](TState state, Func`4 operation, Func`4 verifySucceeded, CancellationToken cancellationToken)
   --- End of inner exception stack trace ---
   at Npgsql.EntityFrameworkCore.PostgreSQL.Storage.Internal.NpgsqlExecutionStrategy.ExecuteAsync[TState,TResult](TState state, Func`4 operation, Func`4 verifySucceeded, CancellationToken cancellationToken)
   at Microsoft.EntityFrameworkCore.Query.Internal.SplitQueryingEnumerable`1.AsyncEnumerator.MoveNextAsync() System.InvalidOperationException: An exception has been raised that is likely due to a transient failure.
 ---> Npgsql.NpgsqlException (0x80004005): Failed to connect to 127.0.0.1:5432
 ---> System.Net.Sockets.SocketException (10061): No connection could be made because the target machine actively refused it.
   at System.Net.Sockets.Socket.AwaitableSocketAsyncEventArgs.ThrowException(SocketError error, CancellationToken cancellationToken)
   at System.Net.Sockets.Socket.AwaitableSocketAsyncEventArgs.System.Threading.Tasks.Sources.IValueTaskSource.GetResult(Int16 token)
   at Npgsql.Internal.NpgsqlConnector.ConnectAsync(NpgsqlTimeout timeout, CancellationToken cancellationToken)
   at Npgsql.Internal.NpgsqlConnector.ConnectAsync(NpgsqlTimeout timeout, CancellationToken cancellationToken)
   at Npgsql.Internal.NpgsqlConnector.RawOpen(NpgsqlTimeout timeout, Boolean async, CancellationToken cancellationToken)
   at Npgsql.Internal.NpgsqlConnector.<Open>g__OpenCore|209_0(NpgsqlConnector conn, String username, SslMode sslMode, GssEncryptionMode gssEncMode, NpgsqlTimeout timeout, Boolean async, CancellationToken cancellationToken)
   at Npgsql.Internal.NpgsqlConnector.Open(NpgsqlTimeout timeout, Boolean async, CancellationToken cancellationToken)
   at Npgsql.PoolingDataSource.OpenNewConnector(NpgsqlConnection conn, NpgsqlTimeout timeout, Boolean async, CancellationToken cancellationToken)
   at Npgsql.PoolingDataSource.<Get>g__RentAsync|33_0(NpgsqlConnection conn, NpgsqlTimeout timeout, Boolean async, CancellationToken cancellationToken)
   at Npgsql.NpgsqlConnection.<Open>g__OpenAsync|42_0(Boolean async, CancellationToken cancellationToken)
   at Microsoft.EntityFrameworkCore.Storage.RelationalConnection.OpenInternalAsync(Boolean errorsExpected, CancellationToken cancellationToken)
   at Microsoft.EntityFrameworkCore.Storage.RelationalConnection.OpenInternalAsync(Boolean errorsExpected, CancellationToken cancellationToken)
   at Microsoft.EntityFrameworkCore.Storage.RelationalConnection.OpenAsync(CancellationToken cancellationToken, Boolean errorsExpected)
   at Microsoft.EntityFrameworkCore.Storage.RelationalCommand.ExecuteReaderAsync(RelationalCommandParameterObject parameterObject, CancellationToken cancellationToken)
   at Microsoft.EntityFrameworkCore.Query.Internal.SplitQueryingEnumerable`1.AsyncEnumerator.InitializeReaderAsync(AsyncEnumerator enumerator, CancellationToken cancellationToken)
   at Npgsql.EntityFrameworkCore.PostgreSQL.Storage.Internal.NpgsqlExecutionStrategy.ExecuteAsync[TState,TResult](TState state, Func`4 operation, Func`4 verifySucceeded, CancellationToken cancellationToken)
   --- End of inner exception stack trace ---
   at Npgsql.EntityFrameworkCore.PostgreSQL.Storage.Internal.NpgsqlExecutionStrategy.ExecuteAsync[TState,TResult](TState state, Func`4 operation, Func`4 verifySucceeded, CancellationToken cancellationToken)
   at Microsoft.EntityFrameworkCore.Query.Internal.SplitQueryingEnumerable`1.AsyncEnumerator.MoveNextAsync()
2026-05-20 14:22:32.8714 [ERROR] Microsoft.EntityFrameworkCore.Database.Connection - An error occurred using the connection to database 'taphoa2_db' on server 'tcp://localhost:5432'. 
2026-05-20 14:22:32.8714 [ERROR] Microsoft.EntityFrameworkCore.Query - An exception occurred while iterating over the results of a query for context type 'TapHoa.Persistence.Data.AppDbContext'.
System.InvalidOperationException: An exception has been raised that is likely due to a transient failure.
 ---> Npgsql.NpgsqlException (0x80004005): Failed to connect to 127.0.0.1:5432
 ---> System.Net.Sockets.SocketException (10061): No connection could be made because the target machine actively refused it.
   at System.Net.Sockets.Socket.AwaitableSocketAsyncEventArgs.ThrowException(SocketError error, CancellationToken cancellationToken)
   at System.Net.Sockets.Socket.AwaitableSocketAsyncEventArgs.System.Threading.Tasks.Sources.IValueTaskSource.GetResult(Int16 token)
   at Npgsql.Internal.NpgsqlConnector.ConnectAsync(NpgsqlTimeout timeout, CancellationToken cancellationToken)
   at Npgsql.Internal.NpgsqlConnector.ConnectAsync(NpgsqlTimeout timeout, CancellationToken cancellationToken)
   at Npgsql.Internal.NpgsqlConnector.RawOpen(NpgsqlTimeout timeout, Boolean async, CancellationToken cancellationToken)
   at Npgsql.Internal.NpgsqlConnector.<Open>g__OpenCore|209_0(NpgsqlConnector conn, String username, SslMode sslMode, GssEncryptionMode gssEncMode, NpgsqlTimeout timeout, Boolean async, CancellationToken cancellationToken)
   at Npgsql.Internal.NpgsqlConnector.Open(NpgsqlTimeout timeout, Boolean async, CancellationToken cancellationToken)
   at Npgsql.PoolingDataSource.OpenNewConnector(NpgsqlConnection conn, NpgsqlTimeout timeout, Boolean async, CancellationToken cancellationToken)
   at Npgsql.PoolingDataSource.<Get>g__RentAsync|33_0(NpgsqlConnection conn, NpgsqlTimeout timeout, Boolean async, CancellationToken cancellationToken)
   at Npgsql.NpgsqlConnection.<Open>g__OpenAsync|42_0(Boolean async, CancellationToken cancellationToken)
   at Microsoft.EntityFrameworkCore.Storage.RelationalConnection.OpenInternalAsync(Boolean errorsExpected, CancellationToken cancellationToken)
   at Microsoft.EntityFrameworkCore.Storage.RelationalConnection.OpenInternalAsync(Boolean errorsExpected, CancellationToken cancellationToken)
   at Microsoft.EntityFrameworkCore.Storage.RelationalConnection.OpenAsync(CancellationToken cancellationToken, Boolean errorsExpected)
   at Microsoft.EntityFrameworkCore.Storage.RelationalCommand.ExecuteReaderAsync(RelationalCommandParameterObject parameterObject, CancellationToken cancellationToken)
   at Microsoft.EntityFrameworkCore.Query.Internal.SplitQueryingEnumerable`1.AsyncEnumerator.InitializeReaderAsync(AsyncEnumerator enumerator, CancellationToken cancellationToken)
   at Npgsql.EntityFrameworkCore.PostgreSQL.Storage.Internal.NpgsqlExecutionStrategy.ExecuteAsync[TState,TResult](TState state, Func`4 operation, Func`4 verifySucceeded, CancellationToken cancellationToken)
   --- End of inner exception stack trace ---
   at Npgsql.EntityFrameworkCore.PostgreSQL.Storage.Internal.NpgsqlExecutionStrategy.ExecuteAsync[TState,TResult](TState state, Func`4 operation, Func`4 verifySucceeded, CancellationToken cancellationToken)
   at Microsoft.EntityFrameworkCore.Query.Internal.SplitQueryingEnumerable`1.AsyncEnumerator.MoveNextAsync() System.InvalidOperationException: An exception has been raised that is likely due to a transient failure.
 ---> Npgsql.NpgsqlException (0x80004005): Failed to connect to 127.0.0.1:5432
 ---> System.Net.Sockets.SocketException (10061): No connection could be made because the target machine actively refused it.
   at System.Net.Sockets.Socket.AwaitableSocketAsyncEventArgs.ThrowException(SocketError error, CancellationToken cancellationToken)
   at System.Net.Sockets.Socket.AwaitableSocketAsyncEventArgs.System.Threading.Tasks.Sources.IValueTaskSource.GetResult(Int16 token)
   at Npgsql.Internal.NpgsqlConnector.ConnectAsync(NpgsqlTimeout timeout, CancellationToken cancellationToken)
   at Npgsql.Internal.NpgsqlConnector.ConnectAsync(NpgsqlTimeout timeout, CancellationToken cancellationToken)
   at Npgsql.Internal.NpgsqlConnector.RawOpen(NpgsqlTimeout timeout, Boolean async, CancellationToken cancellationToken)
   at Npgsql.Internal.NpgsqlConnector.<Open>g__OpenCore|209_0(NpgsqlConnector conn, String username, SslMode sslMode, GssEncryptionMode gssEncMode, NpgsqlTimeout timeout, Boolean async, CancellationToken cancellationToken)
   at Npgsql.Internal.NpgsqlConnector.Open(NpgsqlTimeout timeout, Boolean async, CancellationToken cancellationToken)
   at Npgsql.PoolingDataSource.OpenNewConnector(NpgsqlConnection conn, NpgsqlTimeout timeout, Boolean async, CancellationToken cancellationToken)
   at Npgsql.PoolingDataSource.<Get>g__RentAsync|33_0(NpgsqlConnection conn, NpgsqlTimeout timeout, Boolean async, CancellationToken cancellationToken)
   at Npgsql.NpgsqlConnection.<Open>g__OpenAsync|42_0(Boolean async, CancellationToken cancellationToken)
   at Microsoft.EntityFrameworkCore.Storage.RelationalConnection.OpenInternalAsync(Boolean errorsExpected, CancellationToken cancellationToken)
   at Microsoft.EntityFrameworkCore.Storage.RelationalConnection.OpenInternalAsync(Boolean errorsExpected, CancellationToken cancellationToken)
   at Microsoft.EntityFrameworkCore.Storage.RelationalConnection.OpenAsync(CancellationToken cancellationToken, Boolean errorsExpected)
   at Microsoft.EntityFrameworkCore.Storage.RelationalCommand.ExecuteReaderAsync(RelationalCommandParameterObject parameterObject, CancellationToken cancellationToken)
   at Microsoft.EntityFrameworkCore.Query.Internal.SplitQueryingEnumerable`1.AsyncEnumerator.InitializeReaderAsync(AsyncEnumerator enumerator, CancellationToken cancellationToken)
   at Npgsql.EntityFrameworkCore.PostgreSQL.Storage.Internal.NpgsqlExecutionStrategy.ExecuteAsync[TState,TResult](TState state, Func`4 operation, Func`4 verifySucceeded, CancellationToken cancellationToken)
   --- End of inner exception stack trace ---
   at Npgsql.EntityFrameworkCore.PostgreSQL.Storage.Internal.NpgsqlExecutionStrategy.ExecuteAsync[TState,TResult](TState state, Func`4 operation, Func`4 verifySucceeded, CancellationToken cancellationToken)
   at Microsoft.EntityFrameworkCore.Query.Internal.SplitQueryingEnumerable`1.AsyncEnumerator.MoveNextAsync()
2026-05-20 14:23:08.2983 [ERROR] Microsoft.EntityFrameworkCore.Database.Connection - An error occurred using the connection to database 'taphoa2_db' on server 'tcp://localhost:5432'. 
2026-05-20 14:23:08.2983 [ERROR] Microsoft.EntityFrameworkCore.Database.Connection - An error occurred using the connection to database 'taphoa2_db' on server 'tcp://localhost:5432'. 
2026-05-20 14:23:08.2983 [ERROR] Microsoft.EntityFrameworkCore.Query - An exception occurred while iterating over the results of a query for context type 'TapHoa.Persistence.Data.AppDbContext'.
System.InvalidOperationException: An exception has been raised that is likely due to a transient failure.
 ---> Npgsql.NpgsqlException (0x80004005): Failed to connect to 127.0.0.1:5432
 ---> System.Net.Sockets.SocketException (10061): No connection could be made because the target machine actively refused it.
   at System.Net.Sockets.Socket.AwaitableSocketAsyncEventArgs.ThrowException(SocketError error, CancellationToken cancellationToken)
   at System.Net.Sockets.Socket.AwaitableSocketAsyncEventArgs.System.Threading.Tasks.Sources.IValueTaskSource.GetResult(Int16 token)
   at Npgsql.Internal.NpgsqlConnector.ConnectAsync(NpgsqlTimeout timeout, CancellationToken cancellationToken)
   at Npgsql.Internal.NpgsqlConnector.ConnectAsync(NpgsqlTimeout timeout, CancellationToken cancellationToken)
   at Npgsql.Internal.NpgsqlConnector.RawOpen(NpgsqlTimeout timeout, Boolean async, CancellationToken cancellationToken)
   at Npgsql.Internal.NpgsqlConnector.<Open>g__OpenCore|209_0(NpgsqlConnector conn, String username, SslMode sslMode, GssEncryptionMode gssEncMode, NpgsqlTimeout timeout, Boolean async, CancellationToken cancellationToken)
   at Npgsql.Internal.NpgsqlConnector.Open(NpgsqlTimeout timeout, Boolean async, CancellationToken cancellationToken)
   at Npgsql.PoolingDataSource.OpenNewConnector(NpgsqlConnection conn, NpgsqlTimeout timeout, Boolean async, CancellationToken cancellationToken)
   at Npgsql.PoolingDataSource.<Get>g__RentAsync|33_0(NpgsqlConnection conn, NpgsqlTimeout timeout, Boolean async, CancellationToken cancellationToken)
   at Npgsql.NpgsqlConnection.<Open>g__OpenAsync|42_0(Boolean async, CancellationToken cancellationToken)
   at Microsoft.EntityFrameworkCore.Storage.RelationalConnection.OpenInternalAsync(Boolean errorsExpected, CancellationToken cancellationToken)
   at Microsoft.EntityFrameworkCore.Storage.RelationalConnection.OpenInternalAsync(Boolean errorsExpected, CancellationToken cancellationToken)
   at Microsoft.EntityFrameworkCore.Storage.RelationalConnection.OpenAsync(CancellationToken cancellationToken, Boolean errorsExpected)
   at Microsoft.EntityFrameworkCore.Storage.RelationalCommand.ExecuteReaderAsync(RelationalCommandParameterObject parameterObject, CancellationToken cancellationToken)
   at Microsoft.EntityFrameworkCore.Query.Internal.SplitQueryingEnumerable`1.AsyncEnumerator.InitializeReaderAsync(AsyncEnumerator enumerator, CancellationToken cancellationToken)
   at Npgsql.EntityFrameworkCore.PostgreSQL.Storage.Internal.NpgsqlExecutionStrategy.ExecuteAsync[TState,TResult](TState state, Func`4 operation, Func`4 verifySucceeded, CancellationToken cancellationToken)
   --- End of inner exception stack trace ---
   at Npgsql.EntityFrameworkCore.PostgreSQL.Storage.Internal.NpgsqlExecutionStrategy.ExecuteAsync[TState,TResult](TState state, Func`4 operation, Func`4 verifySucceeded, CancellationToken cancellationToken)
   at Microsoft.EntityFrameworkCore.Query.Internal.SplitQueryingEnumerable`1.AsyncEnumerator.MoveNextAsync() System.InvalidOperationException: An exception has been raised that is likely due to a transient failure.
 ---> Npgsql.NpgsqlException (0x80004005): Failed to connect to 127.0.0.1:5432
 ---> System.Net.Sockets.SocketException (10061): No connection could be made because the target machine actively refused it.
   at System.Net.Sockets.Socket.AwaitableSocketAsyncEventArgs.ThrowException(SocketError error, CancellationToken cancellationToken)
   at System.Net.Sockets.Socket.AwaitableSocketAsyncEventArgs.System.Threading.Tasks.Sources.IValueTaskSource.GetResult(Int16 token)
   at Npgsql.Internal.NpgsqlConnector.ConnectAsync(NpgsqlTimeout timeout, CancellationToken cancellationToken)
   at Npgsql.Internal.NpgsqlConnector.ConnectAsync(NpgsqlTimeout timeout, CancellationToken cancellationToken)
   at Npgsql.Internal.NpgsqlConnector.RawOpen(NpgsqlTimeout timeout, Boolean async, CancellationToken cancellationToken)
   at Npgsql.Internal.NpgsqlConnector.<Open>g__OpenCore|209_0(NpgsqlConnector conn, String username, SslMode sslMode, GssEncryptionMode gssEncMode, NpgsqlTimeout timeout, Boolean async, CancellationToken cancellationToken)
   at Npgsql.Internal.NpgsqlConnector.Open(NpgsqlTimeout timeout, Boolean async, CancellationToken cancellationToken)
   at Npgsql.PoolingDataSource.OpenNewConnector(NpgsqlConnection conn, NpgsqlTimeout timeout, Boolean async, CancellationToken cancellationToken)
   at Npgsql.PoolingDataSource.<Get>g__RentAsync|33_0(NpgsqlConnection conn, NpgsqlTimeout timeout, Boolean async, CancellationToken cancellationToken)
   at Npgsql.NpgsqlConnection.<Open>g__OpenAsync|42_0(Boolean async, CancellationToken cancellationToken)
   at Microsoft.EntityFrameworkCore.Storage.RelationalConnection.OpenInternalAsync(Boolean errorsExpected, CancellationToken cancellationToken)
   at Microsoft.EntityFrameworkCore.Storage.RelationalConnection.OpenInternalAsync(Boolean errorsExpected, CancellationToken cancellationToken)
   at Microsoft.EntityFrameworkCore.Storage.RelationalConnection.OpenAsync(CancellationToken cancellationToken, Boolean errorsExpected)
   at Microsoft.EntityFrameworkCore.Storage.RelationalCommand.ExecuteReaderAsync(RelationalCommandParameterObject parameterObject, CancellationToken cancellationToken)
   at Microsoft.EntityFrameworkCore.Query.Internal.SplitQueryingEnumerable`1.AsyncEnumerator.InitializeReaderAsync(AsyncEnumerator enumerator, CancellationToken cancellationToken)
   at Npgsql.EntityFrameworkCore.PostgreSQL.Storage.Internal.NpgsqlExecutionStrategy.ExecuteAsync[TState,TResult](TState state, Func`4 operation, Func`4 verifySucceeded, CancellationToken cancellationToken)
   --- End of inner exception stack trace ---
   at Npgsql.EntityFrameworkCore.PostgreSQL.Storage.Internal.NpgsqlExecutionStrategy.ExecuteAsync[TState,TResult](TState state, Func`4 operation, Func`4 verifySucceeded, CancellationToken cancellationToken)
   at Microsoft.EntityFrameworkCore.Query.Internal.SplitQueryingEnumerable`1.AsyncEnumerator.MoveNextAsync()
2026-05-20 14:23:08.2983 [ERROR] Microsoft.EntityFrameworkCore.Query - An exception occurred while iterating over the results of a query for context type 'TapHoa.Persistence.Data.AppDbContext'.
System.InvalidOperationException: An exception has been raised that is likely due to a transient failure.
 ---> Npgsql.NpgsqlException (0x80004005): Failed to connect to 127.0.0.1:5432
 ---> System.Net.Sockets.SocketException (10061): No connection could be made because the target machine actively refused it.
   at System.Net.Sockets.Socket.AwaitableSocketAsyncEventArgs.ThrowException(SocketError error, CancellationToken cancellationToken)
   at System.Net.Sockets.Socket.AwaitableSocketAsyncEventArgs.System.Threading.Tasks.Sources.IValueTaskSource.GetResult(Int16 token)
   at Npgsql.Internal.NpgsqlConnector.ConnectAsync(NpgsqlTimeout timeout, CancellationToken cancellationToken)
   at Npgsql.Internal.NpgsqlConnector.ConnectAsync(NpgsqlTimeout timeout, CancellationToken cancellationToken)
   at Npgsql.Internal.NpgsqlConnector.RawOpen(NpgsqlTimeout timeout, Boolean async, CancellationToken cancellationToken)
   at Npgsql.Internal.NpgsqlConnector.<Open>g__OpenCore|209_0(NpgsqlConnector conn, String username, SslMode sslMode, GssEncryptionMode gssEncMode, NpgsqlTimeout timeout, Boolean async, CancellationToken cancellationToken)
   at Npgsql.Internal.NpgsqlConnector.Open(NpgsqlTimeout timeout, Boolean async, CancellationToken cancellationToken)
   at Npgsql.PoolingDataSource.OpenNewConnector(NpgsqlConnection conn, NpgsqlTimeout timeout, Boolean async, CancellationToken cancellationToken)
   at Npgsql.PoolingDataSource.<Get>g__RentAsync|33_0(NpgsqlConnection conn, NpgsqlTimeout timeout, Boolean async, CancellationToken cancellationToken)
   at Npgsql.NpgsqlConnection.<Open>g__OpenAsync|42_0(Boolean async, CancellationToken cancellationToken)
   at Microsoft.EntityFrameworkCore.Storage.RelationalConnection.OpenInternalAsync(Boolean errorsExpected, CancellationToken cancellationToken)
   at Microsoft.EntityFrameworkCore.Storage.RelationalConnection.OpenInternalAsync(Boolean errorsExpected, CancellationToken cancellationToken)
   at Microsoft.EntityFrameworkCore.Storage.RelationalConnection.OpenAsync(CancellationToken cancellationToken, Boolean errorsExpected)
   at Microsoft.EntityFrameworkCore.Storage.RelationalCommand.ExecuteReaderAsync(RelationalCommandParameterObject parameterObject, CancellationToken cancellationToken)
   at Microsoft.EntityFrameworkCore.Query.Internal.SplitQueryingEnumerable`1.AsyncEnumerator.InitializeReaderAsync(AsyncEnumerator enumerator, CancellationToken cancellationToken)
   at Npgsql.EntityFrameworkCore.PostgreSQL.Storage.Internal.NpgsqlExecutionStrategy.ExecuteAsync[TState,TResult](TState state, Func`4 operation, Func`4 verifySucceeded, CancellationToken cancellationToken)
   --- End of inner exception stack trace ---
   at Npgsql.EntityFrameworkCore.PostgreSQL.Storage.Internal.NpgsqlExecutionStrategy.ExecuteAsync[TState,TResult](TState state, Func`4 operation, Func`4 verifySucceeded, CancellationToken cancellationToken)
   at Microsoft.EntityFrameworkCore.Query.Internal.SplitQueryingEnumerable`1.AsyncEnumerator.MoveNextAsync() System.InvalidOperationException: An exception has been raised that is likely due to a transient failure.
 ---> Npgsql.NpgsqlException (0x80004005): Failed to connect to 127.0.0.1:5432
 ---> System.Net.Sockets.SocketException (10061): No connection could be made because the target machine actively refused it.
   at System.Net.Sockets.Socket.AwaitableSocketAsyncEventArgs.ThrowException(SocketError error, CancellationToken cancellationToken)
   at System.Net.Sockets.Socket.AwaitableSocketAsyncEventArgs.System.Threading.Tasks.Sources.IValueTaskSource.GetResult(Int16 token)
   at Npgsql.Internal.NpgsqlConnector.ConnectAsync(NpgsqlTimeout timeout, CancellationToken cancellationToken)
   at Npgsql.Internal.NpgsqlConnector.ConnectAsync(NpgsqlTimeout timeout, CancellationToken cancellationToken)
   at Npgsql.Internal.NpgsqlConnector.RawOpen(NpgsqlTimeout timeout, Boolean async, CancellationToken cancellationToken)
   at Npgsql.Internal.NpgsqlConnector.<Open>g__OpenCore|209_0(NpgsqlConnector conn, String username, SslMode sslMode, GssEncryptionMode gssEncMode, NpgsqlTimeout timeout, Boolean async, CancellationToken cancellationToken)
   at Npgsql.Internal.NpgsqlConnector.Open(NpgsqlTimeout timeout, Boolean async, CancellationToken cancellationToken)
   at Npgsql.PoolingDataSource.OpenNewConnector(NpgsqlConnection conn, NpgsqlTimeout timeout, Boolean async, CancellationToken cancellationToken)
   at Npgsql.PoolingDataSource.<Get>g__RentAsync|33_0(NpgsqlConnection conn, NpgsqlTimeout timeout, Boolean async, CancellationToken cancellationToken)
   at Npgsql.NpgsqlConnection.<Open>g__OpenAsync|42_0(Boolean async, CancellationToken cancellationToken)
   at Microsoft.EntityFrameworkCore.Storage.RelationalConnection.OpenInternalAsync(Boolean errorsExpected, CancellationToken cancellationToken)
   at Microsoft.EntityFrameworkCore.Storage.RelationalConnection.OpenInternalAsync(Boolean errorsExpected, CancellationToken cancellationToken)
   at Microsoft.EntityFrameworkCore.Storage.RelationalConnection.OpenAsync(CancellationToken cancellationToken, Boolean errorsExpected)
   at Microsoft.EntityFrameworkCore.Storage.RelationalCommand.ExecuteReaderAsync(RelationalCommandParameterObject parameterObject, CancellationToken cancellationToken)
   at Microsoft.EntityFrameworkCore.Query.Internal.SplitQueryingEnumerable`1.AsyncEnumerator.InitializeReaderAsync(AsyncEnumerator enumerator, CancellationToken cancellationToken)
   at Npgsql.EntityFrameworkCore.PostgreSQL.Storage.Internal.NpgsqlExecutionStrategy.ExecuteAsync[TState,TResult](TState state, Func`4 operation, Func`4 verifySucceeded, CancellationToken cancellationToken)
   --- End of inner exception stack trace ---
   at Npgsql.EntityFrameworkCore.PostgreSQL.Storage.Internal.NpgsqlExecutionStrategy.ExecuteAsync[TState,TResult](TState state, Func`4 operation, Func`4 verifySucceeded, CancellationToken cancellationToken)
   at Microsoft.EntityFrameworkCore.Query.Internal.SplitQueryingEnumerable`1.AsyncEnumerator.MoveNextAsync()
2026-05-20 14:23:13.3898 [ERROR] Microsoft.EntityFrameworkCore.Database.Connection - An error occurred using the connection to database 'taphoa2_db' on server 'tcp://localhost:5432'. 
2026-05-20 14:23:13.3898 [ERROR] Microsoft.EntityFrameworkCore.Database.Connection - An error occurred using the connection to database 'taphoa2_db' on server 'tcp://localhost:5432'. 
2026-05-20 14:23:13.3898 [ERROR] Microsoft.EntityFrameworkCore.Query - An exception occurred while iterating over the results of a query for context type 'TapHoa.Persistence.Data.AppDbContext'.
System.InvalidOperationException: An exception has been raised that is likely due to a transient failure.
 ---> Npgsql.NpgsqlException (0x80004005): Failed to connect to 127.0.0.1:5432
 ---> System.Net.Sockets.SocketException (10061): No connection could be made because the target machine actively refused it.
   at System.Net.Sockets.Socket.AwaitableSocketAsyncEventArgs.ThrowException(SocketError error, CancellationToken cancellationToken)
   at System.Net.Sockets.Socket.AwaitableSocketAsyncEventArgs.System.Threading.Tasks.Sources.IValueTaskSource.GetResult(Int16 token)
   at Npgsql.Internal.NpgsqlConnector.ConnectAsync(NpgsqlTimeout timeout, CancellationToken cancellationToken)
   at Npgsql.Internal.NpgsqlConnector.ConnectAsync(NpgsqlTimeout timeout, CancellationToken cancellationToken)
   at Npgsql.Internal.NpgsqlConnector.RawOpen(NpgsqlTimeout timeout, Boolean async, CancellationToken cancellationToken)
   at Npgsql.Internal.NpgsqlConnector.<Open>g__OpenCore|209_0(NpgsqlConnector conn, String username, SslMode sslMode, GssEncryptionMode gssEncMode, NpgsqlTimeout timeout, Boolean async, CancellationToken cancellationToken)
   at Npgsql.Internal.NpgsqlConnector.Open(NpgsqlTimeout timeout, Boolean async, CancellationToken cancellationToken)
   at Npgsql.PoolingDataSource.OpenNewConnector(NpgsqlConnection conn, NpgsqlTimeout timeout, Boolean async, CancellationToken cancellationToken)
   at Npgsql.PoolingDataSource.<Get>g__RentAsync|33_0(NpgsqlConnection conn, NpgsqlTimeout timeout, Boolean async, CancellationToken cancellationToken)
   at Npgsql.NpgsqlConnection.<Open>g__OpenAsync|42_0(Boolean async, CancellationToken cancellationToken)
   at Microsoft.EntityFrameworkCore.Storage.RelationalConnection.OpenInternalAsync(Boolean errorsExpected, CancellationToken cancellationToken)
   at Microsoft.EntityFrameworkCore.Storage.RelationalConnection.OpenInternalAsync(Boolean errorsExpected, CancellationToken cancellationToken)
   at Microsoft.EntityFrameworkCore.Storage.RelationalConnection.OpenAsync(CancellationToken cancellationToken, Boolean errorsExpected)
   at Microsoft.EntityFrameworkCore.Storage.RelationalCommand.ExecuteReaderAsync(RelationalCommandParameterObject parameterObject, CancellationToken cancellationToken)
   at Microsoft.EntityFrameworkCore.Query.Internal.SplitQueryingEnumerable`1.AsyncEnumerator.InitializeReaderAsync(AsyncEnumerator enumerator, CancellationToken cancellationToken)
   at Npgsql.EntityFrameworkCore.PostgreSQL.Storage.Internal.NpgsqlExecutionStrategy.ExecuteAsync[TState,TResult](TState state, Func`4 operation, Func`4 verifySucceeded, CancellationToken cancellationToken)
   --- End of inner exception stack trace ---
   at Npgsql.EntityFrameworkCore.PostgreSQL.Storage.Internal.NpgsqlExecutionStrategy.ExecuteAsync[TState,TResult](TState state, Func`4 operation, Func`4 verifySucceeded, CancellationToken cancellationToken)
   at Microsoft.EntityFrameworkCore.Query.Internal.SplitQueryingEnumerable`1.AsyncEnumerator.MoveNextAsync() System.InvalidOperationException: An exception has been raised that is likely due to a transient failure.
 ---> Npgsql.NpgsqlException (0x80004005): Failed to connect to 127.0.0.1:5432
 ---> System.Net.Sockets.SocketException (10061): No connection could be made because the target machine actively refused it.
   at System.Net.Sockets.Socket.AwaitableSocketAsyncEventArgs.ThrowException(SocketError error, CancellationToken cancellationToken)
   at System.Net.Sockets.Socket.AwaitableSocketAsyncEventArgs.System.Threading.Tasks.Sources.IValueTaskSource.GetResult(Int16 token)
   at Npgsql.Internal.NpgsqlConnector.ConnectAsync(NpgsqlTimeout timeout, CancellationToken cancellationToken)
   at Npgsql.Internal.NpgsqlConnector.ConnectAsync(NpgsqlTimeout timeout, CancellationToken cancellationToken)
   at Npgsql.Internal.NpgsqlConnector.RawOpen(NpgsqlTimeout timeout, Boolean async, CancellationToken cancellationToken)
   at Npgsql.Internal.NpgsqlConnector.<Open>g__OpenCore|209_0(NpgsqlConnector conn, String username, SslMode sslMode, GssEncryptionMode gssEncMode, NpgsqlTimeout timeout, Boolean async, CancellationToken cancellationToken)
   at Npgsql.Internal.NpgsqlConnector.Open(NpgsqlTimeout timeout, Boolean async, CancellationToken cancellationToken)
   at Npgsql.PoolingDataSource.OpenNewConnector(NpgsqlConnection conn, NpgsqlTimeout timeout, Boolean async, CancellationToken cancellationToken)
   at Npgsql.PoolingDataSource.<Get>g__RentAsync|33_0(NpgsqlConnection conn, NpgsqlTimeout timeout, Boolean async, CancellationToken cancellationToken)
   at Npgsql.NpgsqlConnection.<Open>g__OpenAsync|42_0(Boolean async, CancellationToken cancellationToken)
   at Microsoft.EntityFrameworkCore.Storage.RelationalConnection.OpenInternalAsync(Boolean errorsExpected, CancellationToken cancellationToken)
   at Microsoft.EntityFrameworkCore.Storage.RelationalConnection.OpenInternalAsync(Boolean errorsExpected, CancellationToken cancellationToken)
   at Microsoft.EntityFrameworkCore.Storage.RelationalConnection.OpenAsync(CancellationToken cancellationToken, Boolean errorsExpected)
   at Microsoft.EntityFrameworkCore.Storage.RelationalCommand.ExecuteReaderAsync(RelationalCommandParameterObject parameterObject, CancellationToken cancellationToken)
   at Microsoft.EntityFrameworkCore.Query.Internal.SplitQueryingEnumerable`1.AsyncEnumerator.InitializeReaderAsync(AsyncEnumerator enumerator, CancellationToken cancellationToken)
   at Npgsql.EntityFrameworkCore.PostgreSQL.Storage.Internal.NpgsqlExecutionStrategy.ExecuteAsync[TState,TResult](TState state, Func`4 operation, Func`4 verifySucceeded, CancellationToken cancellationToken)
   --- End of inner exception stack trace ---
   at Npgsql.EntityFrameworkCore.PostgreSQL.Storage.Internal.NpgsqlExecutionStrategy.ExecuteAsync[TState,TResult](TState state, Func`4 operation, Func`4 verifySucceeded, CancellationToken cancellationToken)
   at Microsoft.EntityFrameworkCore.Query.Internal.SplitQueryingEnumerable`1.AsyncEnumerator.MoveNextAsync()
2026-05-20 14:23:13.3898 [ERROR] Microsoft.EntityFrameworkCore.Query - An exception occurred while iterating over the results of a query for context type 'TapHoa.Persistence.Data.AppDbContext'.
System.InvalidOperationException: An exception has been raised that is likely due to a transient failure.
 ---> Npgsql.NpgsqlException (0x80004005): Failed to connect to 127.0.0.1:5432
 ---> System.Net.Sockets.SocketException (10061): No connection could be made because the target machine actively refused it.
   at System.Net.Sockets.Socket.AwaitableSocketAsyncEventArgs.ThrowException(SocketError error, CancellationToken cancellationToken)
   at System.Net.Sockets.Socket.AwaitableSocketAsyncEventArgs.System.Threading.Tasks.Sources.IValueTaskSource.GetResult(Int16 token)
   at Npgsql.Internal.NpgsqlConnector.ConnectAsync(NpgsqlTimeout timeout, CancellationToken cancellationToken)
   at Npgsql.Internal.NpgsqlConnector.ConnectAsync(NpgsqlTimeout timeout, CancellationToken cancellationToken)
   at Npgsql.Internal.NpgsqlConnector.RawOpen(NpgsqlTimeout timeout, Boolean async, CancellationToken cancellationToken)
   at Npgsql.Internal.NpgsqlConnector.<Open>g__OpenCore|209_0(NpgsqlConnector conn, String username, SslMode sslMode, GssEncryptionMode gssEncMode, NpgsqlTimeout timeout, Boolean async, CancellationToken cancellationToken)
   at Npgsql.Internal.NpgsqlConnector.Open(NpgsqlTimeout timeout, Boolean async, CancellationToken cancellationToken)
   at Npgsql.PoolingDataSource.OpenNewConnector(NpgsqlConnection conn, NpgsqlTimeout timeout, Boolean async, CancellationToken cancellationToken)
   at Npgsql.PoolingDataSource.<Get>g__RentAsync|33_0(NpgsqlConnection conn, NpgsqlTimeout timeout, Boolean async, CancellationToken cancellationToken)
   at Npgsql.NpgsqlConnection.<Open>g__OpenAsync|42_0(Boolean async, CancellationToken cancellationToken)
   at Microsoft.EntityFrameworkCore.Storage.RelationalConnection.OpenInternalAsync(Boolean errorsExpected, CancellationToken cancellationToken)
   at Microsoft.EntityFrameworkCore.Storage.RelationalConnection.OpenInternalAsync(Boolean errorsExpected, CancellationToken cancellationToken)
   at Microsoft.EntityFrameworkCore.Storage.RelationalConnection.OpenAsync(CancellationToken cancellationToken, Boolean errorsExpected)
   at Microsoft.EntityFrameworkCore.Storage.RelationalCommand.ExecuteReaderAsync(RelationalCommandParameterObject parameterObject, CancellationToken cancellationToken)
   at Microsoft.EntityFrameworkCore.Query.Internal.SplitQueryingEnumerable`1.AsyncEnumerator.InitializeReaderAsync(AsyncEnumerator enumerator, CancellationToken cancellationToken)
   at Npgsql.EntityFrameworkCore.PostgreSQL.Storage.Internal.NpgsqlExecutionStrategy.ExecuteAsync[TState,TResult](TState state, Func`4 operation, Func`4 verifySucceeded, CancellationToken cancellationToken)
   --- End of inner exception stack trace ---
   at Npgsql.EntityFrameworkCore.PostgreSQL.Storage.Internal.NpgsqlExecutionStrategy.ExecuteAsync[TState,TResult](TState state, Func`4 operation, Func`4 verifySucceeded, CancellationToken cancellationToken)
   at Microsoft.EntityFrameworkCore.Query.Internal.SplitQueryingEnumerable`1.AsyncEnumerator.MoveNextAsync() System.InvalidOperationException: An exception has been raised that is likely due to a transient failure.
 ---> Npgsql.NpgsqlException (0x80004005): Failed to connect to 127.0.0.1:5432
 ---> System.Net.Sockets.SocketException (10061): No connection could be made because the target machine actively refused it.
   at System.Net.Sockets.Socket.AwaitableSocketAsyncEventArgs.ThrowException(SocketError error, CancellationToken cancellationToken)
   at System.Net.Sockets.Socket.AwaitableSocketAsyncEventArgs.System.Threading.Tasks.Sources.IValueTaskSource.GetResult(Int16 token)
   at Npgsql.Internal.NpgsqlConnector.ConnectAsync(NpgsqlTimeout timeout, CancellationToken cancellationToken)
   at Npgsql.Internal.NpgsqlConnector.ConnectAsync(NpgsqlTimeout timeout, CancellationToken cancellationToken)
   at Npgsql.Internal.NpgsqlConnector.RawOpen(NpgsqlTimeout timeout, Boolean async, CancellationToken cancellationToken)
   at Npgsql.Internal.NpgsqlConnector.<Open>g__OpenCore|209_0(NpgsqlConnector conn, String username, SslMode sslMode, GssEncryptionMode gssEncMode, NpgsqlTimeout timeout, Boolean async, CancellationToken cancellationToken)
   at Npgsql.Internal.NpgsqlConnector.Open(NpgsqlTimeout timeout, Boolean async, CancellationToken cancellationToken)
   at Npgsql.PoolingDataSource.OpenNewConnector(NpgsqlConnection conn, NpgsqlTimeout timeout, Boolean async, CancellationToken cancellationToken)
   at Npgsql.PoolingDataSource.<Get>g__RentAsync|33_0(NpgsqlConnection conn, NpgsqlTimeout timeout, Boolean async, CancellationToken cancellationToken)
   at Npgsql.NpgsqlConnection.<Open>g__OpenAsync|42_0(Boolean async, CancellationToken cancellationToken)
   at Microsoft.EntityFrameworkCore.Storage.RelationalConnection.OpenInternalAsync(Boolean errorsExpected, CancellationToken cancellationToken)
   at Microsoft.EntityFrameworkCore.Storage.RelationalConnection.OpenInternalAsync(Boolean errorsExpected, CancellationToken cancellationToken)
   at Microsoft.EntityFrameworkCore.Storage.RelationalConnection.OpenAsync(CancellationToken cancellationToken, Boolean errorsExpected)
   at Microsoft.EntityFrameworkCore.Storage.RelationalCommand.ExecuteReaderAsync(RelationalCommandParameterObject parameterObject, CancellationToken cancellationToken)
   at Microsoft.EntityFrameworkCore.Query.Internal.SplitQueryingEnumerable`1.AsyncEnumerator.InitializeReaderAsync(AsyncEnumerator enumerator, CancellationToken cancellationToken)
   at Npgsql.EntityFrameworkCore.PostgreSQL.Storage.Internal.NpgsqlExecutionStrategy.ExecuteAsync[TState,TResult](TState state, Func`4 operation, Func`4 verifySucceeded, CancellationToken cancellationToken)
   --- End of inner exception stack trace ---
   at Npgsql.EntityFrameworkCore.PostgreSQL.Storage.Internal.NpgsqlExecutionStrategy.ExecuteAsync[TState,TResult](TState state, Func`4 operation, Func`4 verifySucceeded, CancellationToken cancellationToken)
   at Microsoft.EntityFrameworkCore.Query.Internal.SplitQueryingEnumerable`1.AsyncEnumerator.MoveNextAsync()
2026-05-20 14:23:34.6453 [ERROR] Microsoft.EntityFrameworkCore.Database.Connection - An error occurred using the connection to database 'taphoa2_db' on server 'tcp://localhost:5432'. 
2026-05-20 14:23:34.6453 [ERROR] Microsoft.EntityFrameworkCore.Query - An exception occurred while iterating over the results of a query for context type 'TapHoa.Persistence.Data.AppDbContext'.
System.InvalidOperationException: An exception has been raised that is likely due to a transient failure.
 ---> Npgsql.NpgsqlException (0x80004005): Failed to connect to 127.0.0.1:5432
 ---> System.Net.Sockets.SocketException (10061): No connection could be made because the target machine actively refused it.
   at System.Net.Sockets.Socket.AwaitableSocketAsyncEventArgs.ThrowException(SocketError error, CancellationToken cancellationToken)
   at System.Net.Sockets.Socket.AwaitableSocketAsyncEventArgs.System.Threading.Tasks.Sources.IValueTaskSource.GetResult(Int16 token)
   at Npgsql.Internal.NpgsqlConnector.ConnectAsync(NpgsqlTimeout timeout, CancellationToken cancellationToken)
   at Npgsql.Internal.NpgsqlConnector.ConnectAsync(NpgsqlTimeout timeout, CancellationToken cancellationToken)
   at Npgsql.Internal.NpgsqlConnector.RawOpen(NpgsqlTimeout timeout, Boolean async, CancellationToken cancellationToken)
   at Npgsql.Internal.NpgsqlConnector.<Open>g__OpenCore|209_0(NpgsqlConnector conn, String username, SslMode sslMode, GssEncryptionMode gssEncMode, NpgsqlTimeout timeout, Boolean async, CancellationToken cancellationToken)
   at Npgsql.Internal.NpgsqlConnector.Open(NpgsqlTimeout timeout, Boolean async, CancellationToken cancellationToken)
   at Npgsql.PoolingDataSource.OpenNewConnector(NpgsqlConnection conn, NpgsqlTimeout timeout, Boolean async, CancellationToken cancellationToken)
   at Npgsql.PoolingDataSource.<Get>g__RentAsync|33_0(NpgsqlConnection conn, NpgsqlTimeout timeout, Boolean async, CancellationToken cancellationToken)
   at Npgsql.NpgsqlConnection.<Open>g__OpenAsync|42_0(Boolean async, CancellationToken cancellationToken)
   at Microsoft.EntityFrameworkCore.Storage.RelationalConnection.OpenInternalAsync(Boolean errorsExpected, CancellationToken cancellationToken)
   at Microsoft.EntityFrameworkCore.Storage.RelationalConnection.OpenInternalAsync(Boolean errorsExpected, CancellationToken cancellationToken)
   at Microsoft.EntityFrameworkCore.Storage.RelationalConnection.OpenAsync(CancellationToken cancellationToken, Boolean errorsExpected)
   at Microsoft.EntityFrameworkCore.Storage.RelationalCommand.ExecuteReaderAsync(RelationalCommandParameterObject parameterObject, CancellationToken cancellationToken)
   at Microsoft.EntityFrameworkCore.Query.Internal.SplitQueryingEnumerable`1.AsyncEnumerator.InitializeReaderAsync(AsyncEnumerator enumerator, CancellationToken cancellationToken)
   at Npgsql.EntityFrameworkCore.PostgreSQL.Storage.Internal.NpgsqlExecutionStrategy.ExecuteAsync[TState,TResult](TState state, Func`4 operation, Func`4 verifySucceeded, CancellationToken cancellationToken)
   --- End of inner exception stack trace ---
   at Npgsql.EntityFrameworkCore.PostgreSQL.Storage.Internal.NpgsqlExecutionStrategy.ExecuteAsync[TState,TResult](TState state, Func`4 operation, Func`4 verifySucceeded, CancellationToken cancellationToken)
   at Microsoft.EntityFrameworkCore.Query.Internal.SplitQueryingEnumerable`1.AsyncEnumerator.MoveNextAsync() System.InvalidOperationException: An exception has been raised that is likely due to a transient failure.
 ---> Npgsql.NpgsqlException (0x80004005): Failed to connect to 127.0.0.1:5432
 ---> System.Net.Sockets.SocketException (10061): No connection could be made because the target machine actively refused it.
   at System.Net.Sockets.Socket.AwaitableSocketAsyncEventArgs.ThrowException(SocketError error, CancellationToken cancellationToken)
   at System.Net.Sockets.Socket.AwaitableSocketAsyncEventArgs.System.Threading.Tasks.Sources.IValueTaskSource.GetResult(Int16 token)
   at Npgsql.Internal.NpgsqlConnector.ConnectAsync(NpgsqlTimeout timeout, CancellationToken cancellationToken)
   at Npgsql.Internal.NpgsqlConnector.ConnectAsync(NpgsqlTimeout timeout, CancellationToken cancellationToken)
   at Npgsql.Internal.NpgsqlConnector.RawOpen(NpgsqlTimeout timeout, Boolean async, CancellationToken cancellationToken)
   at Npgsql.Internal.NpgsqlConnector.<Open>g__OpenCore|209_0(NpgsqlConnector conn, String username, SslMode sslMode, GssEncryptionMode gssEncMode, NpgsqlTimeout timeout, Boolean async, CancellationToken cancellationToken)
   at Npgsql.Internal.NpgsqlConnector.Open(NpgsqlTimeout timeout, Boolean async, CancellationToken cancellationToken)
   at Npgsql.PoolingDataSource.OpenNewConnector(NpgsqlConnection conn, NpgsqlTimeout timeout, Boolean async, CancellationToken cancellationToken)
   at Npgsql.PoolingDataSource.<Get>g__RentAsync|33_0(NpgsqlConnection conn, NpgsqlTimeout timeout, Boolean async, CancellationToken cancellationToken)
   at Npgsql.NpgsqlConnection.<Open>g__OpenAsync|42_0(Boolean async, CancellationToken cancellationToken)
   at Microsoft.EntityFrameworkCore.Storage.RelationalConnection.OpenInternalAsync(Boolean errorsExpected, CancellationToken cancellationToken)
   at Microsoft.EntityFrameworkCore.Storage.RelationalConnection.OpenInternalAsync(Boolean errorsExpected, CancellationToken cancellationToken)
   at Microsoft.EntityFrameworkCore.Storage.RelationalConnection.OpenAsync(CancellationToken cancellationToken, Boolean errorsExpected)
   at Microsoft.EntityFrameworkCore.Storage.RelationalCommand.ExecuteReaderAsync(RelationalCommandParameterObject parameterObject, CancellationToken cancellationToken)
   at Microsoft.EntityFrameworkCore.Query.Internal.SplitQueryingEnumerable`1.AsyncEnumerator.InitializeReaderAsync(AsyncEnumerator enumerator, CancellationToken cancellationToken)
   at Npgsql.EntityFrameworkCore.PostgreSQL.Storage.Internal.NpgsqlExecutionStrategy.ExecuteAsync[TState,TResult](TState state, Func`4 operation, Func`4 verifySucceeded, CancellationToken cancellationToken)
   --- End of inner exception stack trace ---
   at Npgsql.EntityFrameworkCore.PostgreSQL.Storage.Internal.NpgsqlExecutionStrategy.ExecuteAsync[TState,TResult](TState state, Func`4 operation, Func`4 verifySucceeded, CancellationToken cancellationToken)
   at Microsoft.EntityFrameworkCore.Query.Internal.SplitQueryingEnumerable`1.AsyncEnumerator.MoveNextAsync()
2026-05-20 14:23:41.4251 [ERROR] Microsoft.EntityFrameworkCore.Database.Connection - An error occurred using the connection to database 'taphoa2_db' on server 'tcp://localhost:5432'. 
2026-05-20 14:23:41.4251 [ERROR] Microsoft.EntityFrameworkCore.Query - An exception occurred while iterating over the results of a query for context type 'TapHoa.Persistence.Data.AppDbContext'.
System.InvalidOperationException: An exception has been raised that is likely due to a transient failure.
 ---> Npgsql.NpgsqlException (0x80004005): Failed to connect to 127.0.0.1:5432
 ---> System.Net.Sockets.SocketException (10061): No connection could be made because the target machine actively refused it.
   at System.Net.Sockets.Socket.AwaitableSocketAsyncEventArgs.ThrowException(SocketError error, CancellationToken cancellationToken)
   at System.Net.Sockets.Socket.AwaitableSocketAsyncEventArgs.System.Threading.Tasks.Sources.IValueTaskSource.GetResult(Int16 token)
   at Npgsql.Internal.NpgsqlConnector.ConnectAsync(NpgsqlTimeout timeout, CancellationToken cancellationToken)
   at Npgsql.Internal.NpgsqlConnector.ConnectAsync(NpgsqlTimeout timeout, CancellationToken cancellationToken)
   at Npgsql.Internal.NpgsqlConnector.RawOpen(NpgsqlTimeout timeout, Boolean async, CancellationToken cancellationToken)
   at Npgsql.Internal.NpgsqlConnector.<Open>g__OpenCore|209_0(NpgsqlConnector conn, String username, SslMode sslMode, GssEncryptionMode gssEncMode, NpgsqlTimeout timeout, Boolean async, CancellationToken cancellationToken)
   at Npgsql.Internal.NpgsqlConnector.Open(NpgsqlTimeout timeout, Boolean async, CancellationToken cancellationToken)
   at Npgsql.PoolingDataSource.OpenNewConnector(NpgsqlConnection conn, NpgsqlTimeout timeout, Boolean async, CancellationToken cancellationToken)
   at Npgsql.PoolingDataSource.<Get>g__RentAsync|33_0(NpgsqlConnection conn, NpgsqlTimeout timeout, Boolean async, CancellationToken cancellationToken)
   at Npgsql.NpgsqlConnection.<Open>g__OpenAsync|42_0(Boolean async, CancellationToken cancellationToken)
   at Microsoft.EntityFrameworkCore.Storage.RelationalConnection.OpenInternalAsync(Boolean errorsExpected, CancellationToken cancellationToken)
   at Microsoft.EntityFrameworkCore.Storage.RelationalConnection.OpenInternalAsync(Boolean errorsExpected, CancellationToken cancellationToken)
   at Microsoft.EntityFrameworkCore.Storage.RelationalConnection.OpenAsync(CancellationToken cancellationToken, Boolean errorsExpected)
   at Microsoft.EntityFrameworkCore.Storage.RelationalCommand.ExecuteReaderAsync(RelationalCommandParameterObject parameterObject, CancellationToken cancellationToken)
   at Microsoft.EntityFrameworkCore.Query.Internal.SplitQueryingEnumerable`1.AsyncEnumerator.InitializeReaderAsync(AsyncEnumerator enumerator, CancellationToken cancellationToken)
   at Npgsql.EntityFrameworkCore.PostgreSQL.Storage.Internal.NpgsqlExecutionStrategy.ExecuteAsync[TState,TResult](TState state, Func`4 operation, Func`4 verifySucceeded, CancellationToken cancellationToken)
   --- End of inner exception stack trace ---
   at Npgsql.EntityFrameworkCore.PostgreSQL.Storage.Internal.NpgsqlExecutionStrategy.ExecuteAsync[TState,TResult](TState state, Func`4 operation, Func`4 verifySucceeded, CancellationToken cancellationToken)
   at Microsoft.EntityFrameworkCore.Query.Internal.SplitQueryingEnumerable`1.AsyncEnumerator.MoveNextAsync() System.InvalidOperationException: An exception has been raised that is likely due to a transient failure.
 ---> Npgsql.NpgsqlException (0x80004005): Failed to connect to 127.0.0.1:5432
 ---> System.Net.Sockets.SocketException (10061): No connection could be made because the target machine actively refused it.
   at System.Net.Sockets.Socket.AwaitableSocketAsyncEventArgs.ThrowException(SocketError error, CancellationToken cancellationToken)
   at System.Net.Sockets.Socket.AwaitableSocketAsyncEventArgs.System.Threading.Tasks.Sources.IValueTaskSource.GetResult(Int16 token)
   at Npgsql.Internal.NpgsqlConnector.ConnectAsync(NpgsqlTimeout timeout, CancellationToken cancellationToken)
   at Npgsql.Internal.NpgsqlConnector.ConnectAsync(NpgsqlTimeout timeout, CancellationToken cancellationToken)
   at Npgsql.Internal.NpgsqlConnector.RawOpen(NpgsqlTimeout timeout, Boolean async, CancellationToken cancellationToken)
   at Npgsql.Internal.NpgsqlConnector.<Open>g__OpenCore|209_0(NpgsqlConnector conn, String username, SslMode sslMode, GssEncryptionMode gssEncMode, NpgsqlTimeout timeout, Boolean async, CancellationToken cancellationToken)
   at Npgsql.Internal.NpgsqlConnector.Open(NpgsqlTimeout timeout, Boolean async, CancellationToken cancellationToken)
   at Npgsql.PoolingDataSource.OpenNewConnector(NpgsqlConnection conn, NpgsqlTimeout timeout, Boolean async, CancellationToken cancellationToken)
   at Npgsql.PoolingDataSource.<Get>g__RentAsync|33_0(NpgsqlConnection conn, NpgsqlTimeout timeout, Boolean async, CancellationToken cancellationToken)
   at Npgsql.NpgsqlConnection.<Open>g__OpenAsync|42_0(Boolean async, CancellationToken cancellationToken)
   at Microsoft.EntityFrameworkCore.Storage.RelationalConnection.OpenInternalAsync(Boolean errorsExpected, CancellationToken cancellationToken)
   at Microsoft.EntityFrameworkCore.Storage.RelationalConnection.OpenInternalAsync(Boolean errorsExpected, CancellationToken cancellationToken)
   at Microsoft.EntityFrameworkCore.Storage.RelationalConnection.OpenAsync(CancellationToken cancellationToken, Boolean errorsExpected)
   at Microsoft.EntityFrameworkCore.Storage.RelationalCommand.ExecuteReaderAsync(RelationalCommandParameterObject parameterObject, CancellationToken cancellationToken)
   at Microsoft.EntityFrameworkCore.Query.Internal.SplitQueryingEnumerable`1.AsyncEnumerator.InitializeReaderAsync(AsyncEnumerator enumerator, CancellationToken cancellationToken)
   at Npgsql.EntityFrameworkCore.PostgreSQL.Storage.Internal.NpgsqlExecutionStrategy.ExecuteAsync[TState,TResult](TState state, Func`4 operation, Func`4 verifySucceeded, CancellationToken cancellationToken)
   --- End of inner exception stack trace ---
   at Npgsql.EntityFrameworkCore.PostgreSQL.Storage.Internal.NpgsqlExecutionStrategy.ExecuteAsync[TState,TResult](TState state, Func`4 operation, Func`4 verifySucceeded, CancellationToken cancellationToken)
   at Microsoft.EntityFrameworkCore.Query.Internal.SplitQueryingEnumerable`1.AsyncEnumerator.MoveNextAsync()
2026-05-20 14:23:51.9378 [ERROR] Microsoft.EntityFrameworkCore.Database.Connection - An error occurred using the connection to database 'taphoa2_db' on server 'tcp://localhost:5432'. 
2026-05-20 14:23:51.9378 [ERROR] Microsoft.EntityFrameworkCore.Query - An exception occurred while iterating over the results of a query for context type 'TapHoa.Persistence.Data.AppDbContext'.
System.InvalidOperationException: An exception has been raised that is likely due to a transient failure.
 ---> Npgsql.NpgsqlException (0x80004005): Failed to connect to 127.0.0.1:5432
 ---> System.Net.Sockets.SocketException (10061): No connection could be made because the target machine actively refused it.
   at System.Net.Sockets.Socket.AwaitableSocketAsyncEventArgs.ThrowException(SocketError error, CancellationToken cancellationToken)
   at System.Net.Sockets.Socket.AwaitableSocketAsyncEventArgs.System.Threading.Tasks.Sources.IValueTaskSource.GetResult(Int16 token)
   at Npgsql.Internal.NpgsqlConnector.ConnectAsync(NpgsqlTimeout timeout, CancellationToken cancellationToken)
   at Npgsql.Internal.NpgsqlConnector.ConnectAsync(NpgsqlTimeout timeout, CancellationToken cancellationToken)
   at Npgsql.Internal.NpgsqlConnector.RawOpen(NpgsqlTimeout timeout, Boolean async, CancellationToken cancellationToken)
   at Npgsql.Internal.NpgsqlConnector.<Open>g__OpenCore|209_0(NpgsqlConnector conn, String username, SslMode sslMode, GssEncryptionMode gssEncMode, NpgsqlTimeout timeout, Boolean async, CancellationToken cancellationToken)
   at Npgsql.Internal.NpgsqlConnector.Open(NpgsqlTimeout timeout, Boolean async, CancellationToken cancellationToken)
   at Npgsql.PoolingDataSource.OpenNewConnector(NpgsqlConnection conn, NpgsqlTimeout timeout, Boolean async, CancellationToken cancellationToken)
   at Npgsql.PoolingDataSource.<Get>g__RentAsync|33_0(NpgsqlConnection conn, NpgsqlTimeout timeout, Boolean async, CancellationToken cancellationToken)
   at Npgsql.NpgsqlConnection.<Open>g__OpenAsync|42_0(Boolean async, CancellationToken cancellationToken)
   at Microsoft.EntityFrameworkCore.Storage.RelationalConnection.OpenInternalAsync(Boolean errorsExpected, CancellationToken cancellationToken)
   at Microsoft.EntityFrameworkCore.Storage.RelationalConnection.OpenInternalAsync(Boolean errorsExpected, CancellationToken cancellationToken)
   at Microsoft.EntityFrameworkCore.Storage.RelationalConnection.OpenAsync(CancellationToken cancellationToken, Boolean errorsExpected)
   at Microsoft.EntityFrameworkCore.Storage.RelationalCommand.ExecuteReaderAsync(RelationalCommandParameterObject parameterObject, CancellationToken cancellationToken)
   at Microsoft.EntityFrameworkCore.Query.Internal.SplitQueryingEnumerable`1.AsyncEnumerator.InitializeReaderAsync(AsyncEnumerator enumerator, CancellationToken cancellationToken)
   at Npgsql.EntityFrameworkCore.PostgreSQL.Storage.Internal.NpgsqlExecutionStrategy.ExecuteAsync[TState,TResult](TState state, Func`4 operation, Func`4 verifySucceeded, CancellationToken cancellationToken)
   --- End of inner exception stack trace ---
   at Npgsql.EntityFrameworkCore.PostgreSQL.Storage.Internal.NpgsqlExecutionStrategy.ExecuteAsync[TState,TResult](TState state, Func`4 operation, Func`4 verifySucceeded, CancellationToken cancellationToken)
   at Microsoft.EntityFrameworkCore.Query.Internal.SplitQueryingEnumerable`1.AsyncEnumerator.MoveNextAsync() System.InvalidOperationException: An exception has been raised that is likely due to a transient failure.
 ---> Npgsql.NpgsqlException (0x80004005): Failed to connect to 127.0.0.1:5432
 ---> System.Net.Sockets.SocketException (10061): No connection could be made because the target machine actively refused it.
   at System.Net.Sockets.Socket.AwaitableSocketAsyncEventArgs.ThrowException(SocketError error, CancellationToken cancellationToken)
   at System.Net.Sockets.Socket.AwaitableSocketAsyncEventArgs.System.Threading.Tasks.Sources.IValueTaskSource.GetResult(Int16 token)
   at Npgsql.Internal.NpgsqlConnector.ConnectAsync(NpgsqlTimeout timeout, CancellationToken cancellationToken)
   at Npgsql.Internal.NpgsqlConnector.ConnectAsync(NpgsqlTimeout timeout, CancellationToken cancellationToken)
   at Npgsql.Internal.NpgsqlConnector.RawOpen(NpgsqlTimeout timeout, Boolean async, CancellationToken cancellationToken)
   at Npgsql.Internal.NpgsqlConnector.<Open>g__OpenCore|209_0(NpgsqlConnector conn, String username, SslMode sslMode, GssEncryptionMode gssEncMode, NpgsqlTimeout timeout, Boolean async, CancellationToken cancellationToken)
   at Npgsql.Internal.NpgsqlConnector.Open(NpgsqlTimeout timeout, Boolean async, CancellationToken cancellationToken)
   at Npgsql.PoolingDataSource.OpenNewConnector(NpgsqlConnection conn, NpgsqlTimeout timeout, Boolean async, CancellationToken cancellationToken)
   at Npgsql.PoolingDataSource.<Get>g__RentAsync|33_0(NpgsqlConnection conn, NpgsqlTimeout timeout, Boolean async, CancellationToken cancellationToken)
   at Npgsql.NpgsqlConnection.<Open>g__OpenAsync|42_0(Boolean async, CancellationToken cancellationToken)
   at Microsoft.EntityFrameworkCore.Storage.RelationalConnection.OpenInternalAsync(Boolean errorsExpected, CancellationToken cancellationToken)
   at Microsoft.EntityFrameworkCore.Storage.RelationalConnection.OpenInternalAsync(Boolean errorsExpected, CancellationToken cancellationToken)
   at Microsoft.EntityFrameworkCore.Storage.RelationalConnection.OpenAsync(CancellationToken cancellationToken, Boolean errorsExpected)
   at Microsoft.EntityFrameworkCore.Storage.RelationalCommand.ExecuteReaderAsync(RelationalCommandParameterObject parameterObject, CancellationToken cancellationToken)
   at Microsoft.EntityFrameworkCore.Query.Internal.SplitQueryingEnumerable`1.AsyncEnumerator.InitializeReaderAsync(AsyncEnumerator enumerator, CancellationToken cancellationToken)
   at Npgsql.EntityFrameworkCore.PostgreSQL.Storage.Internal.NpgsqlExecutionStrategy.ExecuteAsync[TState,TResult](TState state, Func`4 operation, Func`4 verifySucceeded, CancellationToken cancellationToken)
   --- End of inner exception stack trace ---
   at Npgsql.EntityFrameworkCore.PostgreSQL.Storage.Internal.NpgsqlExecutionStrategy.ExecuteAsync[TState,TResult](TState state, Func`4 operation, Func`4 verifySucceeded, CancellationToken cancellationToken)
   at Microsoft.EntityFrameworkCore.Query.Internal.SplitQueryingEnumerable`1.AsyncEnumerator.MoveNextAsync()
2026-05-20 14:32:00.6153 [ERROR] Microsoft.EntityFrameworkCore.Database.Connection - An error occurred using the connection to database 'taphoa2_db' on server 'tcp://localhost:5432'. 
2026-05-20 14:32:00.6171 [ERROR] Microsoft.EntityFrameworkCore.Query - An exception occurred while iterating over the results of a query for context type 'TapHoa.Persistence.Data.AppDbContext'.
System.InvalidOperationException: An exception has been raised that is likely due to a transient failure.
 ---> Npgsql.NpgsqlException (0x80004005): Failed to connect to 127.0.0.1:5432
 ---> System.Net.Sockets.SocketException (10061): No connection could be made because the target machine actively refused it.
   at System.Net.Sockets.Socket.AwaitableSocketAsyncEventArgs.ThrowException(SocketError error, CancellationToken cancellationToken)
   at System.Net.Sockets.Socket.AwaitableSocketAsyncEventArgs.System.Threading.Tasks.Sources.IValueTaskSource.GetResult(Int16 token)
   at Npgsql.Internal.NpgsqlConnector.ConnectAsync(NpgsqlTimeout timeout, CancellationToken cancellationToken)
   at Npgsql.Internal.NpgsqlConnector.ConnectAsync(NpgsqlTimeout timeout, CancellationToken cancellationToken)
   at Npgsql.Internal.NpgsqlConnector.RawOpen(NpgsqlTimeout timeout, Boolean async, CancellationToken cancellationToken)
   at Npgsql.Internal.NpgsqlConnector.<Open>g__OpenCore|209_0(NpgsqlConnector conn, String username, SslMode sslMode, GssEncryptionMode gssEncMode, NpgsqlTimeout timeout, Boolean async, CancellationToken cancellationToken)
   at Npgsql.Internal.NpgsqlConnector.Open(NpgsqlTimeout timeout, Boolean async, CancellationToken cancellationToken)
   at Npgsql.PoolingDataSource.OpenNewConnector(NpgsqlConnection conn, NpgsqlTimeout timeout, Boolean async, CancellationToken cancellationToken)
   at Npgsql.PoolingDataSource.<Get>g__RentAsync|33_0(NpgsqlConnection conn, NpgsqlTimeout timeout, Boolean async, CancellationToken cancellationToken)
   at Npgsql.NpgsqlConnection.<Open>g__OpenAsync|42_0(Boolean async, CancellationToken cancellationToken)
   at Microsoft.EntityFrameworkCore.Storage.RelationalConnection.OpenInternalAsync(Boolean errorsExpected, CancellationToken cancellationToken)
   at Microsoft.EntityFrameworkCore.Storage.RelationalConnection.OpenInternalAsync(Boolean errorsExpected, CancellationToken cancellationToken)
   at Microsoft.EntityFrameworkCore.Storage.RelationalConnection.OpenAsync(CancellationToken cancellationToken, Boolean errorsExpected)
   at Microsoft.EntityFrameworkCore.Storage.RelationalCommand.ExecuteReaderAsync(RelationalCommandParameterObject parameterObject, CancellationToken cancellationToken)
   at Microsoft.EntityFrameworkCore.Query.Internal.SplitQueryingEnumerable`1.AsyncEnumerator.InitializeReaderAsync(AsyncEnumerator enumerator, CancellationToken cancellationToken)
   at Npgsql.EntityFrameworkCore.PostgreSQL.Storage.Internal.NpgsqlExecutionStrategy.ExecuteAsync[TState,TResult](TState state, Func`4 operation, Func`4 verifySucceeded, CancellationToken cancellationToken)
   --- End of inner exception stack trace ---
   at Npgsql.EntityFrameworkCore.PostgreSQL.Storage.Internal.NpgsqlExecutionStrategy.ExecuteAsync[TState,TResult](TState state, Func`4 operation, Func`4 verifySucceeded, CancellationToken cancellationToken)
   at Microsoft.EntityFrameworkCore.Query.Internal.SplitQueryingEnumerable`1.AsyncEnumerator.MoveNextAsync() System.InvalidOperationException: An exception has been raised that is likely due to a transient failure.
 ---> Npgsql.NpgsqlException (0x80004005): Failed to connect to 127.0.0.1:5432
 ---> System.Net.Sockets.SocketException (10061): No connection could be made because the target machine actively refused it.
   at System.Net.Sockets.Socket.AwaitableSocketAsyncEventArgs.ThrowException(SocketError error, CancellationToken cancellationToken)
   at System.Net.Sockets.Socket.AwaitableSocketAsyncEventArgs.System.Threading.Tasks.Sources.IValueTaskSource.GetResult(Int16 token)
   at Npgsql.Internal.NpgsqlConnector.ConnectAsync(NpgsqlTimeout timeout, CancellationToken cancellationToken)
   at Npgsql.Internal.NpgsqlConnector.ConnectAsync(NpgsqlTimeout timeout, CancellationToken cancellationToken)
   at Npgsql.Internal.NpgsqlConnector.RawOpen(NpgsqlTimeout timeout, Boolean async, CancellationToken cancellationToken)
   at Npgsql.Internal.NpgsqlConnector.<Open>g__OpenCore|209_0(NpgsqlConnector conn, String username, SslMode sslMode, GssEncryptionMode gssEncMode, NpgsqlTimeout timeout, Boolean async, CancellationToken cancellationToken)
   at Npgsql.Internal.NpgsqlConnector.Open(NpgsqlTimeout timeout, Boolean async, CancellationToken cancellationToken)
   at Npgsql.PoolingDataSource.OpenNewConnector(NpgsqlConnection conn, NpgsqlTimeout timeout, Boolean async, CancellationToken cancellationToken)
   at Npgsql.PoolingDataSource.<Get>g__RentAsync|33_0(NpgsqlConnection conn, NpgsqlTimeout timeout, Boolean async, CancellationToken cancellationToken)
   at Npgsql.NpgsqlConnection.<Open>g__OpenAsync|42_0(Boolean async, CancellationToken cancellationToken)
   at Microsoft.EntityFrameworkCore.Storage.RelationalConnection.OpenInternalAsync(Boolean errorsExpected, CancellationToken cancellationToken)
   at Microsoft.EntityFrameworkCore.Storage.RelationalConnection.OpenInternalAsync(Boolean errorsExpected, CancellationToken cancellationToken)
   at Microsoft.EntityFrameworkCore.Storage.RelationalConnection.OpenAsync(CancellationToken cancellationToken, Boolean errorsExpected)
   at Microsoft.EntityFrameworkCore.Storage.RelationalCommand.ExecuteReaderAsync(RelationalCommandParameterObject parameterObject, CancellationToken cancellationToken)
   at Microsoft.EntityFrameworkCore.Query.Internal.SplitQueryingEnumerable`1.AsyncEnumerator.InitializeReaderAsync(AsyncEnumerator enumerator, CancellationToken cancellationToken)
   at Npgsql.EntityFrameworkCore.PostgreSQL.Storage.Internal.NpgsqlExecutionStrategy.ExecuteAsync[TState,TResult](TState state, Func`4 operation, Func`4 verifySucceeded, CancellationToken cancellationToken)
   --- End of inner exception stack trace ---
   at Npgsql.EntityFrameworkCore.PostgreSQL.Storage.Internal.NpgsqlExecutionStrategy.ExecuteAsync[TState,TResult](TState state, Func`4 operation, Func`4 verifySucceeded, CancellationToken cancellationToken)
   at Microsoft.EntityFrameworkCore.Query.Internal.SplitQueryingEnumerable`1.AsyncEnumerator.MoveNextAsync()
2026-05-20 14:34:02.1258 [ERROR] Microsoft.EntityFrameworkCore.Database.Connection - An error occurred using the connection to database 'taphoa2_db' on server 'tcp://localhost:5432'. 
2026-05-20 14:34:02.1338 [ERROR] Microsoft.EntityFrameworkCore.Query - An exception occurred while iterating over the results of a query for context type 'TapHoa.Persistence.Data.AppDbContext'.
System.InvalidOperationException: An exception has been raised that is likely due to a transient failure.
 ---> Npgsql.NpgsqlException (0x80004005): Failed to connect to 127.0.0.1:5432
 ---> System.Net.Sockets.SocketException (10061): No connection could be made because the target machine actively refused it.
   at System.Net.Sockets.Socket.AwaitableSocketAsyncEventArgs.ThrowException(SocketError error, CancellationToken cancellationToken)
   at System.Net.Sockets.Socket.AwaitableSocketAsyncEventArgs.System.Threading.Tasks.Sources.IValueTaskSource.GetResult(Int16 token)
   at Npgsql.Internal.NpgsqlConnector.ConnectAsync(NpgsqlTimeout timeout, CancellationToken cancellationToken)
   at Npgsql.Internal.NpgsqlConnector.ConnectAsync(NpgsqlTimeout timeout, CancellationToken cancellationToken)
   at Npgsql.Internal.NpgsqlConnector.RawOpen(NpgsqlTimeout timeout, Boolean async, CancellationToken cancellationToken)
   at Npgsql.Internal.NpgsqlConnector.<Open>g__OpenCore|209_0(NpgsqlConnector conn, String username, SslMode sslMode, GssEncryptionMode gssEncMode, NpgsqlTimeout timeout, Boolean async, CancellationToken cancellationToken)
   at Npgsql.Internal.NpgsqlConnector.Open(NpgsqlTimeout timeout, Boolean async, CancellationToken cancellationToken)
   at Npgsql.PoolingDataSource.OpenNewConnector(NpgsqlConnection conn, NpgsqlTimeout timeout, Boolean async, CancellationToken cancellationToken)
   at Npgsql.PoolingDataSource.<Get>g__RentAsync|33_0(NpgsqlConnection conn, NpgsqlTimeout timeout, Boolean async, CancellationToken cancellationToken)
   at Npgsql.NpgsqlConnection.<Open>g__OpenAsync|42_0(Boolean async, CancellationToken cancellationToken)
   at Microsoft.EntityFrameworkCore.Storage.RelationalConnection.OpenInternalAsync(Boolean errorsExpected, CancellationToken cancellationToken)
   at Microsoft.EntityFrameworkCore.Storage.RelationalConnection.OpenInternalAsync(Boolean errorsExpected, CancellationToken cancellationToken)
   at Microsoft.EntityFrameworkCore.Storage.RelationalConnection.OpenAsync(CancellationToken cancellationToken, Boolean errorsExpected)
   at Microsoft.EntityFrameworkCore.Storage.RelationalCommand.ExecuteReaderAsync(RelationalCommandParameterObject parameterObject, CancellationToken cancellationToken)
   at Microsoft.EntityFrameworkCore.Query.Internal.SplitQueryingEnumerable`1.AsyncEnumerator.InitializeReaderAsync(AsyncEnumerator enumerator, CancellationToken cancellationToken)
   at Npgsql.EntityFrameworkCore.PostgreSQL.Storage.Internal.NpgsqlExecutionStrategy.ExecuteAsync[TState,TResult](TState state, Func`4 operation, Func`4 verifySucceeded, CancellationToken cancellationToken)
   --- End of inner exception stack trace ---
   at Npgsql.EntityFrameworkCore.PostgreSQL.Storage.Internal.NpgsqlExecutionStrategy.ExecuteAsync[TState,TResult](TState state, Func`4 operation, Func`4 verifySucceeded, CancellationToken cancellationToken)
   at Microsoft.EntityFrameworkCore.Query.Internal.SplitQueryingEnumerable`1.AsyncEnumerator.MoveNextAsync() System.InvalidOperationException: An exception has been raised that is likely due to a transient failure.
 ---> Npgsql.NpgsqlException (0x80004005): Failed to connect to 127.0.0.1:5432
 ---> System.Net.Sockets.SocketException (10061): No connection could be made because the target machine actively refused it.
   at System.Net.Sockets.Socket.AwaitableSocketAsyncEventArgs.ThrowException(SocketError error, CancellationToken cancellationToken)
   at System.Net.Sockets.Socket.AwaitableSocketAsyncEventArgs.System.Threading.Tasks.Sources.IValueTaskSource.GetResult(Int16 token)
   at Npgsql.Internal.NpgsqlConnector.ConnectAsync(NpgsqlTimeout timeout, CancellationToken cancellationToken)
   at Npgsql.Internal.NpgsqlConnector.ConnectAsync(NpgsqlTimeout timeout, CancellationToken cancellationToken)
   at Npgsql.Internal.NpgsqlConnector.RawOpen(NpgsqlTimeout timeout, Boolean async, CancellationToken cancellationToken)
   at Npgsql.Internal.NpgsqlConnector.<Open>g__OpenCore|209_0(NpgsqlConnector conn, String username, SslMode sslMode, GssEncryptionMode gssEncMode, NpgsqlTimeout timeout, Boolean async, CancellationToken cancellationToken)
   at Npgsql.Internal.NpgsqlConnector.Open(NpgsqlTimeout timeout, Boolean async, CancellationToken cancellationToken)
   at Npgsql.PoolingDataSource.OpenNewConnector(NpgsqlConnection conn, NpgsqlTimeout timeout, Boolean async, CancellationToken cancellationToken)
   at Npgsql.PoolingDataSource.<Get>g__RentAsync|33_0(NpgsqlConnection conn, NpgsqlTimeout timeout, Boolean async, CancellationToken cancellationToken)
   at Npgsql.NpgsqlConnection.<Open>g__OpenAsync|42_0(Boolean async, CancellationToken cancellationToken)
   at Microsoft.EntityFrameworkCore.Storage.RelationalConnection.OpenInternalAsync(Boolean errorsExpected, CancellationToken cancellationToken)
   at Microsoft.EntityFrameworkCore.Storage.RelationalConnection.OpenInternalAsync(Boolean errorsExpected, CancellationToken cancellationToken)
   at Microsoft.EntityFrameworkCore.Storage.RelationalConnection.OpenAsync(CancellationToken cancellationToken, Boolean errorsExpected)
   at Microsoft.EntityFrameworkCore.Storage.RelationalCommand.ExecuteReaderAsync(RelationalCommandParameterObject parameterObject, CancellationToken cancellationToken)
   at Microsoft.EntityFrameworkCore.Query.Internal.SplitQueryingEnumerable`1.AsyncEnumerator.InitializeReaderAsync(AsyncEnumerator enumerator, CancellationToken cancellationToken)
   at Npgsql.EntityFrameworkCore.PostgreSQL.Storage.Internal.NpgsqlExecutionStrategy.ExecuteAsync[TState,TResult](TState state, Func`4 operation, Func`4 verifySucceeded, CancellationToken cancellationToken)
   --- End of inner exception stack trace ---
   at Npgsql.EntityFrameworkCore.PostgreSQL.Storage.Internal.NpgsqlExecutionStrategy.ExecuteAsync[TState,TResult](TState state, Func`4 operation, Func`4 verifySucceeded, CancellationToken cancellationToken)
   at Microsoft.EntityFrameworkCore.Query.Internal.SplitQueryingEnumerable`1.AsyncEnumerator.MoveNextAsync()
2026-05-20 14:34:15.1578 [ERROR] Microsoft.EntityFrameworkCore.Database.Connection - An error occurred using the connection to database 'taphoa2_db' on server 'tcp://localhost:5432'. 
2026-05-20 14:34:15.1578 [ERROR] Microsoft.EntityFrameworkCore.Query - An exception occurred while iterating over the results of a query for context type 'TapHoa.Persistence.Data.AppDbContext'.
System.InvalidOperationException: An exception has been raised that is likely due to a transient failure.
 ---> Npgsql.NpgsqlException (0x80004005): Failed to connect to 127.0.0.1:5432
 ---> System.Net.Sockets.SocketException (10061): No connection could be made because the target machine actively refused it.
   at System.Net.Sockets.Socket.AwaitableSocketAsyncEventArgs.ThrowException(SocketError error, CancellationToken cancellationToken)
   at System.Net.Sockets.Socket.AwaitableSocketAsyncEventArgs.System.Threading.Tasks.Sources.IValueTaskSource.GetResult(Int16 token)
   at Npgsql.Internal.NpgsqlConnector.ConnectAsync(NpgsqlTimeout timeout, CancellationToken cancellationToken)
   at Npgsql.Internal.NpgsqlConnector.ConnectAsync(NpgsqlTimeout timeout, CancellationToken cancellationToken)
   at Npgsql.Internal.NpgsqlConnector.RawOpen(NpgsqlTimeout timeout, Boolean async, CancellationToken cancellationToken)
   at Npgsql.Internal.NpgsqlConnector.<Open>g__OpenCore|209_0(NpgsqlConnector conn, String username, SslMode sslMode, GssEncryptionMode gssEncMode, NpgsqlTimeout timeout, Boolean async, CancellationToken cancellationToken)
   at Npgsql.Internal.NpgsqlConnector.Open(NpgsqlTimeout timeout, Boolean async, CancellationToken cancellationToken)
   at Npgsql.PoolingDataSource.OpenNewConnector(NpgsqlConnection conn, NpgsqlTimeout timeout, Boolean async, CancellationToken cancellationToken)
   at Npgsql.PoolingDataSource.<Get>g__RentAsync|33_0(NpgsqlConnection conn, NpgsqlTimeout timeout, Boolean async, CancellationToken cancellationToken)
   at Npgsql.NpgsqlConnection.<Open>g__OpenAsync|42_0(Boolean async, CancellationToken cancellationToken)
   at Microsoft.EntityFrameworkCore.Storage.RelationalConnection.OpenInternalAsync(Boolean errorsExpected, CancellationToken cancellationToken)
   at Microsoft.EntityFrameworkCore.Storage.RelationalConnection.OpenInternalAsync(Boolean errorsExpected, CancellationToken cancellationToken)
   at Microsoft.EntityFrameworkCore.Storage.RelationalConnection.OpenAsync(CancellationToken cancellationToken, Boolean errorsExpected)
   at Microsoft.EntityFrameworkCore.Storage.RelationalCommand.ExecuteReaderAsync(RelationalCommandParameterObject parameterObject, CancellationToken cancellationToken)
   at Microsoft.EntityFrameworkCore.Query.Internal.SplitQueryingEnumerable`1.AsyncEnumerator.InitializeReaderAsync(AsyncEnumerator enumerator, CancellationToken cancellationToken)
   at Npgsql.EntityFrameworkCore.PostgreSQL.Storage.Internal.NpgsqlExecutionStrategy.ExecuteAsync[TState,TResult](TState state, Func`4 operation, Func`4 verifySucceeded, CancellationToken cancellationToken)
   --- End of inner exception stack trace ---
   at Npgsql.EntityFrameworkCore.PostgreSQL.Storage.Internal.NpgsqlExecutionStrategy.ExecuteAsync[TState,TResult](TState state, Func`4 operation, Func`4 verifySucceeded, CancellationToken cancellationToken)
   at Microsoft.EntityFrameworkCore.Query.Internal.SplitQueryingEnumerable`1.AsyncEnumerator.MoveNextAsync() System.InvalidOperationException: An exception has been raised that is likely due to a transient failure.
 ---> Npgsql.NpgsqlException (0x80004005): Failed to connect to 127.0.0.1:5432
 ---> System.Net.Sockets.SocketException (10061): No connection could be made because the target machine actively refused it.
   at System.Net.Sockets.Socket.AwaitableSocketAsyncEventArgs.ThrowException(SocketError error, CancellationToken cancellationToken)
   at System.Net.Sockets.Socket.AwaitableSocketAsyncEventArgs.System.Threading.Tasks.Sources.IValueTaskSource.GetResult(Int16 token)
   at Npgsql.Internal.NpgsqlConnector.ConnectAsync(NpgsqlTimeout timeout, CancellationToken cancellationToken)
   at Npgsql.Internal.NpgsqlConnector.ConnectAsync(NpgsqlTimeout timeout, CancellationToken cancellationToken)
   at Npgsql.Internal.NpgsqlConnector.RawOpen(NpgsqlTimeout timeout, Boolean async, CancellationToken cancellationToken)
   at Npgsql.Internal.NpgsqlConnector.<Open>g__OpenCore|209_0(NpgsqlConnector conn, String username, SslMode sslMode, GssEncryptionMode gssEncMode, NpgsqlTimeout timeout, Boolean async, CancellationToken cancellationToken)
   at Npgsql.Internal.NpgsqlConnector.Open(NpgsqlTimeout timeout, Boolean async, CancellationToken cancellationToken)
   at Npgsql.PoolingDataSource.OpenNewConnector(NpgsqlConnection conn, NpgsqlTimeout timeout, Boolean async, CancellationToken cancellationToken)
   at Npgsql.PoolingDataSource.<Get>g__RentAsync|33_0(NpgsqlConnection conn, NpgsqlTimeout timeout, Boolean async, CancellationToken cancellationToken)
   at Npgsql.NpgsqlConnection.<Open>g__OpenAsync|42_0(Boolean async, CancellationToken cancellationToken)
   at Microsoft.EntityFrameworkCore.Storage.RelationalConnection.OpenInternalAsync(Boolean errorsExpected, CancellationToken cancellationToken)
   at Microsoft.EntityFrameworkCore.Storage.RelationalConnection.OpenInternalAsync(Boolean errorsExpected, CancellationToken cancellationToken)
   at Microsoft.EntityFrameworkCore.Storage.RelationalConnection.OpenAsync(CancellationToken cancellationToken, Boolean errorsExpected)
   at Microsoft.EntityFrameworkCore.Storage.RelationalCommand.ExecuteReaderAsync(RelationalCommandParameterObject parameterObject, CancellationToken cancellationToken)
   at Microsoft.EntityFrameworkCore.Query.Internal.SplitQueryingEnumerable`1.AsyncEnumerator.InitializeReaderAsync(AsyncEnumerator enumerator, CancellationToken cancellationToken)
   at Npgsql.EntityFrameworkCore.PostgreSQL.Storage.Internal.NpgsqlExecutionStrategy.ExecuteAsync[TState,TResult](TState state, Func`4 operation, Func`4 verifySucceeded, CancellationToken cancellationToken)
   --- End of inner exception stack trace ---
   at Npgsql.EntityFrameworkCore.PostgreSQL.Storage.Internal.NpgsqlExecutionStrategy.ExecuteAsync[TState,TResult](TState state, Func`4 operation, Func`4 verifySucceeded, CancellationToken cancellationToken)
   at Microsoft.EntityFrameworkCore.Query.Internal.SplitQueryingEnumerable`1.AsyncEnumerator.MoveNextAsync()
2026-05-20 15:16:48.9663 [INFO] TapHoa.Api.Program - Starting TapHoa API 
2026-05-20 15:17:39.3606 [WARN] LuckyPennySoftware.MediatR.License - You do not have a valid license key for the Lucky Penny software MediatR. This is allowed for development and testing scenarios. If you are running in production you are required to have a licensed version. Please visit https://luckypennysoftware.com to obtain a valid license. 
2026-05-20 15:17:39.3606 [WARN] LuckyPennySoftware.MediatR.License - You do not have a valid license key for the Lucky Penny software MediatR. This is allowed for development and testing scenarios. If you are running in production you are required to have a licensed version. Please visit https://luckypennysoftware.com to obtain a valid license. 
2026-05-20 15:17:39.3606 [WARN] LuckyPennySoftware.MediatR.License - You do not have a valid license key for the Lucky Penny software MediatR. This is allowed for development and testing scenarios. If you are running in production you are required to have a licensed version. Please visit https://luckypennysoftware.com to obtain a valid license. 
2026-05-20 15:38:31.7205 [ERROR] TapHoa.Api.Middleware.ExceptionHandlingMiddleware - Unhandled exception for POST /api/v1/auth/register Microsoft.AspNetCore.Http.BadHttpRequestException: Failed to read parameter "RegisterCommand command" from the request body as JSON.
 ---> System.Text.Json.JsonException: The JSON value could not be converted to TapHoa.Application.Auth.V1.Register.RegisterCommand. Path: $.fullName | LineNumber: 2 | BytePositionInLine: 35.
 ---> System.InvalidOperationException: Cannot transcode invalid UTF-8 JSON text to UTF-16 string.
 ---> System.Text.DecoderFallbackException: Unable to translate bytes [EC] at index 7 from specified code page to Unicode.
   at System.Text.DecoderExceptionFallbackBuffer.Throw(Byte[] bytesUnknown, Int32 index)
   at System.Text.DecoderExceptionFallbackBuffer.Fallback(Byte[] bytesUnknown, Int32 index)
   at System.Text.Encoding.GetCharCountWithFallback(ReadOnlySpan`1 bytes, Int32 originalBytesLength, DecoderNLS decoder)
   at System.Text.Encoding.GetCharCountWithFallback(Byte* pBytesOriginal, Int32 originalByteCount, Int32 bytesConsumedSoFar)
   at System.Text.Json.JsonReaderHelper.TranscodeHelper(ReadOnlySpan`1 utf8Unescaped)
   --- End of inner exception stack trace ---
   at System.Text.Json.JsonReaderHelper.TranscodeHelper(ReadOnlySpan`1 utf8Unescaped)
   at System.Text.Json.Utf8JsonReader.GetString()
   at System.Text.Json.Serialization.JsonConverter`1.TryRead(Utf8JsonReader& reader, Type typeToConvert, JsonSerializerOptions options, ReadStack& state, T& value, Boolean& isPopulatedValue)
   at System.Text.Json.Serialization.Converters.SmallObjectWithParameterizedConstructorConverter`5.TryRead[TArg](ReadStack& state, Utf8JsonReader& reader, JsonParameterInfo jsonParameterInfo, TArg& arg)
   at System.Text.Json.Serialization.Converters.SmallObjectWithParameterizedConstructorConverter`5.ReadAndCacheConstructorArgument(ReadStack& state, Utf8JsonReader& reader, JsonParameterInfo jsonParameterInfo)
   at System.Text.Json.Serialization.Converters.ObjectWithParameterizedConstructorConverter`1.ReadConstructorArgumentsWithContinuation(ReadStack& state, Utf8JsonReader& reader, JsonSerializerOptions options)
   at System.Text.Json.Serialization.Converters.ObjectWithParameterizedConstructorConverter`1.OnTryRead(Utf8JsonReader& reader, Type typeToConvert, JsonSerializerOptions options, ReadStack& state, T& value)
   at System.Text.Json.Serialization.JsonConverter`1.TryRead(Utf8JsonReader& reader, Type typeToConvert, JsonSerializerOptions options, ReadStack& state, T& value, Boolean& isPopulatedValue)
   at System.Text.Json.Serialization.JsonConverter`1.ReadCore(Utf8JsonReader& reader, T& value, JsonSerializerOptions options, ReadStack& state)
   --- End of inner exception stack trace ---
   at System.Text.Json.ThrowHelper.ReThrowWithPath(ReadStack& state, Utf8JsonReader& reader, Exception ex)
   at System.Text.Json.Serialization.JsonConverter`1.ReadCore(Utf8JsonReader& reader, T& value, JsonSerializerOptions options, ReadStack& state)
   at System.Text.Json.Serialization.Metadata.JsonTypeInfo`1.ContinueDeserialize[TReadBufferState,TStream](TReadBufferState& bufferState, JsonReaderState& jsonReaderState, ReadStack& readStack, T& value)
   at System.Text.Json.Serialization.Metadata.JsonTypeInfo`1.DeserializeAsync[TReadBufferState,TStream](TStream utf8Json, TReadBufferState bufferState, CancellationToken cancellationToken)
   at System.Text.Json.Serialization.Metadata.JsonTypeInfo`1.DeserializeAsObjectAsync(PipeReader utf8Json, CancellationToken cancellationToken)
   at Microsoft.AspNetCore.Http.HttpRequestJsonExtensions.ReadFromJsonAsync(HttpRequest request, JsonTypeInfo jsonTypeInfo, CancellationToken cancellationToken)
   at Microsoft.AspNetCore.Http.HttpRequestJsonExtensions.ReadFromJsonAsync(HttpRequest request, JsonTypeInfo jsonTypeInfo, CancellationToken cancellationToken)
   at Microsoft.AspNetCore.Http.RequestDelegateFactory.<HandleRequestBodyAndCompileRequestDelegateForJson>g__TryReadBodyAsync|102_0(HttpContext httpContext, Type bodyType, String parameterTypeName, String parameterName, Boolean allowEmptyRequestBody, Boolean throwOnBadRequest, JsonTypeInfo jsonTypeInfo)
   --- End of inner exception stack trace ---
   at Microsoft.AspNetCore.Http.RequestDelegateFactory.Log.InvalidJsonRequestBody(HttpContext httpContext, String parameterTypeName, String parameterName, Exception exception, Boolean shouldThrow)
   at Microsoft.AspNetCore.Http.RequestDelegateFactory.<HandleRequestBodyAndCompileRequestDelegateForJson>g__TryReadBodyAsync|102_0(HttpContext httpContext, Type bodyType, String parameterTypeName, String parameterName, Boolean allowEmptyRequestBody, Boolean throwOnBadRequest, JsonTypeInfo jsonTypeInfo)
   at Microsoft.AspNetCore.Http.RequestDelegateFactory.<>c__DisplayClass102_2.<<HandleRequestBodyAndCompileRequestDelegateForJson>b__2>d.MoveNext()
--- End of stack trace from previous location ---
   at Microsoft.AspNetCore.Authorization.AuthorizationMiddleware.Invoke(HttpContext context)
   at Microsoft.AspNetCore.Authentication.AuthenticationMiddleware.Invoke(HttpContext context)
   at TapHoa.Api.Middleware.ExceptionHandlingMiddleware.InvokeAsync(HttpContext context) in C:\code\dotnet\TapHoa2\src\Presentation\TapHoa.Api\Middleware\ExceptionHandlingMiddleware.cs:line 12
2026-05-20 15:38:31.7901 [ERROR] TapHoa.Api.Middleware.ExceptionHandlingMiddleware - Unhandled exception for POST /api/v1/auth/register Microsoft.AspNetCore.Http.BadHttpRequestException: Failed to read parameter "RegisterCommand command" from the request body as JSON.
 ---> System.Text.Json.JsonException: The JSON value could not be converted to TapHoa.Application.Auth.V1.Register.RegisterCommand. Path: $.fullName | LineNumber: 2 | BytePositionInLine: 31.
 ---> System.InvalidOperationException: Cannot transcode invalid UTF-8 JSON text to UTF-16 string.
 ---> System.Text.DecoderFallbackException: Unable to translate bytes [E0] at index 7 from specified code page to Unicode.
   at System.Text.DecoderExceptionFallbackBuffer.Throw(Byte[] bytesUnknown, Int32 index)
   at System.Text.DecoderExceptionFallbackBuffer.Fallback(Byte[] bytesUnknown, Int32 index)
   at System.Text.Encoding.GetCharCountWithFallback(ReadOnlySpan`1 bytes, Int32 originalBytesLength, DecoderNLS decoder)
   at System.Text.Encoding.GetCharCountWithFallback(Byte* pBytesOriginal, Int32 originalByteCount, Int32 bytesConsumedSoFar)
   at System.Text.Json.JsonReaderHelper.TranscodeHelper(ReadOnlySpan`1 utf8Unescaped)
   --- End of inner exception stack trace ---
   at System.Text.Json.JsonReaderHelper.TranscodeHelper(ReadOnlySpan`1 utf8Unescaped)
   at System.Text.Json.Utf8JsonReader.GetString()
   at System.Text.Json.Serialization.JsonConverter`1.TryRead(Utf8JsonReader& reader, Type typeToConvert, JsonSerializerOptions options, ReadStack& state, T& value, Boolean& isPopulatedValue)
   at System.Text.Json.Serialization.Converters.SmallObjectWithParameterizedConstructorConverter`5.TryRead[TArg](ReadStack& state, Utf8JsonReader& reader, JsonParameterInfo jsonParameterInfo, TArg& arg)
   at System.Text.Json.Serialization.Converters.SmallObjectWithParameterizedConstructorConverter`5.ReadAndCacheConstructorArgument(ReadStack& state, Utf8JsonReader& reader, JsonParameterInfo jsonParameterInfo)
   at System.Text.Json.Serialization.Converters.ObjectWithParameterizedConstructorConverter`1.ReadConstructorArgumentsWithContinuation(ReadStack& state, Utf8JsonReader& reader, JsonSerializerOptions options)
   at System.Text.Json.Serialization.Converters.ObjectWithParameterizedConstructorConverter`1.OnTryRead(Utf8JsonReader& reader, Type typeToConvert, JsonSerializerOptions options, ReadStack& state, T& value)
   at System.Text.Json.Serialization.JsonConverter`1.TryRead(Utf8JsonReader& reader, Type typeToConvert, JsonSerializerOptions options, ReadStack& state, T& value, Boolean& isPopulatedValue)
   at System.Text.Json.Serialization.JsonConverter`1.ReadCore(Utf8JsonReader& reader, T& value, JsonSerializerOptions options, ReadStack& state)
   --- End of inner exception stack trace ---
   at System.Text.Json.ThrowHelper.ReThrowWithPath(ReadStack& state, Utf8JsonReader& reader, Exception ex)
   at System.Text.Json.Serialization.JsonConverter`1.ReadCore(Utf8JsonReader& reader, T& value, JsonSerializerOptions options, ReadStack& state)
   at System.Text.Json.Serialization.Metadata.JsonTypeInfo`1.ContinueDeserialize[TReadBufferState,TStream](TReadBufferState& bufferState, JsonReaderState& jsonReaderState, ReadStack& readStack, T& value)
   at System.Text.Json.Serialization.Metadata.JsonTypeInfo`1.DeserializeAsync[TReadBufferState,TStream](TStream utf8Json, TReadBufferState bufferState, CancellationToken cancellationToken)
   at System.Text.Json.Serialization.Metadata.JsonTypeInfo`1.DeserializeAsObjectAsync(PipeReader utf8Json, CancellationToken cancellationToken)
   at Microsoft.AspNetCore.Http.HttpRequestJsonExtensions.ReadFromJsonAsync(HttpRequest request, JsonTypeInfo jsonTypeInfo, CancellationToken cancellationToken)
   at Microsoft.AspNetCore.Http.HttpRequestJsonExtensions.ReadFromJsonAsync(HttpRequest request, JsonTypeInfo jsonTypeInfo, CancellationToken cancellationToken)
   at Microsoft.AspNetCore.Http.RequestDelegateFactory.<HandleRequestBodyAndCompileRequestDelegateForJson>g__TryReadBodyAsync|102_0(HttpContext httpContext, Type bodyType, String parameterTypeName, String parameterName, Boolean allowEmptyRequestBody, Boolean throwOnBadRequest, JsonTypeInfo jsonTypeInfo)
   --- End of inner exception stack trace ---
   at Microsoft.AspNetCore.Http.RequestDelegateFactory.Log.InvalidJsonRequestBody(HttpContext httpContext, String parameterTypeName, String parameterName, Exception exception, Boolean shouldThrow)
   at Microsoft.AspNetCore.Http.RequestDelegateFactory.<HandleRequestBodyAndCompileRequestDelegateForJson>g__TryReadBodyAsync|102_0(HttpContext httpContext, Type bodyType, String parameterTypeName, String parameterName, Boolean allowEmptyRequestBody, Boolean throwOnBadRequest, JsonTypeInfo jsonTypeInfo)
   at Microsoft.AspNetCore.Http.RequestDelegateFactory.<>c__DisplayClass102_2.<<HandleRequestBodyAndCompileRequestDelegateForJson>b__2>d.MoveNext()
--- End of stack trace from previous location ---
   at Microsoft.AspNetCore.Authorization.AuthorizationMiddleware.Invoke(HttpContext context)
   at Microsoft.AspNetCore.Authentication.AuthenticationMiddleware.Invoke(HttpContext context)
   at TapHoa.Api.Middleware.ExceptionHandlingMiddleware.InvokeAsync(HttpContext context) in C:\code\dotnet\TapHoa2\src\Presentation\TapHoa.Api\Middleware\ExceptionHandlingMiddleware.cs:line 12
2026-05-20 15:38:45.1932 [ERROR] TapHoa.Api.Middleware.ExceptionHandlingMiddleware - Unhandled exception for POST /api/v1/auth/register Microsoft.AspNetCore.Http.BadHttpRequestException: Failed to read parameter "RegisterCommand command" from the request body as JSON.
 ---> System.Text.Json.JsonException: The JSON value could not be converted to TapHoa.Application.Auth.V1.Register.RegisterCommand. Path: $.fullName | LineNumber: 2 | BytePositionInLine: 35.
 ---> System.InvalidOperationException: Cannot transcode invalid UTF-8 JSON text to UTF-16 string.
 ---> System.Text.DecoderFallbackException: Unable to translate bytes [EC] at index 7 from specified code page to Unicode.
   at System.Text.DecoderExceptionFallbackBuffer.Throw(Byte[] bytesUnknown, Int32 index)
   at System.Text.DecoderExceptionFallbackBuffer.Fallback(Byte[] bytesUnknown, Int32 index)
   at System.Text.Encoding.GetCharCountWithFallback(ReadOnlySpan`1 bytes, Int32 originalBytesLength, DecoderNLS decoder)
   at System.Text.Encoding.GetCharCountWithFallback(Byte* pBytesOriginal, Int32 originalByteCount, Int32 bytesConsumedSoFar)
   at System.Text.Json.JsonReaderHelper.TranscodeHelper(ReadOnlySpan`1 utf8Unescaped)
   --- End of inner exception stack trace ---
   at System.Text.Json.JsonReaderHelper.TranscodeHelper(ReadOnlySpan`1 utf8Unescaped)
   at System.Text.Json.Utf8JsonReader.GetString()
   at System.Text.Json.Serialization.JsonConverter`1.TryRead(Utf8JsonReader& reader, Type typeToConvert, JsonSerializerOptions options, ReadStack& state, T& value, Boolean& isPopulatedValue)
   at System.Text.Json.Serialization.Converters.SmallObjectWithParameterizedConstructorConverter`5.TryRead[TArg](ReadStack& state, Utf8JsonReader& reader, JsonParameterInfo jsonParameterInfo, TArg& arg)
   at System.Text.Json.Serialization.Converters.SmallObjectWithParameterizedConstructorConverter`5.ReadAndCacheConstructorArgument(ReadStack& state, Utf8JsonReader& reader, JsonParameterInfo jsonParameterInfo)
   at System.Text.Json.Serialization.Converters.ObjectWithParameterizedConstructorConverter`1.ReadConstructorArgumentsWithContinuation(ReadStack& state, Utf8JsonReader& reader, JsonSerializerOptions options)
   at System.Text.Json.Serialization.Converters.ObjectWithParameterizedConstructorConverter`1.OnTryRead(Utf8JsonReader& reader, Type typeToConvert, JsonSerializerOptions options, ReadStack& state, T& value)
   at System.Text.Json.Serialization.JsonConverter`1.TryRead(Utf8JsonReader& reader, Type typeToConvert, JsonSerializerOptions options, ReadStack& state, T& value, Boolean& isPopulatedValue)
   at System.Text.Json.Serialization.JsonConverter`1.ReadCore(Utf8JsonReader& reader, T& value, JsonSerializerOptions options, ReadStack& state)
   --- End of inner exception stack trace ---
   at System.Text.Json.ThrowHelper.ReThrowWithPath(ReadStack& state, Utf8JsonReader& reader, Exception ex)
   at System.Text.Json.Serialization.JsonConverter`1.ReadCore(Utf8JsonReader& reader, T& value, JsonSerializerOptions options, ReadStack& state)
   at System.Text.Json.Serialization.Metadata.JsonTypeInfo`1.ContinueDeserialize[TReadBufferState,TStream](TReadBufferState& bufferState, JsonReaderState& jsonReaderState, ReadStack& readStack, T& value)
   at System.Text.Json.Serialization.Metadata.JsonTypeInfo`1.DeserializeAsync[TReadBufferState,TStream](TStream utf8Json, TReadBufferState bufferState, CancellationToken cancellationToken)
   at System.Text.Json.Serialization.Metadata.JsonTypeInfo`1.DeserializeAsObjectAsync(PipeReader utf8Json, CancellationToken cancellationToken)
   at Microsoft.AspNetCore.Http.HttpRequestJsonExtensions.ReadFromJsonAsync(HttpRequest request, JsonTypeInfo jsonTypeInfo, CancellationToken cancellationToken)
   at Microsoft.AspNetCore.Http.HttpRequestJsonExtensions.ReadFromJsonAsync(HttpRequest request, JsonTypeInfo jsonTypeInfo, CancellationToken cancellationToken)
   at Microsoft.AspNetCore.Http.RequestDelegateFactory.<HandleRequestBodyAndCompileRequestDelegateForJson>g__TryReadBodyAsync|102_0(HttpContext httpContext, Type bodyType, String parameterTypeName, String parameterName, Boolean allowEmptyRequestBody, Boolean throwOnBadRequest, JsonTypeInfo jsonTypeInfo)
   --- End of inner exception stack trace ---
   at Microsoft.AspNetCore.Http.RequestDelegateFactory.Log.InvalidJsonRequestBody(HttpContext httpContext, String parameterTypeName, String parameterName, Exception exception, Boolean shouldThrow)
   at Microsoft.AspNetCore.Http.RequestDelegateFactory.<HandleRequestBodyAndCompileRequestDelegateForJson>g__TryReadBodyAsync|102_0(HttpContext httpContext, Type bodyType, String parameterTypeName, String parameterName, Boolean allowEmptyRequestBody, Boolean throwOnBadRequest, JsonTypeInfo jsonTypeInfo)
   at Microsoft.AspNetCore.Http.RequestDelegateFactory.<>c__DisplayClass102_2.<<HandleRequestBodyAndCompileRequestDelegateForJson>b__2>d.MoveNext()
--- End of stack trace from previous location ---
   at Microsoft.AspNetCore.Authorization.AuthorizationMiddleware.Invoke(HttpContext context)
   at Microsoft.AspNetCore.Authentication.AuthenticationMiddleware.Invoke(HttpContext context)
   at TapHoa.Api.Middleware.ExceptionHandlingMiddleware.InvokeAsync(HttpContext context) in C:\code\dotnet\TapHoa2\src\Presentation\TapHoa.Api\Middleware\ExceptionHandlingMiddleware.cs:line 12
2026-05-20 15:38:45.2136 [ERROR] TapHoa.Api.Middleware.ExceptionHandlingMiddleware - Unhandled exception for POST /api/v1/auth/register Microsoft.AspNetCore.Http.BadHttpRequestException: Failed to read parameter "RegisterCommand command" from the request body as JSON.
 ---> System.Text.Json.JsonException: The JSON value could not be converted to TapHoa.Application.Auth.V1.Register.RegisterCommand. Path: $.fullName | LineNumber: 2 | BytePositionInLine: 31.
 ---> System.InvalidOperationException: Cannot transcode invalid UTF-8 JSON text to UTF-16 string.
 ---> System.Text.DecoderFallbackException: Unable to translate bytes [E0] at index 7 from specified code page to Unicode.
   at System.Text.DecoderExceptionFallbackBuffer.Throw(Byte[] bytesUnknown, Int32 index)
   at System.Text.DecoderExceptionFallbackBuffer.Fallback(Byte[] bytesUnknown, Int32 index)
   at System.Text.Encoding.GetCharCountWithFallback(ReadOnlySpan`1 bytes, Int32 originalBytesLength, DecoderNLS decoder)
   at System.Text.Encoding.GetCharCountWithFallback(Byte* pBytesOriginal, Int32 originalByteCount, Int32 bytesConsumedSoFar)
   at System.Text.Json.JsonReaderHelper.TranscodeHelper(ReadOnlySpan`1 utf8Unescaped)
   --- End of inner exception stack trace ---
   at System.Text.Json.JsonReaderHelper.TranscodeHelper(ReadOnlySpan`1 utf8Unescaped)
   at System.Text.Json.Utf8JsonReader.GetString()
   at System.Text.Json.Serialization.JsonConverter`1.TryRead(Utf8JsonReader& reader, Type typeToConvert, JsonSerializerOptions options, ReadStack& state, T& value, Boolean& isPopulatedValue)
   at System.Text.Json.Serialization.Converters.SmallObjectWithParameterizedConstructorConverter`5.TryRead[TArg](ReadStack& state, Utf8JsonReader& reader, JsonParameterInfo jsonParameterInfo, TArg& arg)
   at System.Text.Json.Serialization.Converters.SmallObjectWithParameterizedConstructorConverter`5.ReadAndCacheConstructorArgument(ReadStack& state, Utf8JsonReader& reader, JsonParameterInfo jsonParameterInfo)
   at System.Text.Json.Serialization.Converters.ObjectWithParameterizedConstructorConverter`1.ReadConstructorArgumentsWithContinuation(ReadStack& state, Utf8JsonReader& reader, JsonSerializerOptions options)
   at System.Text.Json.Serialization.Converters.ObjectWithParameterizedConstructorConverter`1.OnTryRead(Utf8JsonReader& reader, Type typeToConvert, JsonSerializerOptions options, ReadStack& state, T& value)
   at System.Text.Json.Serialization.JsonConverter`1.TryRead(Utf8JsonReader& reader, Type typeToConvert, JsonSerializerOptions options, ReadStack& state, T& value, Boolean& isPopulatedValue)
   at System.Text.Json.Serialization.JsonConverter`1.ReadCore(Utf8JsonReader& reader, T& value, JsonSerializerOptions options, ReadStack& state)
   --- End of inner exception stack trace ---
   at System.Text.Json.ThrowHelper.ReThrowWithPath(ReadStack& state, Utf8JsonReader& reader, Exception ex)
   at System.Text.Json.Serialization.JsonConverter`1.ReadCore(Utf8JsonReader& reader, T& value, JsonSerializerOptions options, ReadStack& state)
   at System.Text.Json.Serialization.Metadata.JsonTypeInfo`1.ContinueDeserialize[TReadBufferState,TStream](TReadBufferState& bufferState, JsonReaderState& jsonReaderState, ReadStack& readStack, T& value)
   at System.Text.Json.Serialization.Metadata.JsonTypeInfo`1.DeserializeAsync[TReadBufferState,TStream](TStream utf8Json, TReadBufferState bufferState, CancellationToken cancellationToken)
   at System.Text.Json.Serialization.Metadata.JsonTypeInfo`1.DeserializeAsObjectAsync(PipeReader utf8Json, CancellationToken cancellationToken)
   at Microsoft.AspNetCore.Http.HttpRequestJsonExtensions.ReadFromJsonAsync(HttpRequest request, JsonTypeInfo jsonTypeInfo, CancellationToken cancellationToken)
   at Microsoft.AspNetCore.Http.HttpRequestJsonExtensions.ReadFromJsonAsync(HttpRequest request, JsonTypeInfo jsonTypeInfo, CancellationToken cancellationToken)
   at Microsoft.AspNetCore.Http.RequestDelegateFactory.<HandleRequestBodyAndCompileRequestDelegateForJson>g__TryReadBodyAsync|102_0(HttpContext httpContext, Type bodyType, String parameterTypeName, String parameterName, Boolean allowEmptyRequestBody, Boolean throwOnBadRequest, JsonTypeInfo jsonTypeInfo)
   --- End of inner exception stack trace ---
   at Microsoft.AspNetCore.Http.RequestDelegateFactory.Log.InvalidJsonRequestBody(HttpContext httpContext, String parameterTypeName, String parameterName, Exception exception, Boolean shouldThrow)
   at Microsoft.AspNetCore.Http.RequestDelegateFactory.<HandleRequestBodyAndCompileRequestDelegateForJson>g__TryReadBodyAsync|102_0(HttpContext httpContext, Type bodyType, String parameterTypeName, String parameterName, Boolean allowEmptyRequestBody, Boolean throwOnBadRequest, JsonTypeInfo jsonTypeInfo)
   at Microsoft.AspNetCore.Http.RequestDelegateFactory.<>c__DisplayClass102_2.<<HandleRequestBodyAndCompileRequestDelegateForJson>b__2>d.MoveNext()
--- End of stack trace from previous location ---
   at Microsoft.AspNetCore.Authorization.AuthorizationMiddleware.Invoke(HttpContext context)
   at Microsoft.AspNetCore.Authentication.AuthenticationMiddleware.Invoke(HttpContext context)
   at TapHoa.Api.Middleware.ExceptionHandlingMiddleware.InvokeAsync(HttpContext context) in C:\code\dotnet\TapHoa2\src\Presentation\TapHoa.Api\Middleware\ExceptionHandlingMiddleware.cs:line 12
